Before initialization 
 In Detector Block 0 (Line numbers are specified within the block)
 In Detector Block 1 (Line numbers are specified within the block)
 In Detector Block 0 (Line numbers are specified within the block)
 In Detector Block 1 (Line numbers are specified within the block)
 In Detector Block 0 (Line numbers are specified within the block)
 In Detector Block 1 (Line numbers are specified within the block)
 In Detector Block 0 (Line numbers are specified within the block)
Before reading experimental data 
After reading experimental data 
Created Triangular mic 
WARNING -- QMax is set by Cubic method still!!!!! 
Created Triangular mic 
Num Elements in Queue 4
[ 1 1 0.94697 ]
Normal Reconstruction 0.937394 sec, evals=18010
Num Cliques 4491 MaxRange 0.104917 MaxRangeCliqueID: 4031 MinCostCliqueID 4031 0.865672 | -0.5 -0.5 0.5 | 6.36241e+28 9.80909e-45 -0.5
 || Num candiates 8151
Num Cliques 2035 MaxRange 0.0972677 MaxRangeCliqueID: 12 MinCostCliqueID 0 0.590909 | -0.5 -0.5 0.5 | 6.36241e+28 9.80909e-45 -0.5
 || Num candiates 2525
Num Cliques 631 MaxRange 0.047065 MaxRangeCliqueID: 35 MinCostCliqueID 0 0.298507 | -0.5 -0.5 0.5 | 6.36241e+28 9.80909e-45 -0.5
 || Num candiates 691
Num Cliques 172 MaxRange 0.150117 MaxRangeCliqueID: 25 MinCostCliqueID 0 0.106061 | -0.5 -0.5 0.5 | 6.36241e+28 9.80909e-45 -0.5
 || Num candiates 195
 |  Before final optimization 
 nLocalOptCandidates 30
  After Final Optimization 
VM 0.674338042736 0.453170031309 0.583013653755 -0.687612891197 0.67317712307 0.272069007158 -0.269177824259 -0.584353983402 0.765554606915 cost 0.0530303120613
VT run radius_deg 0.0475190579891 steps 10 cost 0.0530303120613 gmin 0.0530303120613 var 0.00118311482947 ext 1 total 10 max 210 start_euler 115.016571045 40.0436439514 204.732757568
VM 0.67448079586 0.448988467455 0.586075723171 -0.686115264893 0.674319505692 0.273019343615 -0.272619664669 -0.586261570454 0.762873530388 cost 0.518965065479
VT run radius_deg 0.0950381159782 steps 10 cost 0.308074533939 gmin 0.0530303120613 var 0.0157965589315 ext 1 total 20 max 220 start_euler 114.978126526 40.2818222046 204.939071655
VM 0.671027302742 0.453687846661 0.586420834064 -0.691337347031 0.668657541275 0.273770242929 -0.267908364534 -0.589121818542 0.762338995934 cost 0.593069672585
VT run radius_deg 0.190076231956 steps 10 cost 0.538670957088 gmin 0.0530303120613 var 0.00410601776093 ext 1 total 30 max 230 start_euler 115.025489807 40.3291664124 204.454086304
VM 0.684941709042 0.456211805344 0.568089365959 -0.685559809208 0.667550861835 0.290489524603 -0.246703699231 -0.588427424431 0.769993960857 cost 0.959401071072
VT run radius_deg 0.329218059778 steps 10 cost 0.898484826088 gmin 0.0530303120613 var 0.000599382328801 ext 1 total 40 max 240 start_euler 117.082687378 39.6466598511 202.746322632
VM 0.671577513218 0.463861018419 0.57776838541 -0.691300690174 0.672877430916 0.263324469328 -0.266621291637 -0.576254308224 0.772556960583 cost 0.881827712059
VT run radius_deg 0.329218059778 steps 10 cost 0.81548511982 gmin 0.0530303120613 var 0.00128353235777 ext 1 total 50 max 250 start_euler 114.501655579 39.4159431458 204.829025269
VM 0.673286378384 0.459247350693 0.579462707043 -0.685846567154 0.680700719357 0.257413119078 -0.276224285364 -0.570735096931 0.773279845715 cost 0.958735704422
VT run radius_deg 0.329218059778 steps 10 cost 0.924242436886 gmin 0.0530303120613 var 0.000465866498416 ext 1 total 60 max 260 start_euler 113.952087402 39.3506660461 205.826049805
VM 0.661968946457 0.452024042606 0.597888886929 -0.694364905357 0.670197725296 0.262093275785 -0.28223118186 -0.588650465012 0.757519841194 cost 0.934965014458
VT run radius_deg 0.329218059778 steps 10 cost 0.815967738628 gmin 0.0530303120613 var 0.00207688403316 ext 1 total 70 max 270 start_euler 113.670928955 40.7539634705 205.615600586
VM 0.683653771877 0.441350758076 0.581228673458 -0.676991224289 0.680979192257 0.279196411371 -0.272581040859 -0.58436024189 0.764344751835 cost 0.877896606922
VT run radius_deg 0.329218059778 steps 10 cost 0.72951734066 gmin 0.0530303120613 var 0.00447512743995 ext 1 total 80 max 280 start_euler 115.657554626 40.1512718201 205.007202148
VM 0.65945982933 0.455323457718 0.5981580019 -0.700313091278 0.661350846291 0.268658041954 -0.273265838623 -0.596066832542 0.755003452301 cost 0.961369633675
VT run radius_deg 0.329218059778 steps 10 cost 0.715354263783 gmin 0.0530303120613 var 0.006716709584 ext 1 total 90 max 290 start_euler 114.186859131 40.9743309021 204.629013062
VM 0.675555288792 0.447333574295 0.586103737354 -0.686437189579 0.671743512154 0.278505206108 -0.26912650466 -0.590468883514 0.760866343975 cost 0.707325339317
VT run radius_deg 0.329218059778 steps 10 cost 0.338999211788 gmin 0.0530303120613 var 0.0216041877866 ext 1 total 100 max 300 start_euler 115.416160583 40.4593696594 204.502746582
VM 0.684492468834 0.452955156565 0.571227967739 -0.675171732903 0.689425110817 0.262367188931 -0.274978250265 -0.56526517868 0.777729034424 cost 0.935634315014
VT run radius_deg 0.329218059778 steps 10 cost 0.873134315014 gmin 0.0530303120613 var 0.000544468290173 ext 1 total 110 max 310 start_euler 114.669502258 38.9468917847 205.941009521
VM 0.688188254833 0.445143610239 0.572925746441 -0.67550945282 0.681254446507 0.282098889351 -0.264733582735 -0.58115375042 0.769530117512 cost 0.962121248245
VT run radius_deg 0.329218059778 steps 10 cost 0.869403004646 gmin 0.0530303120613 var 0.000932261464186 ext 1 total 120 max 320 start_euler 116.21484375 39.6882858276 204.490737915
VM 0.665163457394 0.450839161873 0.595232248306 -0.690120279789 0.675563275814 0.25951641798 -0.285116761923 -0.583402454853 0.760493278503 cost 0.922417581081
VT run radius_deg 0.329218059778 steps 10 cost 0.717646658421 gmin 0.0530303120613 var 0.00511671463028 ext 1 total 130 max 330 start_euler 113.556808472 40.4922943115 206.045394897
VM 0.670835673809 0.442708909512 0.594969034195 -0.684129238129 0.679105699062 0.266051232815 -0.286263465881 -0.58551210165 0.758438467979 cost 0.948717951775
VT run radius_deg 0.329218059778 steps 10 cost 0.606205701828 gmin 0.0530303120613 var 0.0123900407925 ext 1 total 140 max 340 start_euler 114.092666626 40.6732711792 206.054534912
VM 0.683942079544 0.448191821575 0.575627565384 -0.683064758778 0.670525074005 0.289515286684 -0.256214231253 -0.591202378273 0.764744460583 cost 0.913184046745
VT run radius_deg 0.329218059778 steps 10 cost 0.594487071037 gmin 0.0530303120613 var 0.0128426495939 ext 1 total 150 max 350 start_euler 116.700370789 40.115737915 203.430862427
VM 0.666507780552 0.44915997982 0.594997823238 -0.695888161659 0.661129891872 0.28044128418 -0.267407774925 -0.600968122482 0.753213524818 cost 0.973076939583
VT run radius_deg 0.329218059778 steps 10 cost 0.892151534557 gmin 0.0530303120613 var 0.000492455495987 ext 1 total 160 max 360 start_euler 115.235984802 41.1304893494 203.987228394
VM 0.678463220596 0.461444109678 0.571626365185 -0.685468196869 0.677514851093 0.266659855843 -0.264236629009 -0.572750389576 0.775974273682 cost 0.962686538696
VT run radius_deg 0.329218059778 steps 10 cost 0.889083981514 gmin 0.0530303120613 var 0.000864991452545 ext 1 total 170 max 370 start_euler 115.008728027 39.106552124 204.766098022
VM 0.666645765305 0.453826755285 0.591290473938 -0.689401268959 0.677014708519 0.257638394833 -0.283389091492 -0.579389750957 0.764197826385 cost 0.866596698761
VT run radius_deg 0.329218059778 steps 10 cost 0.373723328114 gmin 0.0530303120613 var 0.0393555387855 ext 1 total 180 max 380 start_euler 113.543823242 40.1643257141 206.064025879
VM 0.672250568867 0.439030259848 0.596096813679 -0.680631458759 0.683271944523 0.264349609613 -0.291238605976 -0.583431243896 0.758147895336 cost 0.976923048496
VT run radius_deg 0.329218059778 steps 10 cost 0.927836894989 gmin 0.0530303120613 var 0.000402149977162 ext 1 total 190 max 390 start_euler 113.915725708 40.6988105774 206.527557373
VM 0.689140021801 0.453607171774 0.565089643002 -0.682374954224 0.668638288975 0.295444965363 -0.243824496865 -0.589205801487 0.77031570673 cost 0.998106062412
VT run radius_deg 0.329218059778 steps 10 cost 0.917027413845 gmin 0.0530303120613 var 0.000543570145965 ext 1 total 200 max 400 start_euler 117.601852417 39.6177558899 202.480697632
VM 0.671699285507 0.460085213184 0.580638825893 -0.69155818224 0.670461118221 0.268755763769 -0.265645086765 -0.582068383694 0.768524050713 cost 0.601088047028
VT run radius_deg 0.329218059778 steps 10 cost 0.169439554214 gmin 0.0530303120613 var 0.0285151246935 ext 1 total 210 max 410 start_euler 114.837631226 39.778465271 204.531066895
VM 0.670075416565 0.462881237268 0.580292761326 -0.689265549183 0.678167402744 0.254955798388 -0.275521278381 -0.570815205574 0.773471474648 cost 0.942054450512
VT run radius_deg 0.329218059778 steps 10 cost 0.542283833027 gmin 0.0530303120613 var 0.0225843526423 ext 1 total 220 max 420 start_euler 113.71862793 39.3333473206 205.765701294
VM 0.686196088791 0.44157615304 0.57805287838 -0.670916855335 0.691263973713 0.268374979496 -0.281079083681 -0.571983098984 0.770603656769 cost 0.926690101624
VT run radius_deg 0.329218059778 steps 10 cost 0.774067163467 gmin 0.0530303120613 var 0.00246740784496 ext 1 total 230 max 430 start_euler 114.904212952 39.5918769836 206.170028687
VM 0.681829094887 0.452696859837 0.57460808754 -0.68022787571 0.681302011013 0.270403414965 -0.269070804119 -0.575233161449 0.772468686104 cost 0.852878451347
VT run radius_deg 0.329218059778 steps 10 cost 0.333467900753 gmin 0.0530303120613 var 0.0353912785649 ext 1 total 240 max 440 start_euler 115.201095581 39.4239082336 205.068283081
VM 0.668365359306 0.462597489357 0.582486987114 -0.690286457539 0.677479803562 0.254019826651 -0.277114182711 -0.571860730648 0.772128999233 cost 0.912034988403
VT run radius_deg 0.329218059778 steps 10 cost 0.467093706131 gmin 0.0530303120613 var 0.0226457752287 ext 1 total 250 max 450 start_euler 113.561782837 39.4545440674 205.854049683
VM 0.672416567802 0.455873996019 0.583124876022 -0.69305574894 0.664374053478 0.279788196087 -0.259864717722 -0.592272043228 0.762682259083 cost 0.913646042347
VT run radius_deg 0.329218059778 steps 10 cost 0.695274591446 gmin 0.0530303120613 var 0.00688820844516 ext 1 total 260 max 460 start_euler 115.632080078 40.2987670898 203.689910889
VM 0.679606318474 0.463499367237 0.568597793579 -0.685346841812 0.677577197552 0.26681342721 -0.261600911617 -0.571014523506 0.778143584728 cost 0.955349326134
VT run radius_deg 0.329218059778 steps 10 cost 0.955349326134 gmin 0.0530303120613 var 0.000183999742148 ext 0 total 270 max 460 start_euler 115.13822937 38.9090843201 204.614105225
VM 0.679715812206 0.451582819223 0.577978551388 -0.681347250938 0.68050467968 0.269592016935 -0.271573901176 -0.577049851418 0.770234584808 cost 0.755750656128
VT run radius_deg 0.329218059778 steps 10 cost 0.617201387882 gmin 0.0530303120613 var 0.0081130284816 ext 1 total 280 max 470 start_euler 115.006202698 39.6250457764 205.202835083
VM 0.680748224258 0.461683481932 0.568709075451 -0.684605538845 0.677164196968 0.269748866558 -0.260570704937 -0.572972178459 0.777049481869 cost 0.924626886845
VT run radius_deg 0.329218059778 steps 10 cost 0.924626886845 gmin 0.0530303120613 var 0.000446051068138 ext 1 total 290 max 480 start_euler 115.375808716 39.0087852478 204.454620361
VM 0.668377935886 0.475467085838 0.572015523911 -0.700300872326 0.661436021328 0.268480032682 -0.250698149204 -0.580028951168 0.775059401989 cost 0.950682759285
VT run radius_deg 0.329218059778 steps 10 cost 0.857843160629 gmin 0.0530303120613 var 0.00108861620538 ext 1 total 300 max 490 start_euler 115.143379211 39.1895866394 203.374801636
VM 0.676367282867 0.434734225273 0.594586610794 -0.684672951698 0.668709874153 0.289914757013 -0.271569937468 -0.603186011314 0.749944388866 cost 0.9452496171
VT run radius_deg 0.329218059778 steps 10 cost 0.923076927662 gmin 0.0530303120613 var 0.000282128865365 ext 0 total 310 max 490 start_euler 115.993423462 41.414440155 204.238510132
VM 0.675367295742 0.450072675943 0.584220290184 -0.686279058456 0.673576772213 0.274437636137 -0.270000219345 -0.586284101009 0.763787269592 cost 0.366116881371
VT run radius_deg 0.329218059778 steps 10 cost 0.136363685131 gmin 0.0530303120613 var 0.0266041755676 ext 1 total 320 max 500 start_euler 115.16178894 40.2007789612 204.727401733
VM 0.662367939949 0.462992429733 0.588987767696 -0.692985594273 0.677374243736 0.246851339936 -0.284674704075 -0.571666181087 0.769518136978 cost 0.91268658638
VT run radius_deg 0.329218059778 steps 10 cost 0.820691049099 gmin 0.0530303120613 var 0.00162597442977 ext 1 total 330 max 510 start_euler 112.739097595 39.6893615723 206.472106934
VM 0.666843533516 0.448050200939 0.595458269119 -0.688086867332 0.676997601986 0.261172711849 -0.286105215549 -0.583888113499 0.759749054909 cost 0.944010972977
VT run radius_deg 0.329218059778 steps 10 cost 0.798227787018 gmin 0.0530303120613 var 0.00231968611479 ext 1 total 340 max 520 start_euler 113.682632446 40.5579223633 206.104858398
VM 0.681646227837 0.443140953779 0.582223653793 -0.683828234673 0.668884575367 0.291501134634 -0.260264217854 -0.596841394901 0.758974969387 cost 0.901990056038
VT run radius_deg 0.329218059778 steps 10 cost 0.87895399332 gmin 0.0530303120613 var 0.000774823012762 ext 1 total 350 max 530 start_euler 116.595680237 40.6260871887 203.560546875
VM 0.668343544006 0.448482513428 0.593447685242 -0.689982831478 0.671853899956 0.269326090813 -0.277921974659 -0.589470803738 0.75847452879 cost 0.879293978214
VT run radius_deg 0.329218059778 steps 10 cost 0.134092211723 gmin 0.0530303120613 var 0.0483047254384 ext 1 total 360 max 540 start_euler 114.410102844 40.6701011658 205.242797852
VM 0.665420889854 0.461702287197 0.586554229259 -0.698414742947 0.662452101707 0.270877271891 -0.263499349356 -0.589905321598 0.763269245625 cost 0.854371011257
VT run radius_deg 0.329218059778 steps 10 cost 0.606270670891 gmin 0.0530303120613 var 0.0106570459902 ext 1 total 370 max 550 start_euler 114.788017273 40.2467422485 204.069381714
VM 0.681663513184 0.445079356432 0.580722808838 -0.675711095333 0.687366962433 0.266348809004 -0.280623227358 -0.573960900307 0.769298136234 cost 0.93358206749
VT run radius_deg 0.329218059778 steps 10 cost 0.795584142208 gmin 0.0530303120613 var 0.00232330476865 ext 1 total 380 max 560 start_euler 114.638572693 39.7090950012 206.055114746
VM 0.673416376114 0.447992831469 0.58805835247 -0.682179987431 0.683086812496 0.260812997818 -0.284852445126 -0.576797127724 0.765613675117 cost 0.94538462162
VT run radius_deg 0.329218059778 steps 10 cost 0.812486290932 gmin 0.0530303120613 var 0.00310972030275 ext 1 total 390 max 570 start_euler 113.918022156 40.0383834839 206.282562256
VM 0.689315795898 0.454618245363 0.564061880112 -0.674581408501 0.686687350273 0.270926207304 -0.264165997505 -0.567259132862 0.780021488667 cost 0.969696998596
VT run radius_deg 0.329218059778 steps 10 cost 0.929519057274 gmin 0.0530303120613 var 0.000186311473954 ext 0 total 400 max 570 start_euler 115.655570984 38.7374610901 204.970855713
VT run radius_deg 0.329218059778 steps 10 cost 0.68906712532 gmin 0.0530303120613 var 0.00579882133752 ext 1 total 410 max 580 start_euler 115.276893616 39.8578338623 205.445266724
VT run radius_deg 0.329218059778 steps 10 cost 0.890773415565 gmin 0.0530303120613 var 0.000684744562022 ext 1 total 420 max 590 start_euler 116.333602905 40.9113388062 204.283706665
VT run radius_deg 0.329218059778 steps 10 cost 0.920755326748 gmin 0.0530303120613 var 0.000303028122289 ext 0 total 430 max 590 start_euler 115.910011292 39.366973877 204.257171631
VT run radius_deg 0.329218059778 steps 10 cost 0.816561102867 gmin 0.0530303120613 var 0.00162276695482 ext 1 total 440 max 600 start_euler 114.406799316 40.4599266052 206.436752319
VT run radius_deg 0.329218059778 steps 10 cost 0.83111178875 gmin 0.0530303120613 var 0.00173615198582 ext 1 total 450 max 610 start_euler 115.641036987 40.782283783 204.180679321
VT run radius_deg 0.329218059778 steps 10 cost 0.934474289417 gmin 0.0530303120613 var 0.000433115521446 ext 1 total 460 max 620 start_euler 113.351799011 40.8134841919 206.225631714
VT run radius_deg 0.329218059778 steps 10 cost 0.846966445446 gmin 0.0530303120613 var 0.000897438731045 ext 1 total 470 max 630 start_euler 115.386421204 39.896194458 203.581115723
VT run radius_deg 0.329218059778 steps 10 cost 0.463255941868 gmin 0.0530303120613 var 0.0297205802053 ext 1 total 480 max 640 start_euler 114.549613953 40.7254867554 205.824172974
VT run radius_deg 0.329218059778 steps 10 cost 0.386363625526 gmin 0.0530303120613 var 0.0294314231724 ext 1 total 490 max 650 start_euler 115.768859863 39.4066390991 203.8671875
VT run radius_deg 0.329218059778 steps 10 cost 0.906872451305 gmin 0.0530303120613 var 0.000150328705786 ext 0 total 500 max 650 start_euler 114.511650085 38.9978485107 204.890731812
VT run radius_deg 0.329218059778 steps 10 cost 0.889859557152 gmin 0.0530303120613 var 0.000802133406978 ext 1 total 510 max 660 start_euler 113.831237793 41.1446762085 204.96043396
VT run radius_deg 0.329218059778 steps 10 cost 0.906809508801 gmin 0.0530303120613 var 0.000452125823358 ext 1 total 520 max 670 start_euler 115.858131409 39.3874549866 204.663742065
VT run radius_deg 0.329218059778 steps 10 cost 0.962519943714 gmin 0.0530303120613 var 0.000130153945065 ext 0 total 530 max 670 start_euler 115.207427979 38.8619384766 204.6015625
VT run radius_deg 0.329218059778 steps 10 cost 0.949750244617 gmin 0.0530303120613 var 0.000201268907404 ext 0 total 540 max 670 start_euler 114.125061035 39.6243629456 206.42124939
VT run radius_deg 0.329218059778 steps 10 cost 0.277278363705 gmin 0.0530303120613 var 0.04915689677 ext 1 total 550 max 680 start_euler 115.075500488 39.2335281372 204.768539429
VT run radius_deg 0.329218059778 steps 10 cost 0.618581771851 gmin 0.0530303120613 var 0.0147438989952 ext 1 total 560 max 690 start_euler 114.445671082 39.3650932312 205.511795044
VT run radius_deg 0.329218059778 steps 10 cost 0.925373136997 gmin 0.0530303120613 var 0.000568626797758 ext 1 total 570 max 700 start_euler 113.680931091 39.1384811401 206.105651855
VT run radius_deg 0.329218059778 steps 10 cost 0.845454514027 gmin 0.0530303120613 var 0.00125968095381 ext 1 total 580 max 710 start_euler 114.533256531 39.0446853638 204.036911011
VT run radius_deg 0.329218059778 steps 10 cost 0.93846154213 gmin 0.0530303120613 var 0.000219971014303 ext 0 total 590 max 710 start_euler 113.533149719 38.5729637146 205.626068115
VT run radius_deg 0.329218059778 steps 10 cost 0.901875913143 gmin 0.0530303120613 var 0.000898560625501 ext 1 total 600 max 720 start_euler 116.020957947 39.1456031799 204.188522339
VT run radius_deg 0.329218059778 steps 10 cost 0.463479340076 gmin 0.0530303120613 var 0.021916564554 ext 1 total 610 max 730 start_euler 114.507049561 40.3895721436 205.726318359
VT run radius_deg 0.329218059778 steps 10 cost 0.759187936783 gmin 0.0530303120613 var 0.00457183690742 ext 1 total 620 max 740 start_euler 115.595985413 41.0291595459 203.955749512
VT run radius_deg 0.329218059778 steps 10 cost 0.477272808552 gmin 0.0530303120613 var 0.0198200140148 ext 1 total 630 max 750 start_euler 115.826805115 40.3132858276 204.015960693
VT run radius_deg 0.329218059778 steps 10 cost 0.550773262978 gmin 0.0530303120613 var 0.0208778809756 ext 1 total 640 max 760 start_euler 113.842033386 39.2067756653 206.174942017
VT run radius_deg 0.329218059778 steps 10 cost 0.663056373596 gmin 0.0530303120613 var 0.00553857488558 ext 1 total 650 max 770 start_euler 114.865089417 39.2507781982 204.476089478
VT run radius_deg 0.329218059778 steps 10 cost 0.880596995354 gmin 0.0530303120613 var 0.00139346974902 ext 1 total 660 max 780 start_euler 115.607307434 41.1913909912 204.853713989
VT run radius_deg 0.329218059778 steps 10 cost 0.235535264015 gmin 0.0530303120613 var 0.0474118776619 ext 1 total 670 max 790 start_euler 115.258407593 40.6901016235 204.669937134
VT run radius_deg 0.329218059778 steps 10 cost 0.791747152805 gmin 0.0530303120613 var 0.00232019810937 ext 1 total 680 max 800 start_euler 115.671310425 41.1756629944 204.235931396
VT run radius_deg 0.329218059778 steps 10 cost 0.597472667694 gmin 0.0530303120613 var 0.015200602822 ext 1 total 690 max 810 start_euler 113.840873718 39.4755935669 205.969818115
VT run radius_deg 0.329218059778 steps 10 cost 0.594924986362 gmin 0.0530303120613 var 0.0170352179557 ext 1 total 700 max 820 start_euler 114.277702332 39.3765258789 206.154800415
VT run radius_deg 0.329218059778 steps 10 cost 0.961940288544 gmin 0.0530303120613 var 0.000202014765819 ext 0 total 710 max 820 start_euler 115.333885193 41.4696502686 203.966110229
VT run radius_deg 0.329218059778 steps 10 cost 0.879331409931 gmin 0.0530303120613 var 0.000791921862401 ext 1 total 720 max 830 start_euler 113.7759552 39.2560386658 205.747909546
VT run radius_deg 0.329218059778 steps 10 cost 0.651893973351 gmin 0.0530303120613 var 0.0100143318996 ext 1 total 730 max 840 start_euler 115.614494324 40.6090202332 203.311599731
VT run radius_deg 0.329218059778 steps 10 cost 0.902828335762 gmin 0.0530303120613 var 0.000706068996806 ext 1 total 740 max 850 start_euler 113.160797119 40.2553138733 206.882949829
VT run radius_deg 0.329218059778 steps 10 cost 0.946734964848 gmin 0.0530303120613 var 0.000239937289734 ext 0 total 750 max 850 start_euler 113.727760315 38.8666267395 205.106018066
VT run radius_deg 0.329218059778 steps 10 cost 0.92868989706 gmin 0.0530303120613 var 0.000115238522994 ext 0 total 760 max 850 start_euler 116.359863281 40.144744873 204.186477661
VT run radius_deg 0.329218059778 steps 10 cost 0.68892788887 gmin 0.0530303120613 var 0.00553123699501 ext 1 total 770 max 860 start_euler 114.672080994 39.3347091675 205.462524414
VT run radius_deg 0.329218059778 steps 10 cost 0.608670055866 gmin 0.0530303120613 var 0.00825978815556 ext 1 total 780 max 870 start_euler 113.802078247 40.043094635 205.756607056
VT run radius_deg 0.329218059778 steps 10 cost 0.612320542336 gmin 0.0530303120613 var 0.0140816215426 ext 1 total 790 max 880 start_euler 115.450759888 40.369392395 203.116699219
VT run radius_deg 0.329218059778 steps 10 cost 0.886218547821 gmin 0.0530303120613 var 0.000986907165498 ext 1 total 800 max 890 start_euler 114.915550232 40.9386367798 205.22315979
VT run radius_deg 0.329218059778 steps 10 cost 0.805783212185 gmin 0.0530303120613 var 0.00175478612073 ext 1 total 810 max 900 start_euler 114.139907837 40.322517395 206.150512695
VT run radius_deg 0.329218059778 steps 10 cost 0.222268402576 gmin 0.0530303120613 var 0.0501920469105 ext 1 total 820 max 910 start_euler 114.965080261 39.5879135132 205.235977173
VT run radius_deg 0.329218059778 steps 10 cost 0.845344722271 gmin 0.0530303120613 var 0.00135013449471 ext 1 total 830 max 920 start_euler 114.505996704 39.0013504028 204.277084351
VT run radius_deg 0.329218059778 steps 10 cost 0.942028999329 gmin 0.0530303120613 var 0.000281103653833 ext 0 total 840 max 920 start_euler 116.258239746 41.3345375061 203.817260742
VT run radius_deg 0.329218059778 steps 10 cost 0.440476179123 gmin 0.0530303120613 var 0.0321630313993 ext 1 total 850 max 930 start_euler 115.767478943 40.3297805786 203.109832764
VT run radius_deg 0.329218059778 steps 10 cost 0.7157330513 gmin 0.0530303120613 var 0.00569633068517 ext 1 total 860 max 940 start_euler 115.385818481 40.9506072998 204.303375244
VT run radius_deg 0.329218059778 steps 10 cost 0.489748597145 gmin 0.0530303120613 var 0.0190103501081 ext 1 total 870 max 950 start_euler 113.544700623 40.3308944702 206.13722229
VT run radius_deg 0.329218059778 steps 10 cost 0.956964015961 gmin 0.0530303120613 var 9.22526087379e-05 ext 0 total 880 max 950 start_euler 115.818199158 41.304271698 204.597915649
VT run radius_deg 0.329218059778 steps 10 cost 0.774358570576 gmin 0.0530303120613 var 0.00292375357822 ext 1 total 890 max 960 start_euler 115.481185913 40.6999740601 204.056167603
VT run radius_deg 0.329218059778 steps 10 cost 0.919273614883 gmin 0.0530303120613 var 0.000531205383595 ext 1 total 900 max 970 start_euler 116.944755554 39.8074188232 202.644119263
VT run radius_deg 0.329218059778 steps 10 cost 0.478998661041 gmin 0.0530303120613 var 0.0195256564766 ext 1 total 910 max 980 start_euler 115.251731873 40.0708580017 205.35244751
VT run radius_deg 0.329218059778 steps 10 cost 0.830956637859 gmin 0.0530303120613 var 0.00169502641074 ext 1 total 920 max 990 start_euler 114.49130249 38.7665100098 205.211471558
VT run radius_deg 0.329218059778 steps 10 cost 0.772727251053 gmin 0.0530303120613 var 0.00454920483753 ext 1 total 930 max 1000 start_euler 115.587173462 40.8493652344 204.704650879
VT run radius_deg 0.329218059778 steps 10 cost 0.83843767643 gmin 0.0530303120613 var 0.00176406442188 ext 1 total 940 max 1010 start_euler 114.247970581 40.5899162292 206.71295166
VT run radius_deg 0.329218059778 steps 10 cost 0.501908123493 gmin 0.0530303120613 var 0.0171193368733 ext 1 total 950 max 1020 start_euler 114.649284363 39.2302856445 205.361862183
VT run radius_deg 0.329218059778 steps 10 cost 0.37378692627 gmin 0.0530303120613 var 0.0244567412883 ext 1 total 960 max 1030 start_euler 114.293670654 40.6935081482 205.187973022
VT run radius_deg 0.329218059778 steps 10 cost 0.751794815063 gmin 0.0530303120613 var 0.00409826124087 ext 1 total 970 max 1040 start_euler 115.143867493 40.4984169006 205.676071167
VT run radius_deg 0.329218059778 steps 10 cost 0.600384712219 gmin 0.0530303120613 var 0.00721378391609 ext 1 total 980 max 1050 start_euler 113.701416016 40.1432037354 205.390731812
VT run radius_deg 0.329218059778 steps 10 cost 0.378847837448 gmin 0.0530303120613 var 0.0292594674975 ext 1 total 990 max 1060 start_euler 115.404441833 40.3680686951 205.062332153
VT run radius_deg 0.329218059778 steps 10 cost 0.651890397072 gmin 0.0530303120613 var 0.0074371797964 ext 1 total 1000 max 1070 start_euler 115.19744873 39.7229385376 203.668884277
VT run radius_deg 0.329218059778 steps 10 cost 0.54086792469 gmin 0.0530303120613 var 0.0127842249349 ext 1 total 1010 max 1080 start_euler 115.027236938 40.9083137512 204.433746338
VT run radius_deg 0.329218059778 steps 10 cost 0.836065530777 gmin 0.0530303120613 var 0.00111987814307 ext 1 total 1020 max 1090 start_euler 113.993728638 40.3444824219 205.752227783
VT run radius_deg 0.329218059778 steps 10 cost 0.623473465443 gmin 0.0530303120613 var 0.009063067846 ext 1 total 1030 max 1100 start_euler 115.467590332 40.3066711426 205.106765747
VT run radius_deg 0.329218059778 steps 10 cost 0.883625984192 gmin 0.0530303120613 var 0.000531724770553 ext 1 total 1040 max 1110 start_euler 114.982894897 39.3814849854 205.989685059
VT run radius_deg 0.329218059778 steps 10 cost 0.91363298893 gmin 0.0530303120613 var 0.000265526410658 ext 0 total 1050 max 1110 start_euler 117.072685242 39.5908889771 202.914276123
VT run radius_deg 0.329218059778 steps 10 cost 0.916973412037 gmin 0.0530303120613 var 0.000240445020609 ext 0 total 1060 max 1110 start_euler 116.654090881 41.145488739 203.533676147
VT run radius_deg 0.329218059778 steps 10 cost 0.630105674267 gmin 0.0530303120613 var 0.00896496139467 ext 1 total 1070 max 1120 start_euler 113.647758484 40.6314163208 205.71647644
VT run radius_deg 0.329218059778 steps 10 cost 0.424198269844 gmin 0.0530303120613 var 0.0261023100466 ext 1 total 1080 max 1130 start_euler 114.986450195 39.3140106201 203.860610962
VT run radius_deg 0.329218059778 steps 10 cost 0.280668735504 gmin 0.0530303120613 var 0.0296391900629 ext 1 total 1090 max 1140 start_euler 115.093475342 40.1961593628 204.503341675
VT run radius_deg 0.329218059778 steps 10 cost 0.940298497677 gmin 0.0530303120613 var 0.000174851331394 ext 0 total 1100 max 1140 start_euler 114.917297363 40.5348472595 203.652145386
VT run radius_deg 0.329218059778 steps 10 cost 0.91567158699 gmin 0.0530303120613 var 0.000518656277563 ext 1 total 1110 max 1150 start_euler 113.114547729 39.2921104431 205.921615601
VT run radius_deg 0.329218059778 steps 10 cost 0.678240776062 gmin 0.0530303120613 var 0.0101636555046 ext 1 total 1120 max 1160 start_euler 115.144989014 39.3192214966 203.49659729
VT run radius_deg 0.329218059778 steps 10 cost 0.676124930382 gmin 0.0530303120613 var 0.00824822578579 ext 1 total 1130 max 1170 start_euler 115.678916931 39.9297714233 203.07321167
VT run radius_deg 0.329218059778 steps 10 cost 0.936507940292 gmin 0.0530303120613 var 0.000370147492504 ext 0 total 1140 max 1170 start_euler 113.582618713 38.7788887024 205.630340576
VT run radius_deg 0.329218059778 steps 10 cost 0.925373136997 gmin 0.0530303120613 var 0.000443048833404 ext 1 total 1150 max 1180 start_euler 113.479301453 39.2678413391 206.149200439
VT run radius_deg 0.329218059778 steps 10 cost 0.627351343632 gmin 0.0530303120613 var 0.0101456968114 ext 1 total 1160 max 1190 start_euler 115.192390442 39.601184845 204.009277344
VT run radius_deg 0.329218059778 steps 10 cost 0.833917856216 gmin 0.0530303120613 var 0.00234802858904 ext 1 total 1170 max 1200 start_euler 113.096954346 40.7775001526 206.478759766
VT run radius_deg 0.329218059778 steps 10 cost 0.270811080933 gmin 0.0530303120613 var 0.030695239082 ext 1 total 1180 max 1210 start_euler 114.971939087 39.9149932861 204.224639893
VT run radius_deg 0.329218059778 steps 10 cost 0.909566879272 gmin 0.0530303120613 var 0.000671723275445 ext 1 total 1190 max 1220 start_euler 113.762863159 40.5181045532 206.850585938
VT run radius_deg 0.329218059778 steps 10 cost 0.415496826172 gmin 0.0530303120613 var 0.0304854717106 ext 1 total 1200 max 1230 start_euler 114.676986694 39.7284469604 204.116409302
VT run radius_deg 0.329218059778 steps 10 cost 0.546699047089 gmin 0.0530303120613 var 0.0140223829076 ext 1 total 1210 max 1240 start_euler 114.917678833 41.0517044067 204.450637817
VT run radius_deg 0.329218059778 steps 10 cost 0.550184607506 gmin 0.0530303120613 var 0.0111776534468 ext 1 total 1220 max 1250 start_euler 115.109161377 39.8566055298 205.360748291
VT run radius_deg 0.329218059778 steps 10 cost 0.113636374474 gmin 0.0530303120613 var 0.0413188189268 ext 1 total 1230 max 1260 start_euler 115.402732849 40.1630210876 204.310684204
VT run radius_deg 0.329218059778 steps 10 cost 0.769402980804 gmin 0.0530303120613 var 0.00445389328524 ext 1 total 1240 max 1270 start_euler 113.464805603 39.312702179 205.587341309
VT run radius_deg 0.329218059778 steps 10 cost 0.27247262001 gmin 0.0530303120613 var 0.0345166772604 ext 1 total 1250 max 1280 start_euler 115.459037781 40.0749816895 203.979263306
VT run radius_deg 0.329218059778 steps 10 cost 0.800927519798 gmin 0.0530303120613 var 0.0016937101027 ext 1 total 1260 max 1290 start_euler 114.208862305 38.9858436584 204.840118408
VT run radius_deg 0.329218059778 steps 10 cost 0.828006327152 gmin 0.0530303120613 var 0.00235730735585 ext 1 total 1270 max 1300 start_euler 116.340248108 39.3943710327 203.237014771
VT run radius_deg 0.329218059778 steps 10 cost 0.897692322731 gmin 0.0530303120613 var 0.00093394407304 ext 1 total 1280 max 1310 start_euler 113.808547974 40.520690918 206.488739014
VT run radius_deg 0.329218059778 steps 10 cost 0.774963498116 gmin 0.0530303120613 var 0.00295658851974 ext 1 total 1290 max 1320 start_euler 114.166923523 39.6860923767 205.784194946
VT run radius_deg 0.329218059778 steps 10 cost 0.394385039806 gmin 0.0530303120613 var 0.0409961044788 ext 1 total 1300 max 1330 start_euler 114.858543396 39.0336685181 204.70350647
VT run radius_deg 0.329218059778 steps 10 cost 0.914789676666 gmin 0.0530303120613 var 0.000390344124753 ext 0 total 1310 max 1330 start_euler 114.29927063 40.9962310791 204.402114868
VT run radius_deg 0.329218059778 steps 10 cost 0.817271709442 gmin 0.0530303120613 var 0.00320381531492 ext 1 total 1320 max 1340 start_euler 115.159828186 39.1956329346 203.605422974
VT run radius_deg 0.329218059778 steps 10 cost 0.897473454475 gmin 0.0530303120613 var 0.000780217058491 ext 1 total 1330 max 1350 start_euler 114.187896729 39.455821991 205.644302368
VT run radius_deg 0.329218059778 steps 10 cost 0.910606026649 gmin 0.0530303120613 var 0.00050303270109 ext 1 total 1340 max 1360 start_euler 113.713829041 41.0237541199 205.637664795
VT run radius_deg 0.329218059778 steps 10 cost 0.328776299953 gmin 0.0530303120613 var 0.0549011342227 ext 1 total 1350 max 1370 start_euler 116.252601624 40.8462371826 203.567184448
VT run radius_deg 0.329218059778 steps 10 cost 0.822076559067 gmin 0.0530303120613 var 0.00105181580875 ext 1 total 1360 max 1380 start_euler 116.095283508 40.3570899963 203.622253418
VT run radius_deg 0.329218059778 steps 10 cost 0.53393882513 gmin 0.0530303120613 var 0.0125272972509 ext 1 total 1370 max 1390 start_euler 115.711936951 40.3202590942 204.293121338
VT run radius_deg 0.329218059778 steps 10 cost 0.924034714699 gmin 0.0530303120613 var 0.000210341328057 ext 0 total 1380 max 1390 start_euler 114.401512146 40.8498649597 206.023666382
VT run radius_deg 0.329218059778 steps 10 cost 0.26416182518 gmin 0.0530303120613 var 0.0302356332541 ext 1 total 1390 max 1400 start_euler 113.947509766 40.0310974121 206.01852417
VT run radius_deg 0.329218059778 steps 10 cost 0.357627809048 gmin 0.0530303120613 var 0.016771806404 ext 1 total 1400 max 1410 start_euler 114.637001038 40.2382202148 205.087310791
VT run radius_deg 0.329218059778 steps 10 cost 0.282793700695 gmin 0.0530303120613 var 0.0304900072515 ext 1 total 1410 max 1420 start_euler 114.835418701 39.8233375549 204.108398438
VT run radius_deg 0.329218059778 steps 10 cost 0.863024413586 gmin 0.0530303120613 var 0.0011566412868 ext 1 total 1420 max 1430 start_euler 113.63356781 39.4657669067 205.865753174
VT run radius_deg 0.329218059778 steps 10 cost 0.732825875282 gmin 0.0530303120613 var 0.00332929869182 ext 1 total 1430 max 1440 start_euler 114.294715881 40.3872871399 205.266738892
VT run radius_deg 0.329218059778 steps 10 cost 0.136363685131 gmin 0.0530303120613 var 0.0560941025615 ext 1 total 1440 max 1450 start_euler 114.459632874 40.5577583313 205.216262817
VT run radius_deg 0.329218059778 steps 10 cost 0.916737735271 gmin 0.0530303120613 var 0.000484991993289 ext 1 total 1450 max 1460 start_euler 115.000144958 41.369178772 204.125976562
VT run radius_deg 0.329218059778 steps 10 cost 0.808815062046 gmin 0.0530303120613 var 0.00257934047841 ext 1 total 1460 max 1470 start_euler 114.036987305 40.3542480469 206.335662842
VT run radius_deg 0.329218059778 steps 10 cost 0.886583149433 gmin 0.0530303120613 var 0.000523118360434 ext 1 total 1470 max 1480 start_euler 114.589477539 39.5544548035 205.505859375
VT run radius_deg 0.329218059778 steps 10 cost 0.887499988079 gmin 0.0530303120613 var 0.000555247650482 ext 1 total 1480 max 1490 start_euler 114.285934448 39.3758850098 204.777328491
VT run radius_deg 0.329218059778 steps 10 cost 0.597865462303 gmin 0.0530303120613 var 0.0145379649475 ext 1 total 1490 max 1500 start_euler 115.292053223 40.8822593689 204.159362793
VT run radius_deg 0.329218059778 steps 10 cost 0.16666662693 gmin 0.0530303120613 var 0.0810802876949 ext 1 total 1500 max 1510 start_euler 114.647857666 40.5331954956 205.461105347
VT run radius_deg 0.329218059778 steps 10 cost 0.535352528095 gmin 0.0530303120613 var 0.0193970520049 ext 1 total 1510 max 1520 start_euler 115.776603699 40.5777053833 203.529159546
VT run radius_deg 0.329218059778 steps 10 cost 0.805540442467 gmin 0.0530303120613 var 0.00194507394917 ext 1 total 1520 max 1530 start_euler 116.412918091 40.8371696472 203.414260864
VT run radius_deg 0.329218059778 steps 10 cost 0.650883078575 gmin 0.0530303120613 var 0.00931915733963 ext 1 total 1530 max 1540 start_euler 113.535049438 40.3460350037 206.159942627
VT run radius_deg 0.329218059778 steps 10 cost 0.900497496128 gmin 0.0530303120613 var 0.000652617425658 ext 1 total 1540 max 1550 start_euler 115.341194153 41.0527992249 203.801635742
VT run radius_deg 0.329218059778 steps 10 cost 0.148633301258 gmin 0.0530303120613 var 0.0617034211755 ext 1 total 1550 max 1560 start_euler 115.37563324 40.5485229492 205.006469727
VT run radius_deg 0.329218059778 steps 10 cost 0.655336737633 gmin 0.0530303120613 var 0.00564487278461 ext 1 total 1560 max 1570 start_euler 115.962989807 39.6808815002 204.264923096
VT run radius_deg 0.329218059778 steps 10 cost 0.51814943552 gmin 0.0530303120613 var 0.0165997203439 ext 1 total 1570 max 1580 start_euler 114.16292572 40.1979408264 204.59942627
VT run radius_deg 0.329218059778 steps 10 cost 0.470779120922 gmin 0.0530303120613 var 0.0205544568598 ext 1 total 1580 max 1590 start_euler 113.797355652 40.0811958313 205.646606445
VT run radius_deg 0.329218059778 steps 10 cost 0.872211933136 gmin 0.0530303120613 var 0.00107758725062 ext 1 total 1590 max 1600 start_euler 113.731697083 40.6294898987 206.256851196
VT run radius_deg 0.329218059778 steps 10 cost 0.899999976158 gmin 0.0530303120613 var 0.000638584722765 ext 1 total 1600 max 1610 start_euler 114.468734741 40.9445457458 204.195999146
VT run radius_deg 0.329218059778 steps 10 cost 0.700623989105 gmin 0.0530303120613 var 0.00597260333598 ext 1 total 1610 max 1620 start_euler 114.77469635 39.7189941406 204.01512146
VT run radius_deg 0.329218059778 steps 10 cost 0.269192039967 gmin 0.0530303120613 var 0.0500610470772 ext 1 total 1620 max 1630 start_euler 115.160614014 40.5286483765 205.149459839
VT run radius_deg 0.329218059778 steps 10 cost 0.683202385902 gmin 0.0530303120613 var 0.00583758950233 ext 1 total 1630 max 1640 start_euler 115.668945312 40.1624488831 203.126296997
VT run radius_deg 0.329218059778 steps 10 cost 0.766897916794 gmin 0.0530303120613 var 0.00365947629325 ext 1 total 1640 max 1650 start_euler 116.402069092 39.7328643799 203.322601318
VT run radius_deg 0.329218059778 steps 10 cost 0.906029343605 gmin 0.0530303120613 var 0.000479748414364 ext 1 total 1650 max 1660 start_euler 115.049041748 38.9535713196 205.648193359
VT run radius_deg 0.329218059778 steps 10 cost 0.848667681217 gmin 0.0530303120613 var 0.00149102532305 ext 1 total 1660 max 1670 start_euler 115.725090027 38.787071228 204.925842285
VT run radius_deg 0.329218059778 steps 10 cost 0.745701432228 gmin 0.0530303120613 var 0.00603706110269 ext 1 total 1670 max 1680 start_euler 113.675498962 40.5274124146 205.80682373
VT run radius_deg 0.329218059778 steps 10 cost 0.598000526428 gmin 0.0530303120613 var 0.0176832564175 ext 1 total 1680 max 1690 start_euler 115.334663391 41.0670967102 204.824829102
VT run radius_deg 0.329218059778 steps 10 cost 0.715605139732 gmin 0.0530303120613 var 0.00565903820097 ext 1 total 1690 max 1700 start_euler 113.517112732 39.2627677917 206.14743042
VT run radius_deg 0.329218059778 steps 10 cost 0.866790413857 gmin 0.0530303120613 var 0.00102807418443 ext 1 total 1700 max 1710 start_euler 116.926887512 39.8687362671 203.047195435
VT run radius_deg 0.329218059778 steps 10 cost 0.14850884676 gmin 0.0530303120613 var 0.0497936494648 ext 1 total 1710 max 1720 start_euler 115.85761261 40.6000061035 204.262939453
VT run radius_deg 0.329218059778 steps 10 cost 0.921733796597 gmin 0.0530303120613 var 0.000260314234765 ext 0 total 1720 max 1720 start_euler 115.130355835 40.2826919556 203.398071289
0	|R_0| 0.0475190579891	|Step | 1720	|GlbPts| 172	|R_c| 0.329218059778	|MCS| 1720	|Var| 0.000260314234765	|C_i| 0.0530303120613	|C_f|0.0530303120613	[ 115.016571045 40.0436439514 204.732757568]
  After Variance Optimization 
  After Voxel Cost calculation 
[ 	1	 1 	0.946969687939 ]
Adaptive Reconstruction 13.269666083 sec, evals=251228
VOXEL_SUMMARY voxel=0 basic_sec=0.937394333 basic_evals=18010 adap_sec=13.269666083 adap_evals=251228 adap_us_per_eval=52.8192163413
[ 1 1 0.946969687939 ]
Normal Reconstruction 0.931044 sec, evals=18010
Num Cliques 4491 MaxRange 0.104916572571 MaxRangeCliqueID: 4031 MinCostCliqueID 4031 0.865671634674 | -0.5 -0.5 0.5 | 6.36241036133e+28 9.80908925027e-45 -0.5
 || Num candiates 8151
Num Cliques 2034 MaxRange 0.0591630935669 MaxRangeCliqueID: 273 MinCostCliqueID 0 0.242424249649 | -0.5 -0.5 0.5 | 6.36241036133e+28 9.80908925027e-45 -0.5
 || Num candiates 2473
Num Cliques 618 MaxRange 0.0454545617104 MaxRangeCliqueID: 399 MinCostCliqueID 0 0.0757575631142 | -0.5 -0.5 0.5 | 6.36241036133e+28 9.80908925027e-45 -0.5
 || Num candiates 676
Num Cliques 169 MaxRange 0.033282160759 MaxRangeCliqueID: 65 MinCostCliqueID 0 0.0757575631142 | -0.5 -0.5 0.5 | 6.36241036133e+28 9.80908925027e-45 -0.5
 || Num candiates 192
 |  Before final optimization 
 nLocalOptCandidates 30
  After Final Optimization 
VM 0.67416280508 0.453076630831 0.583289206028 -0.687813580036 0.672875285149 0.272307813168 -0.269104361534 -0.584773898125 0.765259504318 cost 0.0530303120613
VT run radius_deg 0.0475190579891 steps 10 cost 0.0530303120613 gmin 0.0530303120613 var 0.0745933204889 ext 1 total 10 max 210 start_euler 115.025444031 40.0699081421 204.711196899
VM 0.674021422863 0.451326549053 0.584807395935 -0.686856687069 0.674271166325 0.271268218756 -0.271887987852 -0.584519326687 0.764469623566 cost 0.262923300266
VT run radius_deg 0.0950381159782 steps 10 cost 0.113636314869 gmin 0.0530303120613 var 0.00357260857709 ext 1 total 20 max 220 start_euler 114.884651184 40.1401596069 204.945404053
VM 0.67777889967 0.448061496019 0.582972347736 -0.685305655003 0.672243475914 0.280080527067 -0.266405850649 -0.589346766472 0.762691318989 cost 0.646331429482
VT run radius_deg 0.190076231956 steps 10 cost 0.313334941864 gmin 0.0530303120613 var 0.0144466059282 ext 1 total 30 max 230 start_euler 115.661270142 40.2979545593 204.324676514
VM 0.668871760368 0.464782446623 0.580162107944 -0.689525723457 0.679539084435 0.250561714172 -0.277785927057 -0.56763023138 0.775003671646 cost 0.960447788239
VT run radius_deg 0.329218059778 steps 10 cost 0.89161336422 gmin 0.0530303120613 var 0.00047010416165 ext 1 total 40 max 240 start_euler 113.358650208 39.1946258545 206.076126099
VM 0.669954359531 0.44029340148 0.597748398781 -0.684327363968 0.678426027298 0.267272114754 -0.287849724293 -0.588115513325 0.75581908226 cost 0.948238909245
VT run radius_deg 0.329218059778 steps 10 cost 0.860256373882 gmin 0.0530303120613 var 0.00128065468743 ext 1 total 50 max 250 start_euler 114.090911865 40.9029998779 206.079177856
VM 0.662236392498 0.447748035192 0.600803494453 -0.692609727383 0.671724081039 0.262828290462 -0.285893112421 -0.590176701546 0.754954576492 cost 0.959931790829
VT run radius_deg 0.329218059778 steps 10 cost 0.562301516533 gmin 0.0530303120613 var 0.0154410842806 ext 1 total 60 max 260 start_euler 113.627510071 40.9785881042 205.846450806
VM 0.675893127918 0.460480302572 0.575435996056 -0.693328738213 0.662052214146 0.284573912621 -0.249927759171 -0.591307759285 0.766740560532 cost 0.949724495411
VT run radius_deg 0.329218059778 steps 10 cost 0.946773290634 gmin 0.0530303120613 var 0.000263713969616 ext 0 total 70 max 260 start_euler 116.314056396 39.9379043579 202.912307739
VM 0.685013592243 0.446146428585 0.575942695141 -0.68354165554 0.667096376419 0.296231865883 -0.252046316862 -0.596603572369 0.761929512024 cost 0.934259235859
VT run radius_deg 0.329218059778 steps 10 cost 0.928846120834 gmin 0.0530303120613 var 0.000571013079025 ext 1 total 80 max 270 start_euler 117.218688965 40.3653945923 202.902526855
VM 0.674930870533 0.445531845093 0.588192045689 -0.684252858162 0.676245689392 0.272928506136 -0.27616378665 -0.586679816246 0.761275291443 cost 0.754698812962
VT run radius_deg 0.329218059778 steps 10 cost 0.168668091297 gmin 0.0530303120613 var 0.0360512249172 ext 1 total 90 max 280 start_euler 114.891891479 40.4232330322 205.207443237
VM 0.66497606039 0.469991147518 0.580444037914 -0.702773630619 0.656832635403 0.273277103901 -0.252816587687 -0.589643359184 0.767075121403 cost 0.944867312908
VT run radius_deg 0.329218059778 steps 10 cost 0.740810275078 gmin 0.0530303120613 var 0.00404779100791 ext 1 total 100 max 290 start_euler 115.211380005 39.9080314636 203.207809448
VM 0.679873168468 0.46307259798 0.568626821041 -0.685617029667 0.676508426666 0.268823206425 -0.260195910931 -0.572625815868 0.77743011713 cost 0.940737485886
VT run radius_deg 0.329218059778 steps 10 cost 0.384910702705 gmin 0.0530303120613 var 0.0323456339538 ext 1 total 110 max 300 start_euler 115.302833557 38.9741134644 204.43661499
VM 0.658327460289 0.453428208828 0.600839495659 -0.697467148304 0.667649567127 0.2603533566 -0.283098399639 -0.590463399887 0.75578302145 cost 0.953846156597
VT run radius_deg 0.329218059778 steps 10 cost 0.897828042507 gmin 0.0530303120613 var 0.000553661840968 ext 1 total 120 max 310 start_euler 113.427848816 40.9061546326 205.615447998
VM 0.669163763523 0.442105978727 0.597295880318 -0.685660719872 0.677229344845 0.266889572144 -0.286512613297 -0.588135004044 0.756311774254 cost 0.940158724785
VT run radius_deg 0.329218059778 steps 10 cost 0.584201812744 gmin 0.0530303120613 var 0.0187411271036 ext 1 total 130 max 320 start_euler 114.076507568 40.8598670959 205.973236084
VM 0.665416777134 0.455981343985 0.591017603874 -0.699005723 0.658448040485 0.278993427753 -0.261938363314 -0.598771452904 0.756875693798 cost 0.971027195454
VT run radius_deg 0.329218059778 steps 10 cost 0.945522367954 gmin 0.0530303120613 var 0.000140394127811 ext 0 total 140 max 320 start_euler 115.269927979 40.8104515076 203.627441406
VM 0.67841643095 0.4374794662 0.590222835541 -0.677794218063 0.682658731937 0.273079156876 -0.283454030752 -0.585310935974 0.759647727013 cost 0.923301041126
VT run radius_deg 0.329218059778 steps 10 cost 0.896730780602 gmin 0.0530303120613 var 0.000482780771563 ext 1 total 150 max 330 start_euler 114.828613281 40.5668373108 205.839950562
VM 0.658933758736 0.456567496061 0.597789764404 -0.704580545425 0.652911484241 0.277980208397 -0.263386845589 -0.604361474514 0.751913785934 cost 0.977375566959
VT run radius_deg 0.329218059778 steps 10 cost 0.826836466789 gmin 0.0530303120613 var 0.00214086147025 ext 1 total 160 max 340 start_euler 114.939048767 41.243560791 203.548049927
VM 0.677157819271 0.444114595652 0.586702466011 -0.682846486568 0.676363766193 0.276139527559 -0.274186462164 -0.587617576122 0.761266827583 cost 0.777813136578
VT run radius_deg 0.329218059778 steps 10 cost 0.22808855772 gmin 0.0530303120613 var 0.0399143770337 ext 1 total 170 max 350 start_euler 115.204658508 40.4239845276 205.014083862
VM 0.679223835468 0.460330635309 0.57162129879 -0.681865394115 0.683916211128 0.259457826614 -0.271504461765 -0.565998613834 0.778415501118 cost 0.973661124706
VT run radius_deg 0.329218059778 steps 10 cost 0.924242436886 gmin 0.0530303120613 var 0.000258799060248 ext 0 total 180 max 350 start_euler 114.413200378 38.8842658997 205.626617432
VM 0.674473941326 0.450099050999 0.585231542587 -0.68781632185 0.671151518822 0.276522159576 -0.268316477537 -0.589038729668 0.762259483337 cost 0.590310811996
VT run radius_deg 0.329218059778 steps 10 cost 0.256675541401 gmin 0.0530303120613 var 0.016558079049 ext 1 total 190 max 360 start_euler 115.290748596 40.3361968994 204.490020752
VM 0.685286581516 0.439928174019 0.580384194851 -0.681163132191 0.669156134129 0.297064095736 -0.257680505514 -0.598910212517 0.758226275444 cost 0.955223858356
VT run radius_deg 0.329218059778 steps 10 cost 0.902504503727 gmin 0.0530303120613 var 0.000335497839842 ext 0 total 200 max 360 start_euler 117.105201721 40.69190979 203.27973938
VM 0.675017237663 0.443812817335 0.589391350746 -0.686121106148 0.671322822571 0.280292242765 -0.271274387836 -0.593595802784 0.757663547993 cost 0.880769610405
VT run radius_deg 0.329218059778 steps 10 cost 0.337902784348 gmin 0.0530303120613 var 0.030372928828 ext 1 total 210 max 370 start_euler 115.433990479 40.7413368225 204.56048584
VM 0.677286088467 0.445785552263 0.585285365582 -0.684750437737 0.672896146774 0.279871195555 -0.26907351613 -0.590327143669 0.760994791985 cost 0.682312548161
VT run radius_deg 0.329218059778 steps 10 cost 0.257808148861 gmin 0.0530303120613 var 0.0413657203317 ext 1 total 220 max 380 start_euler 115.556137085 40.4480171204 204.503692627
VM 0.663393437862 0.451620101929 0.596614360809 -0.688803851604 0.68006914854 0.251108527184 -0.292333096266 -0.577533841133 0.762230813503 cost 0.968992590904
VT run radius_deg 0.329218059778 steps 10 cost 0.750520408154 gmin 0.0530303120613 var 0.00463597057387 ext 1 total 230 max 390 start_euler 112.825691223 40.3387298584 206.847381592
VM 0.679829061031 0.457549870014 0.573132395744 -0.681455016136 0.68292760849 0.26311442256 -0.271019756794 -0.56943666935 0.776073455811 cost 0.926251113415
VT run radius_deg 0.329218059778 steps 10 cost 0.783957242966 gmin 0.0530303120613 var 0.00230808905326 ext 1 total 240 max 400 start_euler 114.658966064 39.0975341797 205.451812744
VM 0.674029529095 0.442710489035 0.591347515583 -0.679792284966 0.685004532337 0.26201403141 -0.289079159498 -0.578598558903 0.76266425848 cost 0.984615385532
VT run radius_deg 0.329218059778 steps 10 cost 0.539345502853 gmin 0.0530303120613 var 0.0195482801646 ext 1 total 250 max 410 start_euler 113.897148132 40.3003501892 206.547607422
VM 0.680740833282 0.461502373219 0.56886523962 -0.688614726067 0.667997717857 0.282115250826 -0.249803602695 -0.583776175976 0.772530436516 cost 0.96200978756
VT run radius_deg 0.329218059778 steps 10 cost 0.92993080616 gmin 0.0530303120613 var 0.000406118721003 ext 1 total 260 max 420 start_euler 116.378013611 39.4183197021 203.166564941
VM 0.681333303452 0.438795745373 0.585869789124 -0.678545355797 0.678807973862 0.280706524849 -0.274520009756 -0.588793814182 0.76023709774 cost 0.851064682007
VT run radius_deg 0.329218059778 steps 10 cost 0.851064682007 gmin 0.0530303120613 var 0.00079545553308 ext 1 total 270 max 430 start_euler 115.600372314 40.5148887634 204.996871948
VM 0.661563694477 0.460148662329 0.59211230278 -0.692611575127 0.677606940269 0.24726164341 -0.287442058325 -0.573682963848 0.76698410511 cost 0.942458510399
VT run radius_deg 0.329218059778 steps 10 cost 0.876923084259 gmin 0.0530303120613 var 0.000806927972008 ext 1 total 280 max 440 start_euler 112.665046692 39.9161567688 206.613021851
VM 0.686094164848 0.455762624741 0.567058563232 -0.681293308735 0.675900280476 0.281066507101 -0.255175232887 -0.579171180725 0.774239063263 cost 0.963667809963
VT run radius_deg 0.329218059778 steps 10 cost 0.908922553062 gmin 0.0530303120613 var 0.00049068685621 ext 1 total 290 max 450 start_euler 116.365623474 39.2638969421 203.777664185
VM 0.672500491142 0.459284037352 0.580346047878 -0.688085794449 0.676775455475 0.261750400066 -0.272545903921 -0.575354993343 0.771158337593 cost 0.853066325188
VT run radius_deg 0.329218059778 steps 10 cost 0.53152769804 gmin 0.0530303120613 var 0.0178282745183 ext 1 total 300 max 460 start_euler 114.276542664 39.5419692993 205.346939087
VM 0.67013657093 0.465566784143 0.578069865704 -0.694837987423 0.667354524136 0.268026769161 -0.260992974043 -0.581279277802 0.770711898804 cost 0.825845420361
VT run radius_deg 0.329218059778 steps 10 cost 0.576382875443 gmin 0.0530303120613 var 0.0105878915638 ext 1 total 310 max 470 start_euler 114.875167847 39.5821304321 204.179962158
VM 0.67123490572 0.466086059809 0.576374590397 -0.69642162323 0.662836790085 0.275035530329 -0.253851801157 -0.58601307869 0.769511401653 cost 0.91842764616
VT run radius_deg 0.329218059778 steps 10 cost 0.54329007864 gmin 0.0530303120613 var 0.0120923342183 ext 1 total 320 max 480 start_euler 115.509628296 39.689956665 203.421524048
VM 0.665947556496 0.473081499338 0.576808393002 -0.699770867825 0.664098262787 0.263238370419 -0.258524030447 -0.578936517239 0.773303031921 cost 0.90441173315
VT run radius_deg 0.329218059778 steps 10 cost 0.854901909828 gmin 0.0530303120613 var 0.000826984469313 ext 1 total 330 max 490 start_euler 114.530555725 39.3485565186 204.063140869
VM 0.670767247677 0.439555883408 0.597379386425 -0.680289268494 0.685473144054 0.259486615658 -0.295428425074 -0.580445766449 0.758817851543 cost 0.967873334885
VT run radius_deg 0.329218059778 steps 10 cost 0.96179485321 gmin 0.0530303120613 var 0.000208324257983 ext 0 total 340 max 490 start_euler 113.478904724 40.6398963928 206.974655151
VM 0.659390211105 0.456935584545 0.597004652023 -0.701499402523 0.659543216228 0.270002871752 -0.270376265049 -0.596835553646 0.755436182022 cost 0.92750531435
VT run radius_deg 0.329218059778 steps 10 cost 0.92750531435 gmin 0.0530303120613 var 0.000156907131895 ext 0 total 350 max 490 start_euler 114.335456848 40.9364929199 204.371292114
VM 0.688441634178 0.450399667025 0.568496704102 -0.680805504322 0.671579957008 0.292377144098 -0.250104218721 -0.58832013607 0.768977940083 cost 0.958811163902
VT run radius_deg 0.329218059778 steps 10 cost 0.947022616863 gmin 0.0530303120613 var 0.000290280906484 ext 0 total 360 max 490 start_euler 117.216697693 39.7377929688 203.031112671
VM 0.665128350258 0.448399662971 0.597111582756 -0.695026516914 0.664114952087 0.275480866432 -0.273025006056 -0.598238348961 0.753371119499 cost 0.936095833778
VT run radius_deg 0.329218059778 steps 10 cost 0.896256685257 gmin 0.0530303120613 var 0.000976487179287 ext 1 total 370 max 500 start_euler 114.76650238 41.1167449951 204.531082153
VM 0.686394453049 0.447944402695 0.572895050049 -0.67766648531 0.679823756218 0.28037109971 -0.263876795769 -0.580676794052 0.770183980465 cost 0.915775418282
VT run radius_deg 0.329218059778 steps 10 cost 0.719146311283 gmin 0.0530303120613 var 0.00875118654221 ext 1 total 380 max 510 start_euler 116.076820374 39.6295776367 204.438446045
VM 0.672237217426 0.462339758873 0.578220844269 -0.688615500927 0.677281737328 0.259033560753 -0.271856665611 -0.572303652763 0.773668050766 cost 0.931343257427
VT run radius_deg 0.329218059778 steps 10 cost 0.583403348923 gmin 0.0530303120613 var 0.0104801813141 ext 1 total 390 max 520 start_euler 114.131599426 39.3155593872 205.408737183
VM 0.663447916508 0.461941301823 0.588597714901 -0.695239722729 0.671353399754 0.256761848927 -0.276547938585 -0.579564511776 0.766567647457 cost 0.827104091644
VT run radius_deg 0.329218059778 steps 10 cost 0.712896049023 gmin 0.0530303120613 var 0.00436801509932 ext 1 total 400 max 530 start_euler 113.568099976 39.9533309937 205.508850098
VT run radius_deg 0.329218059778 steps 10 cost 0.136363685131 gmin 0.0530303120613 var 0.0534445233643 ext 1 total 410 max 540 start_euler 113.245132446 40.3179512024 206.181625366
VT run radius_deg 0.329218059778 steps 10 cost 0.838970601559 gmin 0.0530303120613 var 0.00182423030492 ext 1 total 420 max 550 start_euler 113.973823547 39.1207313538 205.352371216
VT run radius_deg 0.329218059778 steps 10 cost 0.783914446831 gmin 0.0530303120613 var 0.00241121533327 ext 1 total 430 max 560 start_euler 115.444824219 39.6450767517 203.350708008
VT run radius_deg 0.329218059778 steps 10 cost 0.434033572674 gmin 0.0530303120613 var 0.0182400010526 ext 1 total 440 max 570 start_euler 116.103889465 40.2449607849 203.563156128
VT run radius_deg 0.329218059778 steps 10 cost 0.841030955315 gmin 0.0530303120613 var 0.00098934432026 ext 1 total 450 max 580 start_euler 114.354759216 39.3438720703 204.65020752
VT run radius_deg 0.329218059778 steps 10 cost 0.92873775959 gmin 0.0530303120613 var 0.000550731143449 ext 1 total 460 max 590 start_euler 117.217552185 40.0051383972 202.727111816
VT run radius_deg 0.329218059778 steps 10 cost 0.888798952103 gmin 0.0530303120613 var 0.00157393119298 ext 1 total 470 max 600 start_euler 113.788482666 40.4796180725 204.983566284
VT run radius_deg 0.329218059778 steps 10 cost 0.931168854237 gmin 0.0530303120613 var 0.000507780408952 ext 1 total 480 max 610 start_euler 117.175262451 40.6078224182 203.097961426
VT run radius_deg 0.329218059778 steps 10 cost 0.386363625526 gmin 0.0530303120613 var 0.0299992971122 ext 1 total 490 max 620 start_euler 114.319274902 40.2986335754 204.544448853
VT run radius_deg 0.329218059778 steps 10 cost 0.850000023842 gmin 0.0530303120613 var 0.000835412472952 ext 1 total 500 max 630 start_euler 115.038627625 39.3451194763 204.229263306
VT run radius_deg 0.329218059778 steps 10 cost 0.602049946785 gmin 0.0530303120613 var 0.00492036575451 ext 1 total 510 max 640 start_euler 115.651054382 39.7762107849 204.603851318
VT run radius_deg 0.329218059778 steps 10 cost 0.943283557892 gmin 0.0530303120613 var 0.000169374252437 ext 0 total 520 max 640 start_euler 114.442588806 40.7060203552 204.193237305
VT run radius_deg 0.329218059778 steps 10 cost 0.923898339272 gmin 0.0530303120613 var 0.000298108410789 ext 0 total 530 max 640 start_euler 114.211341858 41.0489273071 205.481262207
VT run radius_deg 0.329218059778 steps 10 cost 0.814480185509 gmin 0.0530303120613 var 0.00233035581186 ext 1 total 540 max 650 start_euler 114.508369446 40.5513076782 204.303619385
VT run radius_deg 0.329218059778 steps 10 cost 0.859910607338 gmin 0.0530303120613 var 0.000986767467111 ext 1 total 550 max 660 start_euler 115.982833862 41.1520271301 204.050369263
VT run radius_deg 0.329218059778 steps 10 cost 0.759915292263 gmin 0.0530303120613 var 0.00199495302513 ext 1 total 560 max 670 start_euler 115.052879333 39.3463630676 204.916427612
VT run radius_deg 0.329218059778 steps 10 cost 0.821601748466 gmin 0.0530303120613 var 0.00178212241735 ext 1 total 570 max 680 start_euler 114.827674866 40.9870071411 205.705703735
VT run radius_deg 0.329218059778 steps 10 cost 0.253322660923 gmin 0.0530303120613 var 0.0571064464748 ext 1 total 580 max 690 start_euler 113.50617218 40.1397628784 205.730224609
VT run radius_deg 0.329218059778 steps 10 cost 0.939393937588 gmin 0.0530303120613 var 0.000454421242466 ext 1 total 590 max 700 start_euler 114.785095215 38.7970352173 205.594589233
VT run radius_deg 0.329218059778 steps 10 cost 0.913432836533 gmin 0.0530303120613 var 0.000573388650082 ext 1 total 600 max 710 start_euler 114.459075928 40.9255981445 204.296173096
VT run radius_deg 0.329218059778 steps 10 cost 0.867555081844 gmin 0.0530303120613 var 0.00113671761937 ext 1 total 610 max 720 start_euler 114.461730957 38.9979858398 205.831802368
VT run radius_deg 0.329218059778 steps 10 cost 0.176051497459 gmin 0.0530303120613 var 0.0436766967177 ext 1 total 620 max 730 start_euler 114.917709351 40.2904319763 204.918869019
VT run radius_deg 0.329218059778 steps 10 cost 0.816030740738 gmin 0.0530303120613 var 0.00266585545614 ext 1 total 630 max 740 start_euler 115.412635803 39.4606361389 203.534988403
VT run radius_deg 0.329218059778 steps 10 cost 0.913432836533 gmin 0.0530303120613 var 0.000657249882352 ext 1 total 640 max 750 start_euler 113.23966217 39.2989387512 206.175354004
VT run radius_deg 0.329218059778 steps 10 cost 0.807386040688 gmin 0.0530303120613 var 0.00352129898965 ext 1 total 650 max 760 start_euler 113.302787781 38.979095459 205.606674194
VT run radius_deg 0.329218059778 steps 10 cost 0.717803001404 gmin 0.0530303120613 var 0.00553094316274 ext 1 total 660 max 770 start_euler 113.780181885 39.732257843 205.189956665
VT run radius_deg 0.329218059778 steps 10 cost 0.335176944733 gmin 0.0530303120613 var 0.0415222495794 ext 1 total 670 max 780 start_euler 114.138015747 39.608291626 205.195632935
VT run radius_deg 0.329218059778 steps 10 cost 0.887118756771 gmin 0.0530303120613 var 0.000541414716281 ext 1 total 680 max 790 start_euler 116.117034912 41.0420265198 204.163284302
VT run radius_deg 0.329218059778 steps 10 cost 0.908225119114 gmin 0.0530303120613 var 0.000546410446987 ext 1 total 690 max 800 start_euler 113.577407837 40.645614624 206.431381226
VT run radius_deg 0.329218059778 steps 10 cost 0.757225096226 gmin 0.0530303120613 var 0.00607666606084 ext 1 total 700 max 810 start_euler 113.153327942 40.3091430664 206.744750977
VT run radius_deg 0.329218059778 steps 10 cost 0.91062271595 gmin 0.0530303120613 var 0.000554323545657 ext 1 total 710 max 820 start_euler 114.13999176 40.4996490479 206.654098511
VT run radius_deg 0.329218059778 steps 10 cost 0.630052685738 gmin 0.0530303120613 var 0.0144217684865 ext 1 total 720 max 830 start_euler 114.918869019 41.021572113 204.516036987
VT run radius_deg 0.329218059778 steps 10 cost 0.664615392685 gmin 0.0530303120613 var 0.00938323885202 ext 1 total 730 max 840 start_euler 114.215545654 39.0611915588 205.617172241
VT run radius_deg 0.329218059778 steps 10 cost 0.563469409943 gmin 0.0530303120613 var 0.012838607654 ext 1 total 740 max 850 start_euler 115.351791382 41.0702934265 204.085418701
VT run radius_deg 0.329218059778 steps 10 cost 0.78245049715 gmin 0.0530303120613 var 0.00143298157491 ext 1 total 750 max 860 start_euler 114.7891922 40.8512191772 204.743240356
VT run radius_deg 0.329218059778 steps 10 cost 0.31413090229 gmin 0.0530303120613 var 0.0501368716359 ext 1 total 760 max 870 start_euler 115.923866272 39.2710533142 203.545974731
VT run radius_deg 0.329218059778 steps 10 cost 0.904341936111 gmin 0.0530303120613 var 0.000535348022822 ext 1 total 770 max 880 start_euler 115.016967773 38.7667121887 205.494918823
VT run radius_deg 0.329218059778 steps 10 cost 0.921517372131 gmin 0.0530303120613 var 0.000358633464202 ext 0 total 780 max 880 start_euler 116.446929932 39.2776031494 203.77722168
VT run radius_deg 0.329218059778 steps 10 cost 0.477272689342 gmin 0.0530303120613 var 0.0260148439556 ext 1 total 790 max 890 start_euler 115.760635376 40.7749824524 204.677734375
VT run radius_deg 0.329218059778 steps 10 cost 0.946007668972 gmin 0.0530303120613 var 0.000312803284032 ext 0 total 800 max 890 start_euler 113.671638489 39.022769928 205.574859619
VT run radius_deg 0.329218059778 steps 10 cost 0.833668231964 gmin 0.0530303120613 var 0.00096941459924 ext 1 total 810 max 900 start_euler 115.263053894 39.1930007935 204.915863037
VT run radius_deg 0.329218059778 steps 10 cost 0.723970651627 gmin 0.0530303120613 var 0.00529641192406 ext 1 total 820 max 910 start_euler 116.602180481 39.5207138062 203.637756348
VT run radius_deg 0.329218059778 steps 10 cost 0.918767511845 gmin 0.0530303120613 var 0.000490877253469 ext 1 total 830 max 920 start_euler 115.373687744 40.6954956055 203.132873535
VT run radius_deg 0.329218059778 steps 10 cost 0.326526463032 gmin 0.0530303120613 var 0.0368126928806 ext 1 total 840 max 930 start_euler 114.343521118 40.1174316406 204.596099854
VT run radius_deg 0.329218059778 steps 10 cost 0.733885169029 gmin 0.0530303120613 var 0.00383222475648 ext 1 total 850 max 940 start_euler 114.99054718 39.3245429993 204.164978027
VT run radius_deg 0.329218059778 steps 10 cost 0.212349057198 gmin 0.0530303120613 var 0.0170746129006 ext 1 total 860 max 950 start_euler 114.881080627 40.1712188721 205.019622803
VT run radius_deg 0.329218059778 steps 10 cost 0.651432931423 gmin 0.0530303120613 var 0.00867840833962 ext 1 total 870 max 960 start_euler 113.73815918 39.3986663818 206.182601929
VT run radius_deg 0.329218059778 steps 10 cost 0.915441155434 gmin 0.0530303120613 var 0.000528022646904 ext 1 total 880 max 970 start_euler 116.918434143 39.5074729919 203.348709106
VT run radius_deg 0.329218059778 steps 10 cost 0.272345423698 gmin 0.0530303120613 var 0.0536215901375 ext 1 total 890 max 980 start_euler 113.191925049 40.6092376709 206.469497681
VT run radius_deg 0.329218059778 steps 10 cost 0.854019343853 gmin 0.0530303120613 var 0.0010059234919 ext 1 total 900 max 990 start_euler 115.992134094 41.0220108032 204.207504272
VT run radius_deg 0.329218059778 steps 10 cost 0.947624444962 gmin 0.0530303120613 var 0.000125717109768 ext 0 total 910 max 990 start_euler 116.223396301 41.2887115479 203.791229248
VT run radius_deg 0.329218059778 steps 10 cost 0.462121188641 gmin 0.0530303120613 var 0.020914228633 ext 1 total 920 max 1000 start_euler 114.907341003 39.8441123962 205.611724854
VT run radius_deg 0.329218059778 steps 10 cost 0.382058143616 gmin 0.0530303120613 var 0.0324822179973 ext 1 total 930 max 1010 start_euler 114.986297607 41.0693359375 204.231994629
VT run radius_deg 0.329218059778 steps 10 cost 0.903186798096 gmin 0.0530303120613 var 0.000353905837983 ext 0 total 940 max 1010 start_euler 114.584938049 41.1085472107 205.049514771
VT run radius_deg 0.329218059778 steps 10 cost 0.693902015686 gmin 0.0530303120613 var 0.00282378308475 ext 1 total 950 max 1020 start_euler 113.927940369 40.0014686584 205.758224487
VT run radius_deg 0.329218059778 steps 10 cost 0.744247317314 gmin 0.0530303120613 var 0.00418415758759 ext 1 total 960 max 1030 start_euler 114.39994812 40.4476280212 205.234085083
VT run radius_deg 0.329218059778 steps 10 cost 0.377591729164 gmin 0.0530303120613 var 0.0213445853442 ext 1 total 970 max 1040 start_euler 115.647651672 39.9059104919 204.340515137
VT run radius_deg 0.329218059778 steps 10 cost 0.642930150032 gmin 0.0530303120613 var 0.0129883754998 ext 1 total 980 max 1050 start_euler 115.613990784 41.0995903015 203.882553101
VT run radius_deg 0.329218059778 steps 10 cost 0.916434049606 gmin 0.0530303120613 var 0.00031646489515 ext 0 total 990 max 1050 start_euler 116.263816833 41.1009292603 204.08770752
VT run radius_deg 0.329218059778 steps 10 cost 0.280913114548 gmin 0.0530303120613 var 0.0359977893531 ext 1 total 1000 max 1060 start_euler 116.195335388 40.2602310181 203.696594238
VT run radius_deg 0.329218059778 steps 10 cost 0.106060743332 gmin 0.0530303120613 var 0.0673514008522 ext 1 total 1010 max 1070 start_euler 115.524635315 40.4283905029 205.248794556
VT run radius_deg 0.329218059778 steps 10 cost 0.698572158813 gmin 0.0530303120613 var 0.00671690842137 ext 1 total 1020 max 1080 start_euler 114.357574463 40.32371521 204.802947998
VT run radius_deg 0.329218059778 steps 10 cost 0.538174569607 gmin 0.0530303120613 var 0.0152408909053 ext 1 total 1030 max 1090 start_euler 114.536491394 40.8106689453 204.517852783
VT run radius_deg 0.329218059778 steps 10 cost 0.548412680626 gmin 0.0530303120613 var 0.0147179411724 ext 1 total 1040 max 1100 start_euler 115.27922821 39.5907592773 205.38394165
VT run radius_deg 0.329218059778 steps 10 cost 0.649676561356 gmin 0.0530303120613 var 0.00633454462513 ext 1 total 1050 max 1110 start_euler 113.907417297 40.0158157349 206.011230469
VT run radius_deg 0.329218059778 steps 10 cost 0.827428340912 gmin 0.0530303120613 var 0.00414090324193 ext 1 total 1060 max 1120 start_euler 115.927894592 39.9144668579 202.688201904
VT run radius_deg 0.329218059778 steps 10 cost 0.888059735298 gmin 0.0530303120613 var 0.000730875181034 ext 1 total 1070 max 1130 start_euler 115.25605011 39.1873474121 205.174209595
VT run radius_deg 0.329218059778 steps 10 cost 0.495894491673 gmin 0.0530303120613 var 0.0160939544439 ext 1 total 1080 max 1140 start_euler 113.935752869 40.3679466248 205.163787842
VT run radius_deg 0.329218059778 steps 10 cost 0.831759572029 gmin 0.0530303120613 var 0.0015461014118 ext 1 total 1090 max 1150 start_euler 114.123916626 38.9097366333 205.167800903
VT run radius_deg 0.329218059778 steps 10 cost 0.75974625349 gmin 0.0530303120613 var 0.0051090484485 ext 1 total 1100 max 1160 start_euler 115.68686676 39.2058296204 204.274734497
VT run radius_deg 0.329218059778 steps 10 cost 0.84583234787 gmin 0.0530303120613 var 0.00210794084705 ext 1 total 1110 max 1170 start_euler 112.708114624 40.5293807983 206.798248291
VT run radius_deg 0.329218059778 steps 10 cost 0.932729244232 gmin 0.0530303120613 var 0.000323537853546 ext 0 total 1120 max 1170 start_euler 115.739486694 41.060459137 205.040863037
VT run radius_deg 0.329218059778 steps 10 cost 0.823529422283 gmin 0.0530303120613 var 0.00207111751661 ext 1 total 1130 max 1180 start_euler 113.493293762 38.7231140137 205.773590088
VT run radius_deg 0.329218059778 steps 10 cost 0.93410885334 gmin 0.0530303120613 var 0.000378379045287 ext 0 total 1140 max 1180 start_euler 115.61882782 41.1032447815 204.544403076
VT run radius_deg 0.329218059778 steps 10 cost 0.788054168224 gmin 0.0530303120613 var 0.0036693692673 ext 1 total 1150 max 1190 start_euler 114.43460083 41.3520774841 204.400177002
VT run radius_deg 0.329218059778 steps 10 cost 0.455899894238 gmin 0.0530303120613 var 0.01459967345 ext 1 total 1160 max 1200 start_euler 115.603912354 40.329158783 203.945800781
VT run radius_deg 0.329218059778 steps 10 cost 0.490796506405 gmin 0.0530303120613 var 0.0288533270359 ext 1 total 1170 max 1210 start_euler 115.046951294 41.1236763 204.55696106
VT run radius_deg 0.329218059778 steps 10 cost 0.62648332119 gmin 0.0530303120613 var 0.0149558279663 ext 1 total 1180 max 1220 start_euler 114.084518433 40.9938812256 205.656997681
VT run radius_deg 0.329218059778 steps 10 cost 0.897945821285 gmin 0.0530303120613 var 0.000789412646554 ext 1 total 1190 max 1230 start_euler 115.992698669 39.5226135254 202.514816284
VT run radius_deg 0.329218059778 steps 10 cost 0.807884573936 gmin 0.0530303120613 var 0.00143965112511 ext 1 total 1200 max 1240 start_euler 116.336601257 39.9329986572 203.887756348
VT run radius_deg 0.329218059778 steps 10 cost 0.411675691605 gmin 0.0530303120613 var 0.0211750809103 ext 1 total 1210 max 1250 start_euler 115.632583618 39.4385147095 204.270690918
VT run radius_deg 0.329218059778 steps 10 cost 0.593033909798 gmin 0.0530303120613 var 0.0108037628233 ext 1 total 1220 max 1260 start_euler 113.861984253 40.5454788208 205.819641113
VT run radius_deg 0.329218059778 steps 10 cost 0.914936602116 gmin 0.0530303120613 var 0.000614165677689 ext 1 total 1230 max 1270 start_euler 114.49848938 41.2794456482 204.580749512
VT run radius_deg 0.329218059778 steps 10 cost 0.940769195557 gmin 0.0530303120613 var 0.000317179627018 ext 0 total 1240 max 1270 start_euler 113.999160767 40.5889129639 206.715255737
VT run radius_deg 0.329218059778 steps 10 cost 0.578259468079 gmin 0.0530303120613 var 0.0130884842947 ext 1 total 1250 max 1280 start_euler 115.066825867 40.2562980652 205.85710144
VT run radius_deg 0.329218059778 steps 10 cost 0.852941155434 gmin 0.0530303120613 var 0.00102671491913 ext 1 total 1260 max 1290 start_euler 114.607505798 39.3286094666 204.337905884
VT run radius_deg 0.329218059778 steps 10 cost 0.30728417635 gmin 0.0530303120613 var 0.0447584763169 ext 1 total 1270 max 1300 start_euler 114.288383484 39.8306694031 205.55859375
VT run radius_deg 0.329218059778 steps 10 cost 0.279793679714 gmin 0.0530303120613 var 0.0384174063802 ext 1 total 1280 max 1310 start_euler 115.767059326 39.8635597229 204.336334229
VT run radius_deg 0.329218059778 steps 10 cost 0.774774074554 gmin 0.0530303120613 var 0.0041379458271 ext 1 total 1290 max 1320 start_euler 113.50919342 40.2656440735 206.238082886
VT run radius_deg 0.329218059778 steps 10 cost 0.414425075054 gmin 0.0530303120613 var 0.0308590047061 ext 1 total 1300 max 1330 start_euler 115.541511536 39.4731178284 204.631744385
VT run radius_deg 0.329218059778 steps 10 cost 0.842977643013 gmin 0.0530303120613 var 0.00204180320725 ext 1 total 1310 max 1340 start_euler 115.698875427 41.5396728516 203.803466797
VT run radius_deg 0.329218059778 steps 10 cost 0.418203949928 gmin 0.0530303120613 var 0.0206522606313 ext 1 total 1320 max 1350 start_euler 115.215637207 40.3725700378 204.46383667
VT run radius_deg 0.329218059778 steps 10 cost 0.593639016151 gmin 0.0530303120613 var 0.00981888361275 ext 1 total 1330 max 1360 start_euler 115.687866211 39.9128723145 203.854217529
VT run radius_deg 0.329218059778 steps 10 cost 0.851999700069 gmin 0.0530303120613 var 0.00109788915142 ext 1 total 1340 max 1370 start_euler 115.003219604 38.9143638611 205.361175537
VT run radius_deg 0.329218059778 steps 10 cost 0.817577004433 gmin 0.0530303120613 var 0.00160778814461 ext 1 total 1350 max 1380 start_euler 114.17301178 39.1246337891 205.634796143
VT run radius_deg 0.329218059778 steps 10 cost 0.754311800003 gmin 0.0530303120613 var 0.00317574036308 ext 1 total 1360 max 1390 start_euler 116.070236206 40.4121246338 203.962509155
VT run radius_deg 0.329218059778 steps 10 cost 0.65087389946 gmin 0.0530303120613 var 0.0117040527984 ext 1 total 1370 max 1400 start_euler 116.070114136 40.8463935852 204.473129272
VT run radius_deg 0.329218059778 steps 10 cost 0.283032536507 gmin 0.0530303120613 var 0.0411808155477 ext 1 total 1380 max 1410 start_euler 116.295097351 40.0774993896 203.762390137
VT run radius_deg 0.329218059778 steps 10 cost 0.210730075836 gmin 0.0530303120613 var 0.0412376113236 ext 1 total 1390 max 1420 start_euler 115.486923218 39.6168365479 204.217193604
VT run radius_deg 0.329218059778 steps 10 cost 0.867201805115 gmin 0.0530303120613 var 0.000923865300138 ext 1 total 1400 max 1430 start_euler 116.378341675 41.0991249084 203.965209961
VT run radius_deg 0.329218059778 steps 10 cost 0.529843330383 gmin 0.0530303120613 var 0.0136320348829 ext 1 total 1410 max 1440 start_euler 114.379180908 39.1100158691 204.262390137
VT run radius_deg 0.329218059778 steps 10 cost 0.900497496128 gmin 0.0530303120613 var 0.000935976277106 ext 1 total 1420 max 1450 start_euler 114.923812866 40.9822120667 203.518951416
VT run radius_deg 0.329218059778 steps 10 cost 0.899602293968 gmin 0.0530303120613 var 0.000343992520357 ext 0 total 1430 max 1450 start_euler 116.216903687 41.0031433105 204.084564209
VT run radius_deg 0.329218059778 steps 10 cost 0.932752907276 gmin 0.0530303120613 var 0.000220754300244 ext 0 total 1440 max 1450 start_euler 115.88835907 38.9441184998 204.609649658
VT run radius_deg 0.329218059778 steps 10 cost 0.816025137901 gmin 0.0530303120613 var 0.00131863798015 ext 1 total 1450 max 1460 start_euler 116.443397522 40.8225479126 203.794662476
VT run radius_deg 0.329218059778 steps 10 cost 0.880596995354 gmin 0.0530303120613 var 0.000585473200772 ext 1 total 1460 max 1470 start_euler 115.202033997 41.0957183838 205.200973511
VT run radius_deg 0.329218059778 steps 10 cost 0.700418591499 gmin 0.0530303120613 var 0.00772134726867 ext 1 total 1470 max 1480 start_euler 115.682647705 40.3790512085 203.258850098
VT run radius_deg 0.329218059778 steps 10 cost 0.278369545937 gmin 0.0530303120613 var 0.0406052544713 ext 1 total 1480 max 1490 start_euler 114.167556763 39.0842895508 205.639419556
VT run radius_deg 0.329218059778 steps 10 cost 0.848880589008 gmin 0.0530303120613 var 0.00130725454073 ext 1 total 1490 max 1500 start_euler 116.673049927 40.2556686401 203.793533325
VT run radius_deg 0.329218059778 steps 10 cost 0.886460542679 gmin 0.0530303120613 var 0.000448752514785 ext 1 total 1500 max 1510 start_euler 113.819854736 41.0388412476 205.022277832
VT run radius_deg 0.329218059778 steps 10 cost 0.113636374474 gmin 0.0530303120613 var 0.0475509688258 ext 1 total 1510 max 1520 start_euler 114.389518738 40.2782325745 205.160949707
VT run radius_deg 0.329218059778 steps 10 cost 0.700481057167 gmin 0.0530303120613 var 0.00737239187583 ext 1 total 1520 max 1530 start_euler 115.949256897 39.2525939941 204.467956543
VT run radius_deg 0.329218059778 steps 10 cost 0.766320824623 gmin 0.0530303120613 var 0.00405557127669 ext 1 total 1530 max 1540 start_euler 114.825935364 40.328327179 206.304733276
VT run radius_deg 0.329218059778 steps 10 cost 0.507561683655 gmin 0.0530303120613 var 0.0238639526069 ext 1 total 1540 max 1550 start_euler 114.791633606 39.197227478 205.35508728
VT run radius_deg 0.329218059778 steps 10 cost 0.900360524654 gmin 0.0530303120613 var 0.000435102323536 ext 1 total 1550 max 1560 start_euler 114.141838074 38.9621009827 204.874038696
VT run radius_deg 0.329218059778 steps 10 cost 0.264881074429 gmin 0.0530303120613 var 0.0554124489427 ext 1 total 1560 max 1570 start_euler 114.492149353 39.3262519836 205.547668457
VT run radius_deg 0.329218059778 steps 10 cost 0.498316466808 gmin 0.0530303120613 var 0.0127444118261 ext 1 total 1570 max 1580 start_euler 115.78679657 40.1228904724 204.295425415
VT run radius_deg 0.329218059778 steps 10 cost 0.969696998596 gmin 0.0530303120613 var 0.000107761297841 ext 0 total 1580 max 1580 start_euler 115.085365295 38.6054458618 205.608123779
0	|R_0| 0.0475190579891	|Step | 1580	|GlbPts| 158	|R_c| 0.329218059778	|MCS| 1580	|Var| 0.000107761297841	|C_i| 0.0530303120613	|C_f|0.0530303120613	[ 115.025444031 40.0699081421 204.711196899]
  After Variance Optimization 
  After Voxel Cost calculation 
[ 	1	 1 	0.946969687939 ]
Adaptive Reconstruction 13.161775666 sec, evals=250328
VOXEL_SUMMARY voxel=1 basic_sec=0.931044 basic_evals=18010 adap_sec=13.161775666 adap_evals=250328 adap_us_per_eval=52.5781201703
[ 0.818181812763 0.805755376816 0.746853888035 ]
Normal Reconstruction 0.945723625 sec, evals=18108
Num Cliques 4491 MaxRange 0.104916572571 MaxRangeCliqueID: 4031 MinCostCliqueID 4031 0.865671634674 | -0.5 -0.5 0.5 | 6.36241036133e+28 9.80908925027e-45 -0.5
 || Num candiates 8151
Num Cliques 2033 MaxRange 0.0909090638161 MaxRangeCliqueID: 17 MinCostCliqueID 0 0.121212124825 | -0.5 -0.5 0.5 | 6.36241036133e+28 9.80908925027e-45 -0.5
 || Num candiates 2470
Num Cliques 617 MaxRange 0.19810038805 MaxRangeCliqueID: 17 MinCostCliqueID 0 0.121212124825 | -0.5 -0.5 0.5 | 6.36241036133e+28 9.80908925027e-45 -0.5
 || Num candiates 680
Num Cliques 170 MaxRange 0.251336872578 MaxRangeCliqueID: 7 MinCostCliqueID 1 0.0757575631142 | -0.5 -0.5 0.5 | 6.36241036133e+28 9.80908925027e-45 -0.5
 || Num candiates 183
 |  Before final optimization 
 nLocalOptCandidates 30
  After Final Optimization 
VM 0.674358189106 0.453191310167 0.58297419548 -0.68756633997 0.673266947269 0.271963000298 -0.269245743752 -0.584233939648 0.765622198582 cost 0.0530303120613
VT run radius_deg 0.0475190579891 steps 10 cost 0.0530303120613 gmin 0.0530303120613 var 0.0736118927598 ext 1 total 10 max 210 start_euler 115.009490967 40.0376167297 204.742736816
VM 0.673010230064 0.450537800789 0.586577534676 -0.687566637993 0.673386156559 0.271666735411 -0.272596806288 -0.586145699024 0.76297056675 cost 0.447570979595
VT run radius_deg 0.0950381159782 steps 10 cost 0.198863744736 gmin 0.0530303120613 var 0.00845078937709 ext 1 total 20 max 220 start_euler 114.85067749 40.2732124329 204.941558838
VM 0.682802975178 0.453107178211 0.573126673698 -0.67930495739 0.682486534119 0.269734561443 -0.268932312727 -0.573503375053 0.773801743984 cost 0.884498298168
VT run radius_deg 0.190076231956 steps 10 cost 0.292424321175 gmin 0.0530303120613 var 0.0419456139207 ext 1 total 30 max 230 start_euler 115.203399658 39.3034706116 205.12322998
VM 0.675884008408 0.450463116169 0.583321511745 -0.680805683136 0.684746026993 0.260050356388 -0.282283782959 -0.572892546654 0.76948684454 cost 0.988983631134
VT run radius_deg 0.329218059778 steps 10 cost 0.18270945549 gmin 0.0530303120613 var 0.0788350477815 ext 1 total 40 max 240 start_euler 114.027770996 39.6921691895 206.231048584
VM 0.67178350687 0.439104110003 0.596569120884 -0.690095126629 0.663687765598 0.288594722748 -0.269212245941 -0.60556268692 0.748878180981 cost 0.960553586483
VT run radius_deg 0.329218059778 steps 10 cost 0.949275374413 gmin 0.0530303120613 var 0.000224472052651 ext 0 total 50 max 240 start_euler 115.815711975 41.5066986084 203.968276978
VM 0.669935643673 0.470759093761 0.574083983898 -0.694191455841 0.671356856823 0.259572446346 -0.2632188797 -0.572421073914 0.776562869549 cost 0.923773944378
VT run radius_deg 0.329218059778 steps 10 cost 0.607142806053 gmin 0.0530303120613 var 0.0144648449495 ext 1 total 60 max 250 start_euler 114.330123901 39.0530509949 204.694595337
VM 0.676429748535 0.460164874792 0.575057566166 -0.68704199791 0.675559163094 0.267568349838 -0.265359610319 -0.576079964638 0.773120999336 cost 0.850446462631
VT run radius_deg 0.329218059778 steps 10 cost 0.774151921272 gmin 0.0530303120613 var 0.00164655968547 ext 1 total 70 max 260 start_euler 114.952064514 39.3650093079 204.732208252
VM 0.672330796719 0.443661719561 0.592567205429 -0.690745234489 0.66382920742 0.286708116531 -0.266161739826 -0.602075695992 0.752770006657 cost 0.969230771065
VT run radius_deg 0.329218059778 steps 10 cost 0.903316736221 gmin 0.0530303120613 var 0.000549949763808 ext 1 total 80 max 270 start_euler 115.819580078 41.1690979004 203.848953247
VM 0.689218103886 0.452657818794 0.565755784512 -0.673985183239 0.68712323904 0.271302968264 -0.265936285257 -0.568297922611 0.778662443161 cost 0.969696998596
VT run radius_deg 0.329218059778 steps 10 cost 0.922623753548 gmin 0.0530303120613 var 0.000234905470279 ext 0 total 90 max 270 start_euler 115.619606018 38.8617210388 205.077346802
VM 0.684028327465 0.443530142307 0.579125642776 -0.675066769123 0.685709118843 0.272190183401 -0.276386916637 -0.577134311199 0.768456995487 cost 0.848338365555
VT run radius_deg 0.329218059778 steps 10 cost 0.848338365555 gmin 0.0530303120613 var 0.00109186710324 ext 1 total 100 max 280 start_euler 115.173606873 39.7844619751 205.589538574
VM 0.658974170685 0.457906842232 0.596719920635 -0.704161465168 0.654446184635 0.275420635939 -0.26440384984 -0.601682245731 0.753703534603 cost 0.957521378994
VT run radius_deg 0.329218059778 steps 10 cost 0.948914527893 gmin 0.0530303120613 var 0.000134081419674 ext 0 total 110 max 280 start_euler 114.776039124 41.0877799988 203.72265625
VM 0.663810670376 0.450189203024 0.597231388092 -0.688128709793 0.680451393127 0.251921504736 -0.292974323034 -0.578200280666 0.761479079723 cost 0.971367537975
VT run radius_deg 0.329218059778 steps 10 cost 0.875869393349 gmin 0.0530303120613 var 0.00080971774878 ext 1 total 120 max 290 start_euler 112.870765686 40.4052314758 206.871353149
VM 0.670273005962 0.446669816971 0.592638552189 -0.684867084026 0.679871857166 0.262166321278 -0.285816192627 -0.58160161972 0.761609137058 cost 0.925749003887
VT run radius_deg 0.329218059778 steps 10 cost 0.756506562233 gmin 0.0530303120613 var 0.00307003338821 ext 1 total 130 max 300 start_euler 113.863220215 40.3937301636 206.17086792
VM 0.6705468297 0.467571049929 0.575972676277 -0.696433484554 0.664262235165 0.27154353261 -0.255630761385 -0.583209276199 0.771051108837 cost 0.928308844566
VT run radius_deg 0.329218059778 steps 10 cost 0.874663591385 gmin 0.0530303120613 var 0.000566973059904 ext 1 total 140 max 310 start_euler 115.241622925 39.5516242981 203.668670654
VM 0.677417218685 0.447581857443 0.583760678768 -0.680509209633 0.68263733387 0.266295284033 -0.279307723045 -0.5776476264 0.767013967037 cost 0.90332877636
VT run radius_deg 0.329218059778 steps 10 cost 0.587791442871 gmin 0.0530303120613 var 0.0120524214581 ext 1 total 150 max 320 start_euler 114.521141052 39.9134979248 205.804977417
VM 0.683513581753 0.440608680248 0.581956505775 -0.675092995167 0.684785366058 0.274441570044 -0.27759373188 -0.580459356308 0.765511989594 cost 0.899274945259
VT run radius_deg 0.329218059778 steps 10 cost 0.655844211578 gmin 0.0530303120613 var 0.00706075504422 ext 1 total 160 max 330 start_euler 115.247825623 40.0474319458 205.558578491
VM 0.660172879696 0.450055480003 0.60135024786 -0.700666189194 0.657457590103 0.277157217264 -0.270625948906 -0.604317486286 0.749374330044 cost 0.971014499664
VT run radius_deg 0.329218059778 steps 10 cost 0.914854288101 gmin 0.0530303120613 var 0.000339012971381 ext 0 total 170 max 330 start_euler 114.744560242 41.4637832642 204.123825073
VM 0.682805597782 0.451917111874 0.574062526226 -0.678998172283 0.682577431202 0.270276278257 -0.269699364901 -0.574333548546 0.772918522358 cost 0.860341191292
VT run radius_deg 0.329218059778 steps 10 cost 0.50574862957 gmin 0.0530303120613 var 0.0196176115423 ext 1 total 180 max 340 start_euler 115.211677551 39.3832969666 205.15411377
VM 0.657925784588 0.452076733112 0.602296173573 -0.698657989502 0.664926350117 0.264101684093 -0.281088083982 -0.594558358192 0.753319203854 cost 0.931632637978
VT run radius_deg 0.329218059778 steps 10 cost 0.931249976158 gmin 0.0530303120613 var 0.000255499529885 ext 0 total 190 max 340 start_euler 113.677032471 41.1212730408 205.303283691
VM 0.676081299782 0.458684831858 0.576647639275 -0.692129731178 0.663767635822 0.283493757248 -0.252725541592 -0.590779840946 0.766230344772 cost 0.945928037167
VT run radius_deg 0.329218059778 steps 10 cost 0.747074246407 gmin 0.0530303120613 var 0.00709898769855 ext 1 total 200 max 350 start_euler 116.179832458 39.9834213257 203.160415649
VM 0.679548561573 0.446964621544 0.581753015518 -0.681363463402 0.678469598293 0.274631619453 -0.271950900555 -0.583010852337 0.765598475933 cost 0.584255576134
VT run radius_deg 0.329218059778 steps 10 cost 0.487802565098 gmin 0.0530303120613 var 0.0108409076929 ext 1 total 210 max 360 start_euler 115.270866394 40.039730072 205.007141113
VM 0.666891276836 0.445256650448 0.597497105598 -0.685006916523 0.68193167448 0.256387323141 -0.29329380393 -0.580272138119 0.75977820158 cost 0.961538434029
VT run radius_deg 0.329218059778 steps 10 cost 0.91305398941 gmin 0.0530303120613 var 0.000545939488802 ext 1 total 220 max 370 start_euler 113.224273682 40.5553474426 206.813934326
VM 0.680061995983 0.430839926004 0.593205571175 -0.680222809315 0.672643840313 0.291285187006 -0.273518562317 -0.601603925228 0.750506639481 cost 0.985507249832
VT run radius_deg 0.329218059778 steps 10 cost 0.949275374413 gmin 0.0530303120613 var 0.000313224038109 ext 0 total 230 max 370 start_euler 116.152687073 41.3657112122 204.448867798
VM 0.679779887199 0.445916414261 0.582286894321 -0.686562359333 0.666123330593 0.291396081448 -0.257936358452 -0.597861468792 0.758966684341 cost 0.885662555695
VT run radius_deg 0.329218059778 steps 10 cost 0.755904316902 gmin 0.0530303120613 var 0.00411280570552 ext 1 total 240 max 380 start_euler 116.58493042 40.6268081665 203.336898804
VM 0.657735407352 0.453820288181 0.601191878319 -0.700636863708 0.661647558212 0.267077326775 -0.276571720839 -0.596883356571 0.753152191639 cost 0.970149278641
VT run radius_deg 0.329218059778 steps 10 cost 0.865530252457 gmin 0.0530303120613 var 0.00099653552752 ext 1 total 250 max 390 start_euler 113.95300293 41.1358184814 204.861099243
VM 0.687415599823 0.45397862792 0.566889286041 -0.674457132816 0.688563287258 0.266435593367 -0.269382834435 -0.565494477749 0.779518306255 cost 0.969696998596
VT run radius_deg 0.329218059778 steps 10 cost 0.95454543829 gmin 0.0530303120613 var 0.000124821264762 ext 0 total 260 max 390 start_euler 115.173324585 38.7835006714 205.471588135
VM 0.679343163967 0.450124084949 0.579552710056 -0.683587372303 0.675363183022 0.276753723621 -0.266834795475 -0.58418571949 0.766502559185 cost 0.54575163126
VT run radius_deg 0.329218059778 steps 10 cost 0.181818187237 gmin 0.0530303120613 var 0.0207505524158 ext 1 total 270 max 400 start_euler 115.525871277 39.9591407776 204.549194336
VM 0.676067054272 0.451988130808 0.58192807436 -0.681705772877 0.683425366879 0.261164307594 -0.27966094017 -0.573268353939 0.770164310932 cost 0.977611958981
VT run radius_deg 0.329218059778 steps 10 cost 0.838978648186 gmin 0.0530303120613 var 0.00161394884344 ext 1 total 280 max 410 start_euler 114.170120239 39.6313476562 206.00479126
VM 0.676859915257 0.438292086124 0.591405928135 -0.678420782089 0.683214485645 0.270116478205 -0.285666912794 -0.584053099155 0.759787023067 cost 0.947032988071
VT run radius_deg 0.329218059778 steps 10 cost 0.908424913883 gmin 0.0530303120613 var 0.000410377368098 ext 1 total 290 max 420 start_euler 114.547889709 40.5545692444 206.063781738
VM 0.688442826271 0.448338240385 0.570122361183 -0.679300427437 0.67403113842 0.290228456259 -0.254159510136 -0.587090134621 0.768588364124 cost 0.925384640694
VT run radius_deg 0.329218059778 steps 10 cost 0.570855617523 gmin 0.0530303120613 var 0.0170659758151 ext 1 total 300 max 430 start_euler 116.978973389 39.7727012634 203.408462524
VM 0.682328164577 0.44206854701 0.582240462303 -0.673682153225 0.689494550228 0.265987426043 -0.283866733313 -0.573735773563 0.768275260925 cost 0.948212742805
VT run radius_deg 0.329218059778 steps 10 cost 0.632070720196 gmin 0.0530303120613 var 0.0104066478088 ext 1 total 310 max 440 start_euler 114.552536011 39.8007316589 206.324783325
VM 0.682384490967 0.434172511101 0.588086664677 -0.677892208099 0.676884889603 0.286859959364 -0.273520022631 -0.594408214092 0.756218016148 cost 0.933525621891
VT run radius_deg 0.329218059778 steps 10 cost 0.890191853046 gmin 0.0530303120613 var 0.000523414171766 ext 1 total 320 max 450 start_euler 116.002426147 40.8680877686 204.709777832
VM 0.683131098747 0.44476544857 0.579237222672 -0.674988806248 0.687315642834 0.268304169178 -0.278786182404 -0.574265599251 0.769738435745 cost 0.897630274296
VT run radius_deg 0.329218059778 steps 10 cost 0.788189172745 gmin 0.0530303120613 var 0.00209747767076 ext 1 total 330 max 460 start_euler 114.853683472 39.6695899963 205.894973755
VM 0.672504365444 0.441546171904 0.59394878149 -0.682370305061 0.680649757385 0.266620397568 -0.286545574665 -0.584596455097 0.759037971497 cost 0.948809504509
VT run radius_deg 0.329218059778 steps 10 cost 0.906593441963 gmin 0.0530303120613 var 0.000417022034526 ext 1 total 340 max 470 start_euler 114.175048828 40.6205368042 206.112228394
VM 0.665404677391 0.449002414942 0.596350252628 -0.694990098476 0.664192557335 0.275384753942 -0.272442758083 -0.5976998806 0.754009068012 cost 0.934361815453
VT run radius_deg 0.329218059778 steps 10 cost 0.403234004974 gmin 0.0530303120613 var 0.0324997715652 ext 1 total 350 max 480 start_euler 114.786705017 41.0611343384 204.504379272
VM 0.678294837475 0.44512912631 0.584616422653 -0.677741885185 0.68637406826 0.26373514533 -0.283869147301 -0.575109302998 0.76724678278 cost 0.929239392281
VT run radius_deg 0.329218059778 steps 10 cost 0.810576915741 gmin 0.0530303120613 var 0.00412465725094 ext 1 total 360 max 490 start_euler 114.281326294 39.89270401 206.270553589
VM 0.676614522934 0.455722808838 0.578368186951 -0.690599441528 0.665263652802 0.283718824387 -0.255469948053 -0.59138906002 0.76484900713 cost 0.962686538696
VT run radius_deg 0.329218059778 steps 10 cost 0.775302052498 gmin 0.0530303120613 var 0.00277161435224 ext 1 total 370 max 500 start_euler 116.13028717 40.1064300537 203.363510132
VM 0.677952528 0.434903144836 0.592655003071 -0.673542916775 0.690470159054 0.263800412416 -0.294482707977 -0.578022778034 0.761031925678 cost 0.984615385532
VT run radius_deg 0.329218059778 steps 10 cost 0.741257190704 gmin 0.0530303120613 var 0.00488798227161 ext 1 total 380 max 510 start_euler 113.994621277 40.4447402954 206.997268677
VM 0.681896209717 0.438134670258 0.585709631443 -0.680001497269 0.674727916718 0.286949217319 -0.269472032785 -0.593953073025 0.758026659489 cost 0.895522356033
VT run radius_deg 0.329218059778 steps 10 cost 0.657675266266 gmin 0.0530303120613 var 0.00944942422211 ext 1 total 390 max 520 start_euler 116.101020813 40.7094535828 204.403442383
VM 0.668114185333 0.465232372284 0.580674231052 -0.696380972862 0.665845870972 0.267773389816 -0.262062430382 -0.58327370882 0.768840074539 cost 0.823121249676
VT run radius_deg 0.329218059778 steps 10 cost 0.614182174206 gmin 0.0530303120613 var 0.00849605537951 ext 1 total 400 max 530 start_euler 114.756416321 39.7501564026 204.19418335
VT run radius_deg 0.329218059778 steps 10 cost 0.728145003319 gmin 0.0530303120613 var 0.00361002376303 ext 1 total 410 max 540 start_euler 116.119476318 40.7809066772 204.448059082
VT run radius_deg 0.329218059778 steps 10 cost 0.771858692169 gmin 0.0530303120613 var 0.00638451334089 ext 1 total 420 max 550 start_euler 114.245262146 38.983833313 205.804962158
VT run radius_deg 0.329218059778 steps 10 cost 0.925373136997 gmin 0.0530303120613 var 0.000334457436111 ext 0 total 430 max 550 start_euler 114.593864441 38.8613739014 205.946395874
VT run radius_deg 0.329218059778 steps 10 cost 0.327665925026 gmin 0.0530303120613 var 0.0247748084366 ext 1 total 440 max 560 start_euler 115.627677917 40.5354537964 204.123809814
VT run radius_deg 0.329218059778 steps 10 cost 0.939393937588 gmin 0.0530303120613 var 0.000130653541419 ext 0 total 450 max 560 start_euler 115.058753967 38.6806869507 205.413314819
VT run radius_deg 0.329218059778 steps 10 cost 0.256138026714 gmin 0.0530303120613 var 0.0315940417349 ext 1 total 460 max 570 start_euler 115.17490387 39.869342804 203.835968018
VT run radius_deg 0.329218059778 steps 10 cost 0.390433728695 gmin 0.0530303120613 var 0.0315868481994 ext 1 total 470 max 580 start_euler 115.492683411 40.4420814514 204.034957886
VT run radius_deg 0.329218059778 steps 10 cost 0.498826622963 gmin 0.0530303120613 var 0.0125711141154 ext 1 total 480 max 590 start_euler 114.498634338 39.4277763367 204.83895874
VT run radius_deg 0.329218059778 steps 10 cost 0.542849361897 gmin 0.0530303120613 var 0.0173857379705 ext 1 total 490 max 600 start_euler 114.047012329 40.0234375 205.801940918
VT run radius_deg 0.329218059778 steps 10 cost 0.366871237755 gmin 0.0530303120613 var 0.0407183356583 ext 1 total 500 max 610 start_euler 116.167289734 39.8304328918 203.874664307
VT run radius_deg 0.329218059778 steps 10 cost 0.935966670513 gmin 0.0530303120613 var 0.000183113545063 ext 0 total 510 max 610 start_euler 116.046386719 41.4345016479 203.921310425
VT run radius_deg 0.329218059778 steps 10 cost 0.893558502197 gmin 0.0530303120613 var 0.00162171316333 ext 1 total 520 max 620 start_euler 116.198738098 40.22133255 203.034423828
VT run radius_deg 0.329218059778 steps 10 cost 0.407079696655 gmin 0.0530303120613 var 0.0234196130186 ext 1 total 530 max 630 start_euler 114.946052551 39.4627723694 205.208328247
VT run radius_deg 0.329218059778 steps 10 cost 0.423497498035 gmin 0.0530303120613 var 0.0234000179917 ext 1 total 540 max 640 start_euler 116.327186584 39.4314041138 203.909255981
VT run radius_deg 0.329218059778 steps 10 cost 0.837692320347 gmin 0.0530303120613 var 0.000732981716283 ext 1 total 550 max 650 start_euler 113.508369446 39.9640312195 205.603408813
VT run radius_deg 0.329218059778 steps 10 cost 0.888308465481 gmin 0.0530303120613 var 0.000601681182161 ext 1 total 560 max 660 start_euler 115.974349976 41.2971878052 204.111206055
VT run radius_deg 0.329218059778 steps 10 cost 0.793836832047 gmin 0.0530303120613 var 0.00182155636139 ext 1 total 570 max 670 start_euler 115.969612122 40.6981124878 204.753509521
VT run radius_deg 0.329218059778 steps 10 cost 0.938166320324 gmin 0.0530303120613 var 0.000222641072469 ext 0 total 580 max 670 start_euler 116.735809326 39.7637176514 202.685852051
VT run radius_deg 0.329218059778 steps 10 cost 0.429351806641 gmin 0.0530303120613 var 0.0168822016567 ext 1 total 590 max 680 start_euler 115.051254272 40.4474716187 204.27532959
VT run radius_deg 0.329218059778 steps 10 cost 0.796969652176 gmin 0.0530303120613 var 0.00178080541082 ext 1 total 600 max 690 start_euler 114.892189026 39.3439216614 204.096923828
VT run radius_deg 0.329218059778 steps 10 cost 0.815884828568 gmin 0.0530303120613 var 0.00208643218502 ext 1 total 610 max 700 start_euler 115.93838501 41.1368141174 203.523574829
VT run radius_deg 0.329218059778 steps 10 cost 0.956561088562 gmin 0.0530303120613 var 0.000121130564366 ext 0 total 620 max 700 start_euler 115.687103271 38.827922821 204.931533813
VT run radius_deg 0.329218059778 steps 10 cost 0.356060624123 gmin 0.0530303120613 var 0.0318320840597 ext 1 total 630 max 710 start_euler 114.063438416 40.25730896 205.942276001
VT run radius_deg 0.329218059778 steps 10 cost 0.808457732201 gmin 0.0530303120613 var 0.00223200349137 ext 1 total 640 max 720 start_euler 114.961723328 40.5008049011 205.656036377
VT run radius_deg 0.329218059778 steps 10 cost 0.870365381241 gmin 0.0530303120613 var 0.000651963695418 ext 1 total 650 max 730 start_euler 116.671768188 39.2245445251 203.866546631
VT run radius_deg 0.329218059778 steps 10 cost 0.865020275116 gmin 0.0530303120613 var 0.000625533575658 ext 1 total 660 max 740 start_euler 113.042144775 40.0411987305 205.99420166
VT run radius_deg 0.329218059778 steps 10 cost 0.208768963814 gmin 0.0530303120613 var 0.0361896902323 ext 1 total 670 max 750 start_euler 114.214263916 39.8874282837 205.213088989
VT run radius_deg 0.329218059778 steps 10 cost 0.639976143837 gmin 0.0530303120613 var 0.0122939739376 ext 1 total 680 max 760 start_euler 114.857368469 39.9699363708 203.71270752
VT run radius_deg 0.329218059778 steps 10 cost 0.914854288101 gmin 0.0530303120613 var 0.000295665638987 ext 0 total 690 max 760 start_euler 115.312789917 40.7768096924 203.702896118
VT run radius_deg 0.329218059778 steps 10 cost 0.89754575491 gmin 0.0530303120613 var 0.000724961573724 ext 1 total 700 max 770 start_euler 114.736000061 40.394367218 206.110610962
VT run radius_deg 0.329218059778 steps 10 cost 0.707346916199 gmin 0.0530303120613 var 0.00657335063443 ext 1 total 710 max 780 start_euler 113.525894165 39.7946205139 206.094451904
VT run radius_deg 0.329218059778 steps 10 cost 0.293894290924 gmin 0.0530303120613 var 0.0273032095283 ext 1 total 720 max 790 start_euler 115.393577576 40.1330184937 204.830322266
VT run radius_deg 0.329218059778 steps 10 cost 0.617182433605 gmin 0.0530303120613 var 0.0126561969519 ext 1 total 730 max 800 start_euler 114.793792725 39.6340904236 206.063491821
VT run radius_deg 0.329218059778 steps 10 cost 0.122158885002 gmin 0.0530303120613 var 0.0616616532207 ext 1 total 740 max 810 start_euler 115.219398499 39.1630134583 205.532104492
VT run radius_deg 0.329218059778 steps 10 cost 0.370537281036 gmin 0.0530303120613 var 0.028115157038 ext 1 total 750 max 820 start_euler 115.403663635 39.7451286316 205.318481445
VT run radius_deg 0.329218059778 steps 10 cost 0.893863976002 gmin 0.0530303120613 var 0.00099775264971 ext 1 total 760 max 830 start_euler 115.380493164 39.6863632202 203.290740967
VT run radius_deg 0.329218059778 steps 10 cost 0.772664308548 gmin 0.0530303120613 var 0.00367138301954 ext 1 total 770 max 840 start_euler 116.735671997 39.2990150452 203.743927002
VT run radius_deg 0.329218059778 steps 10 cost 0.855104923248 gmin 0.0530303120613 var 0.0013440590119 ext 1 total 780 max 850 start_euler 114.239372253 40.2023849487 206.213485718
VT run radius_deg 0.329218059778 steps 10 cost 0.401515245438 gmin 0.0530303120613 var 0.0303562693298 ext 1 total 790 max 860 start_euler 115.006896973 38.7772445679 205.085205078
VT run radius_deg 0.329218059778 steps 10 cost 0.936764717102 gmin 0.0530303120613 var 0.00040584182716 ext 1 total 800 max 870 start_euler 115.865058899 39.2364234924 203.242675781
VT run radius_deg 0.329218059778 steps 10 cost 0.717591106892 gmin 0.0530303120613 var 0.00572475697845 ext 1 total 810 max 880 start_euler 113.018165588 39.9156532288 206.288391113
VT run radius_deg 0.329218059778 steps 10 cost 0.890027701855 gmin 0.0530303120613 var 0.000483075709781 ext 1 total 820 max 890 start_euler 113.832580566 40.8842887878 204.955459595
VT run radius_deg 0.329218059778 steps 10 cost 0.317453861237 gmin 0.0530303120613 var 0.0326798595488 ext 1 total 830 max 900 start_euler 115.483657837 39.8151855469 203.427368164
VT run radius_deg 0.329218059778 steps 10 cost 0.41741579771 gmin 0.0530303120613 var 0.0141086671501 ext 1 total 840 max 910 start_euler 115.165313721 39.8593864441 204.354904175
VT run radius_deg 0.329218059778 steps 10 cost 0.778971910477 gmin 0.0530303120613 var 0.00440263655037 ext 1 total 850 max 920 start_euler 115.467773438 39.674785614 205.423156738
VT run radius_deg 0.329218059778 steps 10 cost 0.901990234852 gmin 0.0530303120613 var 0.00051948975306 ext 1 total 860 max 930 start_euler 114.539291382 40.3325996399 206.525436401
VT run radius_deg 0.329218059778 steps 10 cost 0.334197819233 gmin 0.0530303120613 var 0.0412385351956 ext 1 total 870 max 940 start_euler 114.605812073 39.910861969 205.740097046
VT run radius_deg 0.329218059778 steps 10 cost 0.527287364006 gmin 0.0530303120613 var 0.010978879407 ext 1 total 880 max 950 start_euler 113.660987854 39.9194831848 205.296646118
VT run radius_deg 0.329218059778 steps 10 cost 0.098484992981 gmin 0.0530303120613 var 0.0595195218921 ext 1 total 890 max 960 start_euler 115.666717529 39.727180481 203.596008301
VT run radius_deg 0.329218059778 steps 10 cost 0.878251612186 gmin 0.0530303120613 var 0.00126347946934 ext 1 total 900 max 970 start_euler 114.249351501 39.1873397827 206.029647827
VT run radius_deg 0.329218059778 steps 10 cost 0.336841881275 gmin 0.0530303120613 var 0.0424907281995 ext 1 total 910 max 980 start_euler 115.699913025 40.3595123291 203.496795654
VT run radius_deg 0.329218059778 steps 10 cost 0.853535354137 gmin 0.0530303120613 var 0.00136331736576 ext 1 total 920 max 990 start_euler 114.365242004 41.0957298279 205.105728149
VT run radius_deg 0.329218059778 steps 10 cost 0.91666662693 gmin 0.0530303120613 var 0.000435009977082 ext 1 total 930 max 1000 start_euler 116.358413696 39.5677680969 202.718597412
VT run radius_deg 0.329218059778 steps 10 cost 0.876923084259 gmin 0.0530303120613 var 0.000579986372031 ext 1 total 940 max 1010 start_euler 112.746101379 39.6184997559 206.40788269
VT run radius_deg 0.329218059778 steps 10 cost 0.757352948189 gmin 0.0530303120613 var 0.00619819993153 ext 1 total 950 max 1020 start_euler 114.013336182 40.9194297791 205.972167969
VT run radius_deg 0.329218059778 steps 10 cost 0.894999504089 gmin 0.0530303120613 var 0.00110159115866 ext 1 total 960 max 1030 start_euler 113.540428162 40.4079818726 206.668685913
VT run radius_deg 0.329218059778 steps 10 cost 0.48060965538 gmin 0.0530303120613 var 0.0288903769106 ext 1 total 970 max 1040 start_euler 114.152748108 40.4615478516 204.632873535
VT run radius_deg 0.329218059778 steps 10 cost 0.500578582287 gmin 0.0530303120613 var 0.0182413123548 ext 1 total 980 max 1050 start_euler 114.952613831 39.2732276917 205.018859863
VT run radius_deg 0.329218059778 steps 10 cost 0.917347788811 gmin 0.0530303120613 var 0.000532567617483 ext 1 total 990 max 1060 start_euler 114.946418762 38.9134254456 204.766555786
VT run radius_deg 0.329218059778 steps 10 cost 0.754870176315 gmin 0.0530303120613 var 0.007488518022 ext 1 total 1000 max 1070 start_euler 115.69329071 39.3642845154 203.875640869
VT run radius_deg 0.329218059778 steps 10 cost 0.907384634018 gmin 0.0530303120613 var 0.000517793640029 ext 1 total 1010 max 1080 start_euler 116.901359558 39.8175468445 203.120788574
VT run radius_deg 0.329218059778 steps 10 cost 0.917164206505 gmin 0.0530303120613 var 0.000250996352406 ext 0 total 1020 max 1080 start_euler 115.705833435 41.1981277466 204.381713867
VT run radius_deg 0.329218059778 steps 10 cost 0.376623392105 gmin 0.0530303120613 var 0.0278472416103 ext 1 total 1030 max 1090 start_euler 115.292411804 39.3570556641 204.794799805
VT run radius_deg 0.329218059778 steps 10 cost 0.972388029099 gmin 0.0530303120613 var 7.50580657041e-05 ext 0 total 1040 max 1090 start_euler 114.147148132 40.368473053 206.900253296
VT run radius_deg 0.329218059778 steps 10 cost 0.745471119881 gmin 0.0530303120613 var 0.00335461762734 ext 1 total 1050 max 1100 start_euler 115.273025513 40.5516891479 205.63192749
VT run radius_deg 0.329218059778 steps 10 cost 0.507575690746 gmin 0.0530303120613 var 0.0215735435486 ext 1 total 1060 max 1110 start_euler 115.780960083 40.9640350342 204.358230591
VT run radius_deg 0.329218059778 steps 10 cost 0.879107236862 gmin 0.0530303120613 var 0.000719352334272 ext 1 total 1070 max 1120 start_euler 114.203804016 38.8236999512 204.786941528
VT run radius_deg 0.329218059778 steps 10 cost 0.834988534451 gmin 0.0530303120613 var 0.00212711468339 ext 1 total 1080 max 1130 start_euler 115.652107239 39.9301681519 203.330825806
VT run radius_deg 0.329218059778 steps 10 cost 0.151515245438 gmin 0.0530303120613 var 0.0524189658463 ext 1 total 1090 max 1140 start_euler 114.853050232 40.4909439087 204.926635742
VT run radius_deg 0.329218059778 steps 10 cost 0.87639439106 gmin 0.0530303120613 var 0.000717429968063 ext 1 total 1100 max 1150 start_euler 112.917442322 39.7351951599 206.246932983
VT run radius_deg 0.329218059778 steps 10 cost 0.870372533798 gmin 0.0530303120613 var 0.000799551606178 ext 1 total 1110 max 1160 start_euler 116.359916687 40.3118286133 203.425125122
VT run radius_deg 0.329218059778 steps 10 cost 0.84626865387 gmin 0.0530303120613 var 0.000794403429609 ext 1 total 1120 max 1170 start_euler 115.051773071 39.2446289062 205.86869812
VT run radius_deg 0.329218059778 steps 10 cost 0.900949776173 gmin 0.0530303120613 var 0.00039934614324 ext 0 total 1130 max 1170 start_euler 115.192947388 40.2990913391 203.491912842
VT run radius_deg 0.329218059778 steps 10 cost 0.78839212656 gmin 0.0530303120613 var 0.00260643893853 ext 1 total 1140 max 1180 start_euler 113.282348633 40.6297874451 206.870559692
VT run radius_deg 0.329218059778 steps 10 cost 0.868960857391 gmin 0.0530303120613 var 0.00214427197352 ext 1 total 1150 max 1190 start_euler 114.273780823 39.9347572327 206.384811401
VT run radius_deg 0.329218059778 steps 10 cost 0.762338995934 gmin 0.0530303120613 var 0.00317630614154 ext 1 total 1160 max 1200 start_euler 114.692260742 39.0012283325 205.089813232
VT run radius_deg 0.329218059778 steps 10 cost 0.902985036373 gmin 0.0530303120613 var 0.000767550664023 ext 1 total 1170 max 1210 start_euler 115.059280396 38.9890060425 204.297012329
VT run radius_deg 0.329218059778 steps 10 cost 0.91919195652 gmin 0.0530303120613 var 0.00062855379656 ext 1 total 1180 max 1220 start_euler 115.772590637 39.6779823303 202.681625366
VT run radius_deg 0.329218059778 steps 10 cost 0.939393937588 gmin 0.0530303120613 var 0.000382475205697 ext 0 total 1190 max 1220 start_euler 113.753807068 38.7627105713 205.568984985
VT run radius_deg 0.329218059778 steps 10 cost 0.689731359482 gmin 0.0530303120613 var 0.0052161058411 ext 1 total 1200 max 1230 start_euler 113.010093689 39.6183242798 206.005157471
VT run radius_deg 0.329218059778 steps 10 cost 0.939590394497 gmin 0.0530303120613 var 7.82823917689e-05 ext 0 total 1210 max 1230 start_euler 112.427406311 40.5773506165 206.973739624
VT run radius_deg 0.329218059778 steps 10 cost 0.86359757185 gmin 0.0530303120613 var 0.00160943367518 ext 1 total 1220 max 1240 start_euler 115.480461121 38.8868980408 205.003707886
VT run radius_deg 0.329218059778 steps 10 cost 0.887044489384 gmin 0.0530303120613 var 0.00108702888247 ext 1 total 1230 max 1250 start_euler 113.960853577 40.5280456543 206.634536743
VT run radius_deg 0.329218059778 steps 10 cost 0.843434333801 gmin 0.0530303120613 var 0.00156877445988 ext 1 total 1240 max 1260 start_euler 116.401802063 39.2990264893 204.157409668
VT run radius_deg 0.329218059778 steps 10 cost 0.846008062363 gmin 0.0530303120613 var 0.00109530892223 ext 1 total 1250 max 1270 start_euler 114.414237976 40.2646102905 204.527130127
VT run radius_deg 0.329218059778 steps 10 cost 0.646547615528 gmin 0.0530303120613 var 0.0127402115613 ext 1 total 1260 max 1280 start_euler 114.75479126 40.9442138672 204.277038574
VT run radius_deg 0.329218059778 steps 10 cost 0.742832899094 gmin 0.0530303120613 var 0.0040477165021 ext 1 total 1270 max 1290 start_euler 113.402702332 39.8422813416 206.234039307
VT run radius_deg 0.329218059778 steps 10 cost 0.837499976158 gmin 0.0530303120613 var 0.00190391449723 ext 1 total 1280 max 1300 start_euler 115.850631714 39.3957176208 204.755889893
VT run radius_deg 0.329218059778 steps 10 cost 0.894264578819 gmin 0.0530303120613 var 0.000417710107286 ext 1 total 1290 max 1310 start_euler 116.047294617 41.0469093323 204.318084717
VT run radius_deg 0.329218059778 steps 10 cost 0.603468894958 gmin 0.0530303120613 var 0.0145434290171 ext 1 total 1300 max 1320 start_euler 116.570022583 39.7532119751 203.632781982
VT run radius_deg 0.329218059778 steps 10 cost 0.912820518017 gmin 0.0530303120613 var 0.000196241569938 ext 0 total 1310 max 1320 start_euler 114.05141449 40.9663696289 204.802047729
VT run radius_deg 0.329218059778 steps 10 cost 0.54113972187 gmin 0.0530303120613 var 0.0126834539697 ext 1 total 1320 max 1330 start_euler 114.058425903 39.3597679138 205.316635132
VT run radius_deg 0.329218059778 steps 10 cost 0.917510688305 gmin 0.0530303120613 var 0.000396746909246 ext 0 total 1330 max 1330 start_euler 115.710914612 41.1335525513 204.821350098
0	|R_0| 0.0475190579891	|Step | 1330	|GlbPts| 133	|R_c| 0.329218059778	|MCS| 1330	|Var| 0.000396746909246	|C_i| 0.0530303120613	|C_f|0.0530303120613	[ 115.009490967 40.0376167297 204.742736816]
  After Variance Optimization 
  After Voxel Cost calculation 
[ 	1	 1 	0.946969687939 ]
Adaptive Reconstruction 13.111187042 sec, evals=249320
VOXEL_SUMMARY voxel=2 basic_sec=0.945723625 basic_evals=18108 adap_sec=13.111187042 adap_evals=249320 adap_us_per_eval=52.5877869485
[ 0.95454543829 0.949640274048 0.897783577442 ]
Normal Reconstruction 0.914840125 sec, evals=18010
Num Cliques 4491 MaxRange 0.104916572571 MaxRangeCliqueID: 4031 MinCostCliqueID 4031 0.865671634674 | -0.5 -0.5 0.5 | 6.36241036133e+28 9.80908925027e-45 -0.5
 || Num candiates 8151
Num Cliques 2033 MaxRange 0.0754578709602 MaxRangeCliqueID: 186 MinCostCliqueID 0 0.151515126228 | -0.5 -0.5 0.5 | 6.36241036133e+28 9.80908925027e-45 -0.5
 || Num candiates 2507
Num Cliques 626 MaxRange 0.0454545617104 MaxRangeCliqueID: 221 MinCostCliqueID 0 0.151515126228 | -0.5 -0.5 0.5 | 6.36241036133e+28 9.80908925027e-45 -0.5
 || Num candiates 690
Num Cliques 172 MaxRange 0.119791686535 MaxRangeCliqueID: 160 MinCostCliqueID 0 0.136363625526 | -0.5 -0.5 0.5 | 6.36241036133e+28 9.80908925027e-45 -0.5
 || Num candiates 189
 |  Before final optimization 
 nLocalOptCandidates 30
  After Final Optimization 
VM 0.674294173717 0.453072279692 0.583140909672 -0.687581896782 0.67324334383 0.2719835639 -0.269367188215 -0.584353804588 0.765488088131 cost 0.0530303120613
VT run radius_deg 0.0475190579891 steps 10 cost 0.0530303120613 gmin 0.0530303120613 var 0.130286887288 ext 1 total 10 max 210 start_euler 115.004875183 40.0495681763 204.748092651
VM 0.671501457691 0.452269166708 0.586974263191 -0.688386440277 0.673914670944 0.268260210752 -0.274244427681 -0.584202051163 0.763870418072 cost 0.477967739105
VT run radius_deg 0.0950381159782 steps 10 cost 0.188215494156 gmin 0.0530303120613 var 0.0187873151153 ext 1 total 20 max 220 start_euler 114.561447144 40.193397522 205.146957397
VM 0.668703258038 0.463112920523 0.581689536572 -0.692873716354 0.67195379734 0.261542707682 -0.269744366407 -0.577931642532 0.770216226578 cost 0.839374542236
VT run radius_deg 0.190076231956 steps 10 cost 0.28269547224 gmin 0.0530303120613 var 0.02956886217 ext 1 total 30 max 230 start_euler 114.209915161 39.6266899109 205.020385742
VM 0.682913243771 0.458743155003 0.568493247032 -0.68022018671 0.683069109917 0.265928030014 -0.266327172518 -0.568306088448 0.778523027897 cost 0.95721924305
VT run radius_deg 0.329218059778 steps 10 cost 0.567567825317 gmin 0.0530303120613 var 0.01326721441 ext 1 total 40 max 240 start_euler 115.069107056 38.874458313 205.109359741
VM 0.670517265797 0.463048815727 0.579648971558 -0.694989085197 0.66544264555 0.27235430479 -0.259609431028 -0.58546769619 0.76800429821 cost 0.801881730556
VT run radius_deg 0.329218059778 steps 10 cost 0.300865828991 gmin 0.0530303120613 var 0.0364087000489 ext 1 total 50 max 250 start_euler 115.166984558 39.8249855042 203.91355896
VM 0.672214984894 0.458926737309 0.580959320068 -0.686720073223 0.67973613739 0.257633507252 -0.276663780212 -0.572141170502 0.77208262682 cost 0.950353503227
VT run radius_deg 0.329218059778 steps 10 cost 0.828449189663 gmin 0.0530303120613 var 0.00211106287315 ext 1 total 60 max 260 start_euler 113.915473938 39.4587173462 205.806488037
VM 0.678204119205 0.453430533409 0.578308224678 -0.685820162296 0.673227548599 0.276434481144 -0.263988822699 -0.584094107151 0.76755720377 cost 0.595265984535
VT run radius_deg 0.329218059778 steps 10 cost 0.544117569923 gmin 0.0530303120613 var 0.00871380325407 ext 1 total 70 max 270 start_euler 115.548049927 39.8649711609 204.32119751
VM 0.678315937519 0.448076069355 0.582336485386 -0.67822098732 0.68671220541 0.261616617441 -0.282673060894 -0.572411239147 0.769702076912 cost 0.971052646637
VT run radius_deg 0.329218059778 steps 10 cost 0.927729785442 gmin 0.0530303120613 var 0.000305051769828 ext 0 total 80 max 270 start_euler 114.192153931 39.6728553772 206.281478882
VM 0.668143332005 0.456443607807 0.587574720383 -0.696089982986 0.662370681763 0.276991486549 -0.262760967016 -0.5940746665 0.76028418541 cost 0.932741045952
VT run radius_deg 0.329218059778 steps 10 cost 0.316904604435 gmin 0.0530303120613 var 0.0263619367033 ext 1 total 90 max 280 start_euler 115.239891052 40.5107421875 203.859954834
VM 0.661383569241 0.457522630692 0.594344496727 -0.691964626312 0.677949011326 0.248134180903 -0.289407938719 -0.575376927853 0.764973521233 cost 0.95692306757
VT run radius_deg 0.329218059778 steps 10 cost 0.931794881821 gmin 0.0530303120613 var 0.000504452851601 ext 1 total 100 max 290 start_euler 112.660148621 40.0953636169 206.701873779
VM 0.663153886795 0.459051758051 0.591184258461 -0.69336014986 0.674263715744 0.25420615077 -0.28191998601 -0.578481137753 0.765428483486 cost 0.907692313194
VT run radius_deg 0.329218059778 steps 10 cost 0.675555586815 gmin 0.0530303120613 var 0.00520686898381 ext 1 total 110 max 300 start_euler 113.267448425 40.0548744202 205.982055664
VM 0.665090024471 0.467537492514 0.582292318344 -0.693986415863 0.674907267094 0.250766009092 -0.275750488043 -0.570884644985 0.773338496685 cost 0.94243067503
VT run radius_deg 0.329218059778 steps 10 cost 0.558999300003 gmin 0.0530303120613 var 0.0175924506038 ext 1 total 120 max 310 start_euler 113.29927063 39.3453636169 205.781616211
VM 0.66733956337 0.463328838348 0.583082139492 -0.698890209198 0.660101473331 0.27535250783 -0.257314324379 -0.591263771057 0.764327526093 cost 0.908290982246
VT run radius_deg 0.329218059778 steps 10 cost 0.699182152748 gmin 0.0530303120613 var 0.0076234312728 ext 1 total 130 max 320 start_euler 115.278366089 40.1527938843 203.518371582
VM 0.680440425873 0.454559743404 0.574784040451 -0.684606254101 0.674080252647 0.277363687754 -0.261371850967 -0.582229971886 0.769865632057 cost 0.80558693409
VT run radius_deg 0.329218059778 steps 10 cost 0.263528108597 gmin 0.0530303120613 var 0.0484606213868 ext 1 total 140 max 330 start_euler 115.759757996 39.6581764221 204.176040649
VM 0.663286089897 0.467578351498 0.584313690662 -0.700553536415 0.662550210953 0.265051871538 -0.263204336166 -0.585147976875 0.767023742199 cost 0.910767555237
VT run radius_deg 0.329218059778 steps 10 cost 0.904872655869 gmin 0.0530303120613 var 0.000607610272709 ext 1 total 150 max 340 start_euler 114.399627686 39.9126281738 204.218597412
VM 0.676163911819 0.455244392157 0.579271316528 -0.688705861568 0.669843316078 0.277479231358 -0.261699855328 -0.586568772793 0.76645308733 cost 0.722480773926
VT run radius_deg 0.329218059778 steps 10 cost 0.266496777534 gmin 0.0530303120613 var 0.038574911654 ext 1 total 160 max 350 start_euler 115.595085144 39.9635620117 204.044219971
VM 0.680481553078 0.432805389166 0.591290831566 -0.682441413403 0.668200492859 0.296280890703 -0.266868531704 -0.605134725571 0.75006210804 cost 0.971014499664
VT run radius_deg 0.329218059778 steps 10 cost 0.9452496171 gmin 0.0530303120613 var 0.000168280326761 ext 0 total 170 max 350 start_euler 116.61428833 41.4042396545 203.797805786
VM 0.688044667244 0.455854654312 0.564616203308 -0.683632910252 0.668151080608 0.293633759022 -0.243394240737 -0.588023066521 0.771354734898 cost 0.96824079752
VT run radius_deg 0.329218059778 steps 10 cost 0.934790790081 gmin 0.0530303120613 var 0.000248809636105 ext 0 total 180 max 350 start_euler 117.477088928 39.5242996216 202.485626221
VM 0.679132163525 0.45955312252 0.572355628014 -0.688290417194 0.669618308544 0.279048740864 -0.255021750927 -0.583457589149 0.771064996719 cost 0.930147051811
VT run radius_deg 0.329218059778 steps 10 cost 0.398819208145 gmin 0.0530303120613 var 0.0374028533697 ext 1 total 190 max 360 start_euler 115.991279602 39.5503807068 203.609512329
VM 0.67484921217 0.453157067299 0.582432508469 -0.682831943035 0.682758688927 0.259964615107 -0.279855728149 -0.573140203953 0.77018904686 cost 0.99253731966
VT run radius_deg 0.329218059778 steps 10 cost 0.98507463932 gmin 0.0530303120613 var 4.28842613474e-05 ext 0 total 200 max 360 start_euler 114.053253174 39.6291313171 206.025558472
VM 0.665550649166 0.44996535778 0.595461130142 -0.692476570606 0.669910609722 0.267761945724 -0.278421789408 -0.590551793575 0.757449626923 cost 0.865352272987
VT run radius_deg 0.329218059778 steps 10 cost 0.786953806877 gmin 0.0530303120613 var 0.0030944601167 ext 1 total 210 max 370 start_euler 114.212089539 40.7601242065 205.242019653
VM 0.672901630402 0.46214684844 0.577602148056 -0.69314956665 0.666628837585 0.274135529995 -0.258354991674 -0.584830582142 0.768912136555 cost 0.847066819668
VT run radius_deg 0.329218059778 steps 10 cost 0.126580953598 gmin 0.0530303120613 var 0.0603254511952 ext 1 total 220 max 380 start_euler 115.389457703 39.7436981201 203.833938599
VM 0.667030334473 0.470923513174 0.577323079109 -0.695336282253 0.671764612198 0.255421668291 -0.267540812492 -0.571807444096 0.775537312031 cost 0.976794600487
VT run radius_deg 0.329218059778 steps 10 cost 0.875 gmin 0.0530303120613 var 0.00113222294021 ext 1 total 230 max 390 start_euler 113.865753174 39.1462211609 205.074249268
VM 0.680767893791 0.456591248512 0.572782754898 -0.686427235603 0.670599877834 0.281271934509 -0.255681425333 -0.584654331207 0.769939243793 cost 0.920057713985
VT run radius_deg 0.329218059778 steps 10 cost 0.442156016827 gmin 0.0530303120613 var 0.0238755904138 ext 1 total 240 max 400 start_euler 116.153900146 39.6515693665 203.620758057
VM 0.67619395256 0.467269718647 0.569579780102 -0.686821877956 0.679526627064 0.257914274931 -0.266528785229 -0.565599739552 0.780422568321 cost 0.924242436886
VT run radius_deg 0.329218059778 steps 10 cost 0.864845991135 gmin 0.0530303120613 var 0.00142004759982 ext 1 total 250 max 410 start_euler 114.361724854 38.700717926 205.231307983
VM 0.68076312542 0.44289752841 0.583441317081 -0.674677431583 0.6893004179 0.263961791992 -0.285257995129 -0.573329925537 0.768063008785 cost 0.953671336174
VT run radius_deg 0.329218059778 steps 10 cost 0.931025624275 gmin 0.0530303120613 var 0.000284569192445 ext 0 total 260 max 410 start_euler 114.343040466 39.819732666 206.452453613
VM 0.678811192513 0.446914255619 0.58265209198 -0.683145105839 0.675352632999 0.277870774269 -0.269310891628 -0.5866574049 0.763743937016 cost 0.576109349728
VT run radius_deg 0.329218059778 steps 10 cost 0.37121206522 gmin 0.0530303120613 var 0.013517325744 ext 1 total 270 max 420 start_euler 115.496788025 40.2046203613 204.657958984
VM 0.688164353371 0.455037593842 0.565129220486 -0.683595299721 0.667665660381 0.294823050499 -0.243161454797 -0.589206159115 0.770524978638 cost 0.97992426157
VT run radius_deg 0.329218059778 steps 10 cost 0.925253987312 gmin 0.0530303120613 var 0.000399651151383 ext 0 total 280 max 420 start_euler 117.55065155 39.5989456177 202.425613403
VM 0.66928344965 0.446757763624 0.593689799309 -0.691638708115 0.666547358036 0.278120547533 -0.271469533443 -0.596760034561 0.755103826523 cost 0.92761194706
VT run radius_deg 0.329218059778 steps 10 cost 0.845347940922 gmin 0.0530303120613 var 0.00150662392844 ext 1 total 290 max 430 start_euler 115.101249695 40.9655570984 204.46105957
VM 0.681896865368 0.453592717648 0.573821127415 -0.679218709469 0.683794915676 0.266621351242 -0.271438151598 -0.571558058262 0.774366021156 cost 0.897168576717
VT run radius_deg 0.329218059778 steps 10 cost 0.675723910332 gmin 0.0530303120613 var 0.00584515137598 ext 1 total 300 max 440 start_euler 114.921546936 39.252407074 205.4034729
VM 0.672227084637 0.465062201023 0.576045453548 -0.696950614452 0.659991145134 0.280485361814 -0.24974142015 -0.590024828911 0.767789065838 cost 0.969696998596
VT run radius_deg 0.329218059778 steps 10 cost 0.884861409664 gmin 0.0530303120613 var 0.00154159974772 ext 1 total 310 max 450 start_euler 115.962150574 39.8442382812 202.941619873
VM 0.680856645107 0.443612933159 0.582788288593 -0.674335241318 0.690224826336 0.262416213751 -0.285843372345 -0.571662247181 0.769087731838 cost 0.98507463932
VT run radius_deg 0.329218059778 steps 10 cost 0.136363685131 gmin 0.0530303120613 var 0.0826939195395 ext 1 total 320 max 460 start_euler 114.240936279 39.7279586792 206.56602478
VM 0.660747766495 0.452561914921 0.598832666874 -0.70116007328 0.65691357851 0.277199447155 -0.267931073904 -0.603036224842 0.751372277737 cost 0.97419577837
VT run radius_deg 0.329218059778 steps 10 cost 0.956521749496 gmin 0.0530303120613 var 0.000114248345199 ext 0 total 330 max 460 start_euler 114.839393616 41.2906074524 203.955749512
VM 0.688792288303 0.45280277729 0.566158354282 -0.677974820137 0.678901493549 0.281856775284 -0.256739914417 -0.577981650829 0.774610817432 cost 0.959701478481
VT run radius_deg 0.329218059778 steps 10 cost 0.892840981483 gmin 0.0530303120613 var 0.000521239009686 ext 1 total 340 max 470 start_euler 116.465988159 39.2302360535 203.950836182
VM 0.660401761532 0.455103874207 0.597285926342 -0.702661037445 0.655058443546 0.277788430452 -0.264834284782 -0.603141248226 0.752385258675 cost 0.968325793743
VT run radius_deg 0.329218059778 steps 10 cost 0.824061155319 gmin 0.0530303120613 var 0.0030614498537 ext 1 total 350 max 480 start_euler 114.942405701 41.2025794983 203.705871582
VM 0.667202115059 0.453298449516 0.591068685055 -0.697506725788 0.658667266369 0.282209694386 -0.261392056942 -0.600565075874 0.755642712116 cost 0.946153819561
VT run radius_deg 0.329218059778 steps 10 cost 0.92611938715 gmin 0.0530303120613 var 0.0002846159623 ext 0 total 360 max 480 start_euler 115.522453308 40.9184379578 203.520767212
VM 0.676932394505 0.441325932741 0.589062333107 -0.676895558834 0.687598586082 0.262718558311 -0.289093583822 -0.576576173306 0.764189004898 cost 0.947086811066
VT run radius_deg 0.329218059778 steps 10 cost 0.81282055378 gmin 0.0530303120613 var 0.00445341225713 ext 1 total 370 max 490 start_euler 114.036598206 40.1651039124 206.629043579
VM 0.677874147892 0.461885929108 0.571968913078 -0.691132962704 0.665611565113 0.281597077847 -0.250643104315 -0.586193740368 0.770425200462 cost 0.928575515747
VT run radius_deg 0.329218059778 steps 10 cost 0.833214879036 gmin 0.0530303120613 var 0.00192143116146 ext 1 total 380 max 500 start_euler 116.212371826 39.6079139709 203.150436401
VM 0.663413524628 0.459083706141 0.59086805582 -0.70062816143 0.658346116543 0.275138288736 -0.262683868408 -0.596509039402 0.758402466774 cost 0.985952615738
VT run radius_deg 0.329218059778 steps 10 cost 0.49893373251 gmin 0.0530303120613 var 0.0257738176733 ext 1 total 390 max 510 start_euler 114.969085693 40.6764373779 203.767181396
VM 0.682161867619 0.448160052299 0.577761352062 -0.680068314075 0.679154157639 0.276147067547 -0.26863065362 -0.581293940544 0.768072247505 cost 0.788510084152
VT run radius_deg 0.329218059778 steps 10 cost 0.663420796394 gmin 0.0530303120613 var 0.00531348865479 ext 1 total 400 max 520 start_euler 115.545951843 39.8189048767 204.802856445
VT run radius_deg 0.329218059778 steps 10 cost 0.582656860352 gmin 0.0530303120613 var 0.00997584406286 ext 1 total 410 max 530 start_euler 114.22089386 40.595489502 205.04385376
VT run radius_deg 0.329218059778 steps 10 cost 0.695953667164 gmin 0.0530303120613 var 0.0059194015339 ext 1 total 420 max 540 start_euler 116.624229431 39.8183822632 203.44682312
VT run radius_deg 0.329218059778 steps 10 cost 0.909090876579 gmin 0.0530303120613 var 0.00124621845316 ext 1 total 430 max 550 start_euler 115.628295898 40.1184692383 203.043762207
VT run radius_deg 0.329218059778 steps 10 cost 0.437878727913 gmin 0.0530303120613 var 0.0352850221097 ext 1 total 440 max 560 start_euler 115.130348206 40.6334457397 204.428436279
VT run radius_deg 0.329218059778 steps 10 cost 0.90441173315 gmin 0.0530303120613 var 0.000471250154078 ext 1 total 450 max 570 start_euler 115.080223083 39.2960243225 203.492843628
VT run radius_deg 0.329218059778 steps 10 cost 0.896532058716 gmin 0.0530303120613 var 0.00058391521452 ext 1 total 460 max 580 start_euler 115.080566406 39.8154258728 203.479446411
VT run radius_deg 0.329218059778 steps 10 cost 0.909233272076 gmin 0.0530303120613 var 0.000920023187064 ext 1 total 470 max 590 start_euler 113.691360474 39.3457145691 205.861206055
VT run radius_deg 0.329218059778 steps 10 cost 0.863099694252 gmin 0.0530303120613 var 0.00122629967518 ext 1 total 480 max 600 start_euler 113.57875061 40.4985389709 206.572799683
VT run radius_deg 0.329218059778 steps 10 cost 0.326065719128 gmin 0.0530303120613 var 0.0403270609677 ext 1 total 490 max 610 start_euler 115.368789673 39.6560974121 204.023239136
VT run radius_deg 0.329218059778 steps 10 cost 0.755555450916 gmin 0.0530303120613 var 0.00493741966784 ext 1 total 500 max 620 start_euler 113.768051147 39.9628562927 206.138137817
VT run radius_deg 0.329218059778 steps 10 cost 0.820263743401 gmin 0.0530303120613 var 0.00193394941743 ext 1 total 510 max 630 start_euler 114.645240784 39.8621444702 205.711273193
VT run radius_deg 0.329218059778 steps 10 cost 0.226535081863 gmin 0.0530303120613 var 0.0587313473225 ext 1 total 520 max 640 start_euler 115.27495575 41.0677604675 204.530944824
VT run radius_deg 0.329218059778 steps 10 cost 0.489261329174 gmin 0.0530303120613 var 0.0206169523299 ext 1 total 530 max 650 start_euler 114.2758255 39.7339744568 204.542144775
VT run radius_deg 0.329218059778 steps 10 cost 0.809751570225 gmin 0.0530303120613 var 0.00241847080179 ext 1 total 540 max 660 start_euler 116.187728882 39.4993286133 203.015457153
VT run radius_deg 0.329218059778 steps 10 cost 0.89758348465 gmin 0.0530303120613 var 0.000316262186971 ext 0 total 550 max 660 start_euler 114.767173767 40.935005188 204.778930664
VT run radius_deg 0.329218059778 steps 10 cost 0.250000059605 gmin 0.0530303120613 var 0.0659987553954 ext 1 total 560 max 670 start_euler 113.715499878 39.5521888733 206.081970215
VT run radius_deg 0.329218059778 steps 10 cost 0.821348249912 gmin 0.0530303120613 var 0.00161835702602 ext 1 total 570 max 680 start_euler 114.350212097 39.8262214661 204.515365601
VT run radius_deg 0.329218059778 steps 10 cost 0.826333522797 gmin 0.0530303120613 var 0.00192051869817 ext 1 total 580 max 690 start_euler 116.414108276 39.7423706055 202.716949463
VT run radius_deg 0.329218059778 steps 10 cost 0.897451758385 gmin 0.0530303120613 var 0.000384734768886 ext 0 total 590 max 690 start_euler 116.940986633 40.4378318787 203.385940552
VT run radius_deg 0.329218059778 steps 10 cost 0.88653844595 gmin 0.0530303120613 var 0.000996506423689 ext 1 total 600 max 700 start_euler 113.429718018 40.7007102966 206.241271973
VT run radius_deg 0.329218059778 steps 10 cost 0.334607541561 gmin 0.0530303120613 var 0.0289950966835 ext 1 total 610 max 710 start_euler 114.326019287 39.6705513 204.460510254
VT run radius_deg 0.329218059778 steps 10 cost 0.877889096737 gmin 0.0530303120613 var 0.00141087046359 ext 1 total 620 max 720 start_euler 115.124145508 41.4142684937 204.323638916
VT run radius_deg 0.329218059778 steps 10 cost 0.738867342472 gmin 0.0530303120613 var 0.00518582481891 ext 1 total 630 max 730 start_euler 115.699180603 39.3483848572 204.54095459
VT run radius_deg 0.329218059778 steps 10 cost 0.763813376427 gmin 0.0530303120613 var 0.00348635832779 ext 1 total 640 max 740 start_euler 114.589202881 40.6610069275 204.38482666
VT run radius_deg 0.329218059778 steps 10 cost 0.890077233315 gmin 0.0530303120613 var 0.000311430834699 ext 0 total 650 max 740 start_euler 114.509559631 39.026222229 204.233261108
VT run radius_deg 0.329218059778 steps 10 cost 0.5 gmin 0.0530303120613 var 0.0267482604831 ext 1 total 660 max 750 start_euler 114.178855896 39.2891082764 205.297668457
VT run radius_deg 0.329218059778 steps 10 cost 0.918086051941 gmin 0.0530303120613 var 0.000595903431531 ext 1 total 670 max 760 start_euler 116.581298828 40.0922698975 202.90838623
VT run radius_deg 0.329218059778 steps 10 cost 0.774331986904 gmin 0.0530303120613 var 0.00455237971619 ext 1 total 680 max 770 start_euler 114.554046631 40.5990638733 206.320724487
VT run radius_deg 0.329218059778 steps 10 cost 0.868181824684 gmin 0.0530303120613 var 0.00135860696901 ext 1 total 690 max 780 start_euler 116.46534729 39.8130607605 203.463394165
VT run radius_deg 0.329218059778 steps 10 cost 0.827647507191 gmin 0.0530303120613 var 0.0018817326054 ext 1 total 700 max 790 start_euler 114.26411438 40.3810882568 206.042022705
VT run radius_deg 0.329218059778 steps 10 cost 0.93846154213 gmin 0.0530303120613 var 0.000451827596407 ext 1 total 710 max 800 start_euler 114.519317627 40.1852684021 206.731796265
VT run radius_deg 0.329218059778 steps 10 cost 0.84328353405 gmin 0.0530303120613 var 0.000734223343898 ext 1 total 720 max 810 start_euler 116.355377197 40.3450698853 204.182144165
VT run radius_deg 0.329218059778 steps 10 cost 0.914925336838 gmin 0.0530303120613 var 0.000267854717094 ext 0 total 730 max 810 start_euler 114.80670166 41.2421302795 203.80645752
VT run radius_deg 0.329218059778 steps 10 cost 0.495587766171 gmin 0.0530303120613 var 0.0177086126059 ext 1 total 740 max 820 start_euler 116.165649414 40.6492843628 203.353515625
VT run radius_deg 0.329218059778 steps 10 cost 0.734491348267 gmin 0.0530303120613 var 0.00289892917499 ext 1 total 750 max 830 start_euler 115.891448975 40.4253845215 203.868041992
VT run radius_deg 0.329218059778 steps 10 cost 0.16666662693 gmin 0.0530303120613 var 0.0293302051723 ext 1 total 760 max 840 start_euler 114.892166138 39.9482116699 204.566101074
VT run radius_deg 0.329218059778 steps 10 cost 0.460835158825 gmin 0.0530303120613 var 0.0300707574934 ext 1 total 770 max 850 start_euler 115.47845459 40.6330604553 204.957931519
VT run radius_deg 0.329218059778 steps 10 cost 0.736706852913 gmin 0.0530303120613 var 0.00663191219792 ext 1 total 780 max 860 start_euler 115.854888916 39.7085990906 204.452774048
VT run radius_deg 0.329218059778 steps 10 cost 0.66647708416 gmin 0.0530303120613 var 0.00865314714611 ext 1 total 790 max 870 start_euler 113.844100952 40.1423912048 206.381988525
VT run radius_deg 0.329218059778 steps 10 cost 0.941044747829 gmin 0.0530303120613 var 0.000122498866403 ext 0 total 800 max 870 start_euler 116.10395813 39.1209564209 204.134307861
VT run radius_deg 0.329218059778 steps 10 cost 0.418798148632 gmin 0.0530303120613 var 0.0254808031023 ext 1 total 810 max 880 start_euler 113.928443909 39.9609222412 205.528503418
VT run radius_deg 0.329218059778 steps 10 cost 0.875109732151 gmin 0.0530303120613 var 0.00109119061381 ext 1 total 820 max 890 start_euler 115.327667236 38.7821235657 205.157089233
VT run radius_deg 0.329218059778 steps 10 cost 0.685681939125 gmin 0.0530303120613 var 0.00549092516303 ext 1 total 830 max 900 start_euler 114.520385742 39.1995506287 205.461868286
VT run radius_deg 0.329218059778 steps 10 cost 0.322919547558 gmin 0.0530303120613 var 0.0333717279136 ext 1 total 840 max 910 start_euler 113.988273621 40.1538467407 206.094665527
VT run radius_deg 0.329218059778 steps 10 cost 0.597871661186 gmin 0.0530303120613 var 0.00550342770293 ext 1 total 850 max 920 start_euler 115.546607971 40.2594871521 204.766937256
VT run radius_deg 0.329218059778 steps 10 cost 0.920996546745 gmin 0.0530303120613 var 0.000360536563676 ext 0 total 860 max 920 start_euler 113.804382324 38.8237762451 205.615020752
VT run radius_deg 0.329218059778 steps 10 cost 0.811917901039 gmin 0.0530303120613 var 0.0049711894244 ext 1 total 870 max 930 start_euler 113.047782898 40.231086731 206.894699097
VT run radius_deg 0.329218059778 steps 10 cost 0.865449368954 gmin 0.0530303120613 var 0.000688859552611 ext 1 total 880 max 940 start_euler 115.215705872 40.8428688049 205.058288574
VT run radius_deg 0.329218059778 steps 10 cost 0.193929493427 gmin 0.0530303120613 var 0.0590520910919 ext 1 total 890 max 950 start_euler 115.517524719 40.5433120728 204.057113647
VT run radius_deg 0.329218059778 steps 10 cost 0.919051766396 gmin 0.0530303120613 var 0.000392938643927 ext 0 total 900 max 950 start_euler 115.959602356 39.1517601013 204.233398438
VT run radius_deg 0.329218059778 steps 10 cost 0.746943116188 gmin 0.0530303120613 var 0.00312875211239 ext 1 total 910 max 960 start_euler 115.265716553 39.2721061707 203.684188843
VT run radius_deg 0.329218059778 steps 10 cost 0.794473171234 gmin 0.0530303120613 var 0.00361003866419 ext 1 total 920 max 970 start_euler 115.325370789 39.3264579773 204.76373291
VT run radius_deg 0.329218059778 steps 10 cost 0.843258082867 gmin 0.0530303120613 var 0.00199848134071 ext 1 total 930 max 980 start_euler 115.006706238 40.7682762146 205.22177124
VT run radius_deg 0.329218059778 steps 10 cost 0.806744337082 gmin 0.0530303120613 var 0.00195917743258 ext 1 total 940 max 990 start_euler 113.472740173 39.5387687683 205.804046631
VT run radius_deg 0.329218059778 steps 10 cost 0.909790098667 gmin 0.0530303120613 var 0.000213770894334 ext 0 total 950 max 990 start_euler 116.951942444 40.3644485474 203.400009155
VT run radius_deg 0.329218059778 steps 10 cost 0.430075526237 gmin 0.0530303120613 var 0.0206008069217 ext 1 total 960 max 1000 start_euler 116.362007141 40.4987449646 203.921112061
VT run radius_deg 0.329218059778 steps 10 cost 0.753228962421 gmin 0.0530303120613 var 0.00297071691602 ext 1 total 970 max 1010 start_euler 114.766448975 40.7287216187 204.366119385
VT run radius_deg 0.329218059778 steps 10 cost 0.723462641239 gmin 0.0530303120613 var 0.00601123552769 ext 1 total 980 max 1020 start_euler 114.454429626 40.7595787048 205.492935181
VT run radius_deg 0.329218059778 steps 10 cost 0.600029706955 gmin 0.0530303120613 var 0.00636321678758 ext 1 total 990 max 1030 start_euler 115.719367981 39.9454193115 204.304290771
VT run radius_deg 0.329218059778 steps 10 cost 0.658043146133 gmin 0.0530303120613 var 0.00653811823577 ext 1 total 1000 max 1040 start_euler 116.568359375 40.019657135 203.251754761
VT run radius_deg 0.329218059778 steps 10 cost 0.411764740944 gmin 0.0530303120613 var 0.0339089781046 ext 1 total 1010 max 1050 start_euler 115.03515625 41.0110282898 204.301757812
VT run radius_deg 0.329218059778 steps 10 cost 0.89500439167 gmin 0.0530303120613 var 0.000735385285225 ext 1 total 1020 max 1060 start_euler 116.359550476 40.4204025269 203.107513428
VT run radius_deg 0.329218059778 steps 10 cost 0.362150967121 gmin 0.0530303120613 var 0.0410547479987 ext 1 total 1030 max 1070 start_euler 116.42137146 40.6452293396 204.02406311
VT run radius_deg 0.329218059778 steps 10 cost 0.846212089062 gmin 0.0530303120613 var 0.00142395938747 ext 1 total 1040 max 1080 start_euler 116.589042664 39.2355499268 203.668228149
VT run radius_deg 0.329218059778 steps 10 cost 0.924691557884 gmin 0.0530303120613 var 0.000480306334794 ext 1 total 1050 max 1090 start_euler 115.813934326 39.9406242371 202.626342773
VT run radius_deg 0.329218059778 steps 10 cost 0.799646496773 gmin 0.0530303120613 var 0.00224489858374 ext 1 total 1060 max 1100 start_euler 113.308532715 40.9190979004 205.739135742
VT run radius_deg 0.329218059778 steps 10 cost 0.839976191521 gmin 0.0530303120613 var 0.00276089692488 ext 1 total 1070 max 1110 start_euler 115.7760849 41.2180786133 204.443527222
VT run radius_deg 0.329218059778 steps 10 cost 0.957619071007 gmin 0.0530303120613 var 0.000197084416868 ext 0 total 1080 max 1110 start_euler 112.794548035 40.6667137146 206.565719604
VT run radius_deg 0.329218059778 steps 10 cost 0.524501800537 gmin 0.0530303120613 var 0.0247741267085 ext 1 total 1090 max 1120 start_euler 116.621582031 41.0976486206 203.710418701
VT run radius_deg 0.329218059778 steps 10 cost 0.869566679001 gmin 0.0530303120613 var 0.000546176102944 ext 1 total 1100 max 1130 start_euler 115.016578674 39.9220924377 205.642150879
VT run radius_deg 0.329218059778 steps 10 cost 0.23212403059 gmin 0.0530303120613 var 0.0471613742411 ext 1 total 1110 max 1140 start_euler 115.877555847 40.4332733154 203.455993652
VT run radius_deg 0.329218059778 steps 10 cost 0.92868989706 gmin 0.0530303120613 var 0.000280089967418 ext 0 total 1120 max 1140 start_euler 114.07220459 39.0575141907 204.997680664
VT run radius_deg 0.329218059778 steps 10 cost 0.924786329269 gmin 0.0530303120613 var 0.000471249775728 ext 1 total 1130 max 1150 start_euler 114.888298035 40.9297676086 205.955566406
VT run radius_deg 0.329218059778 steps 10 cost 0.616981387138 gmin 0.0530303120613 var 0.0188118834049 ext 1 total 1140 max 1160 start_euler 114.786857605 40.8162612915 205.94291687
VT run radius_deg 0.329218059778 steps 10 cost 0.325857579708 gmin 0.0530303120613 var 0.0412412881851 ext 1 total 1150 max 1170 start_euler 114.559020996 40.5450325012 205.356399536
VT run radius_deg 0.329218059778 steps 10 cost 0.36382573843 gmin 0.0530303120613 var 0.0324116833508 ext 1 total 1160 max 1180 start_euler 115.080085754 40.6602363586 205.368179321
VT run radius_deg 0.329218059778 steps 10 cost 0.882352948189 gmin 0.0530303120613 var 0.00123698206153 ext 1 total 1170 max 1190 start_euler 114.123924255 40.9780464172 205.53163147
VT run radius_deg 0.329218059778 steps 10 cost 0.0833333730698 gmin 0.0530303120613 var 0.0451635532081 ext 1 total 1180 max 1200 start_euler 115.09034729 40.006942749 205.035797119
VT run radius_deg 0.329218059778 steps 10 cost 0.801221191883 gmin 0.0530303120613 var 0.00269643543288 ext 1 total 1190 max 1210 start_euler 115.823051453 39.5687522888 204.901733398
VT run radius_deg 0.329218059778 steps 10 cost 0.931343257427 gmin 0.0530303120613 var 0.000311422889354 ext 0 total 1200 max 1210 start_euler 115.437156677 40.5123672485 203.18409729
VT run radius_deg 0.329218059778 steps 10 cost 0.534212231636 gmin 0.0530303120613 var 0.00768299261108 ext 1 total 1210 max 1220 start_euler 115.979423523 39.6759529114 204.065811157
VT run radius_deg 0.329218059778 steps 10 cost 0.790707170963 gmin 0.0530303120613 var 0.00393722299486 ext 1 total 1220 max 1230 start_euler 116.817008972 40.6305580139 203.495742798
VT run radius_deg 0.329218059778 steps 10 cost 0.623190820217 gmin 0.0530303120613 var 0.0108172912151 ext 1 total 1230 max 1240 start_euler 116.33228302 39.3625984192 204.084777832
VT run radius_deg 0.329218059778 steps 10 cost 0.256918013096 gmin 0.0530303120613 var 0.0535980947316 ext 1 total 1240 max 1250 start_euler 115.808265686 39.592464447 204.201660156
VT run radius_deg 0.329218059778 steps 10 cost 0.867980599403 gmin 0.0530303120613 var 0.00150764617138 ext 1 total 1250 max 1260 start_euler 114.071784973 40.2640228271 206.038696289
VT run radius_deg 0.329218059778 steps 10 cost 0.763968110085 gmin 0.0530303120613 var 0.00482622394338 ext 1 total 1260 max 1270 start_euler 116.392593384 39.7737236023 202.999801636
VT run radius_deg 0.329218059778 steps 10 cost 0.552192509174 gmin 0.0530303120613 var 0.0156833641231 ext 1 total 1270 max 1280 start_euler 114.580963135 40.9652099609 205.881332397
VT run radius_deg 0.329218059778 steps 10 cost 0.916737735271 gmin 0.0530303120613 var 0.000493768078741 ext 1 total 1280 max 1290 start_euler 115.034446716 41.0043754578 204.231918335
VT run radius_deg 0.329218059778 steps 10 cost 0.819962739944 gmin 0.0530303120613 var 0.00122882961296 ext 1 total 1290 max 1300 start_euler 116.810066223 40.1237487793 203.641540527
VT run radius_deg 0.329218059778 steps 10 cost 0.527583003044 gmin 0.0530303120613 var 0.0213683731854 ext 1 total 1300 max 1310 start_euler 116.454078674 39.5967597961 204.171783447
VT run radius_deg 0.329218059778 steps 10 cost 0.780844151974 gmin 0.0530303120613 var 0.00369579042308 ext 1 total 1310 max 1320 start_euler 116.207626343 39.8330535889 203.431137085
VT run radius_deg 0.329218059778 steps 10 cost 0.598484873772 gmin 0.0530303120613 var 0.0112476199865 ext 1 total 1320 max 1330 start_euler 116.145362854 39.3963356018 203.659500122
VT run radius_deg 0.329218059778 steps 10 cost 0.590661287308 gmin 0.0530303120613 var 0.0160100013018 ext 1 total 1330 max 1340 start_euler 113.972717285 39.3506088257 205.427383423
VT run radius_deg 0.329218059778 steps 10 cost 0.961538434029 gmin 0.0530303120613 var 6.74660986988e-05 ext 0 total 1340 max 1340 start_euler 113.040237427 40.6137886047 207.094924927
0	|R_0| 0.0475190579891	|Step | 1340	|GlbPts| 134	|R_c| 0.329218059778	|MCS| 1340	|Var| 6.74660986988e-05	|C_i| 0.0530303120613	|C_f|0.0530303120613	[ 115.004875183 40.0495681763 204.748092651]
  After Variance Optimization 
  After Voxel Cost calculation 
[ 	1	 1 	0.946969687939 ]
Adaptive Reconstruction 13.225859417 sec, evals=250724
VOXEL_SUMMARY voxel=3 basic_sec=0.914840125 basic_evals=18010 adap_sec=13.225859417 adap_evals=250724 adap_us_per_eval=52.7506717227
