voxel_idx,perturbation_deg,cost_fn,generation,n_evals,quality,misorientation_deg
0,1.0,hard,0,7,0.0012224938875305957,22.114925384521484
0,1.0,hard,1,14,0.0012224938875305957,22.114925384521484
0,1.0,hard,2,21,0.0012499999999999734,28.678688049316406
0,1.0,hard,3,28,0.0012499999999999734,28.678688049316406
0,1.0,hard,4,35,0.0012499999999999734,28.678688049316406
0,1.0,hard,5,42,0.0012499999999999734,28.678688049316406
0,1.0,hard,6,49,0.0012499999999999734,28.678688049316406
0,1.0,hard,7,56,0.0012499999999999734,28.678688049316406
0,1.0,hard,8,63,0.0012499999999999734,28.678688049316406
0,1.0,hard,9,70,0.0012499999999999734,28.678688049316406
0,1.0,hard,10,77,0.0012499999999999734,28.678688049316406
0,1.0,hard,11,84,0.0012499999999999734,28.678688049316406
0,1.0,hard,12,91,0.0012499999999999734,28.678688049316406
0,1.0,hard,13,98,0.0012499999999999734,28.678688049316406
0,1.0,hard,14,105,0.0012499999999999734,28.678688049316406
0,1.0,hard,15,112,0.0012499999999999734,28.678688049316406
0,1.0,hard,16,119,0.0012499999999999734,28.678688049316406
0,1.0,hard,17,126,0.0012499999999999734,28.678688049316406
0,1.0,hard,18,133,0.0012499999999999734,28.678688049316406
0,1.0,hard,19,140,0.0012499999999999734,28.678688049316406
0,1.0,hard,20,147,0.0012499999999999734,28.678688049316406
0,1.0,hard,21,154,0.0012499999999999734,28.678688049316406
0,1.0,hard,22,161,0.0012499999999999734,28.678688049316406
0,1.0,hard,23,168,0.0012499999999999734,28.678688049316406
0,1.0,hard,24,175,0.0012499999999999734,28.678688049316406
0,1.0,hard,25,182,0.0012499999999999734,28.678688049316406
0,1.0,hard,26,189,0.0012499999999999734,28.678688049316406
0,1.0,hard,27,196,0.0012499999999999734,28.678688049316406
0,1.0,hard,28,203,0.0012499999999999734,28.678688049316406
0,1.0,hard,29,210,0.0012499999999999734,28.678688049316406
0,1.0,hard,30,217,0.0012499999999999734,28.678688049316406
0,1.0,hard,31,224,0.0012499999999999734,28.678688049316406
0,1.0,hard,32,231,0.0012499999999999734,28.678688049316406
0,1.0,hard,33,238,0.0012499999999999734,28.678688049316406
0,1.0,hard,34,245,0.0012499999999999734,28.678688049316406
0,1.0,hard,35,252,0.0012499999999999734,28.678688049316406
0,1.0,hard,36,259,0.0012499999999999734,28.678688049316406
0,1.0,hard,37,266,0.0012499999999999734,28.678688049316406
0,1.0,hard,38,273,0.0012499999999999734,28.678688049316406
0,1.0,hard,39,280,0.0012499999999999734,28.678688049316406
0,1.0,hard,40,287,0.0012499999999999734,28.678688049316406
0,1.0,hard,41,294,0.0012499999999999734,28.678688049316406
0,1.0,hard,42,301,0.0012499999999999734,28.678688049316406
0,1.0,hard,43,308,0.0018703241895261513,50.36735916137695
0,1.0,hard,44,315,0.0018703241895261513,50.36735916137695
0,1.0,hard,45,322,0.0018703241895261513,50.36735916137695
0,1.0,hard,46,329,0.0018703241895261513,50.36735916137695
0,1.0,hard,47,336,0.0018703241895261513,50.36735916137695
0,1.0,hard,48,343,0.0018703241895261513,50.36735916137695
0,1.0,hard,49,350,0.0018703241895261513,50.36735916137695
0,1.0,hard,50,357,0.0018703241895261513,50.36735916137695
0,1.0,hard,51,364,0.0018703241895261513,50.36735916137695
0,1.0,hard,52,371,0.0018703241895261513,50.36735916137695
0,1.0,hard,53,378,0.0018703241895261513,50.36735916137695
0,1.0,hard,54,385,0.0018703241895261513,50.36735916137695
0,1.0,hard,55,392,0.0024875621890547706,49.979427337646484
0,1.0,hard,56,399,0.0024875621890547706,49.979427337646484
0,1.0,hard,57,406,0.0024875621890547706,49.979427337646484
0,1.0,hard,58,413,0.0024875621890547706,49.979427337646484
0,1.0,hard,59,420,0.0024875621890547706,49.979427337646484
0,1.0,hard,60,427,0.0024875621890547706,49.979427337646484
0,1.0,hard,61,434,0.0024875621890547706,49.979427337646484
0,1.0,hard,62,441,0.0024875621890547706,49.979427337646484
0,1.0,hard,63,448,0.0024875621890547706,49.979427337646484
0,1.0,hard,64,455,0.0024875621890547706,49.979427337646484
0,1.0,hard,65,462,0.0024875621890547706,49.979427337646484
0,1.0,hard,66,469,0.0024875621890547706,49.979427337646484
0,1.0,hard,67,476,0.0024875621890547706,49.979427337646484
0,1.0,hard,68,483,0.0024875621890547706,49.979427337646484
0,1.0,hard,69,490,0.0024875621890547706,49.979427337646484
0,1.0,hard,70,497,0.0024875621890547706,49.979427337646484
0,1.0,hard,71,504,0.0024875621890547706,49.979427337646484
0,1.0,hard,72,511,0.0024875621890547706,49.979427337646484
0,1.0,hard,73,518,0.0024875621890547706,49.979427337646484
0,1.0,hard,74,525,0.0024875621890547706,49.979427337646484
0,1.0,hard,75,532,0.0024875621890547706,49.979427337646484
0,1.0,hard,76,539,0.0024875621890547706,49.979427337646484
0,1.0,hard,77,546,0.0024875621890547706,49.979427337646484
0,1.0,hard,78,553,0.0024875621890547706,49.979427337646484
0,1.0,hard,79,560,0.0024875621890547706,49.979427337646484
0,1.0,hard,80,567,0.0024875621890547706,49.979427337646484
0,1.0,hard,81,574,0.0024875621890547706,49.979427337646484
0,1.0,hard,82,581,0.0024875621890547706,49.979427337646484
0,1.0,hard,83,588,0.0024875621890547706,49.979427337646484
0,1.0,hard,84,595,0.0024875621890547706,49.979427337646484
0,1.0,hard,85,602,0.0024875621890547706,49.979427337646484
0,1.0,hard,86,609,0.0024875621890547706,49.979427337646484
0,1.0,hard,87,616,0.0024875621890547706,49.979427337646484
0,1.0,hard,88,623,0.0024875621890547706,49.979427337646484
0,1.0,hard,89,630,0.0024875621890547706,49.979427337646484
0,1.0,hard,90,637,0.0024875621890547706,49.979427337646484
0,1.0,hard,91,644,0.0024875621890547706,49.979427337646484
0,1.0,hard,92,651,0.0024875621890547706,49.979427337646484
0,1.0,hard,93,658,0.0024875621890547706,49.979427337646484
0,1.0,hard,94,665,0.0024875621890547706,49.979427337646484
0,1.0,hard,95,672,0.0024875621890547706,49.979427337646484
0,1.0,hard,96,679,0.0024875621890547706,49.979427337646484
0,1.0,hard,97,686,0.0024875621890547706,49.979427337646484
0,1.0,hard,98,693,0.0024875621890547706,49.979427337646484
0,1.0,hard,99,700,0.0024875621890547706,49.979427337646484
0,1.0,hard,100,707,0.0024875621890547706,49.979427337646484
0,1.0,hard,101,714,0.0024875621890547706,49.979427337646484
0,1.0,hard,102,721,0.0024875621890547706,49.979427337646484
0,1.0,hard,103,728,0.0024875621890547706,49.979427337646484
0,1.0,hard,104,735,0.0024875621890547706,49.979427337646484
0,1.0,hard,105,742,0.0024875621890547706,49.979427337646484
0,1.0,hard,106,749,0.0024875621890547706,49.979427337646484
0,1.0,hard,107,756,0.0024875621890547706,49.979427337646484
0,1.0,hard,108,763,0.0024875621890547706,49.979427337646484
0,1.0,hard,109,770,0.0024875621890547706,49.979427337646484
0,1.0,hard,110,777,0.0024875621890547706,49.979427337646484
0,1.0,hard,111,784,0.0024875621890547706,49.979427337646484
0,1.0,hard,112,791,0.0024875621890547706,49.979427337646484
0,1.0,hard,113,798,0.0024875621890547706,49.979427337646484
0,1.0,hard,114,805,0.0024875621890547706,49.979427337646484
0,1.0,hard,115,812,0.0024875621890547706,49.979427337646484
0,1.0,hard,116,819,0.0024875621890547706,49.979427337646484
0,1.0,hard,117,826,0.0024875621890547706,49.979427337646484
0,1.0,hard,118,833,0.0024875621890547706,49.979427337646484
0,1.0,hard,119,840,0.0024875621890547706,49.979427337646484
0,1.0,hard,120,847,0.0024875621890547706,49.979427337646484
0,1.0,hard,121,854,0.0024875621890547706,49.979427337646484
0,1.0,hard,122,861,0.0024875621890547706,49.979427337646484
0,1.0,hard,123,868,0.0024875621890547706,49.979427337646484
0,1.0,hard,124,875,0.0024875621890547706,49.979427337646484
0,1.0,hard,125,882,0.0024875621890547706,49.979427337646484
0,1.0,hard,126,889,0.0024875621890547706,49.979427337646484
0,1.0,hard,127,896,0.0024875621890547706,49.979427337646484
0,1.0,hard,128,903,0.0024875621890547706,49.979427337646484
0,1.0,hard,129,910,0.0024875621890547706,49.979427337646484
0,1.0,hard,130,917,0.0024875621890547706,49.979427337646484
0,1.0,hard,131,924,0.0024875621890547706,49.979427337646484
0,1.0,hard,132,931,0.0024875621890547706,49.979427337646484
0,1.0,hard,133,938,0.0024875621890547706,49.979427337646484
0,1.0,hard,134,945,0.0024875621890547706,49.979427337646484
0,1.0,hard,135,952,0.0024875621890547706,49.979427337646484
0,1.0,hard,136,959,0.0024875621890547706,49.979427337646484
0,1.0,hard,137,966,0.0024875621890547706,49.979427337646484
0,1.0,hard,138,973,0.0024875621890547706,49.979427337646484
0,1.0,hard,139,980,0.0024875621890547706,49.979427337646484
0,1.0,hard,140,987,0.0024875621890547706,49.979427337646484
0,1.0,hard,141,994,0.0024875621890547706,49.979427337646484
0,1.0,hard,142,1001,0.0024875621890547706,49.979427337646484
0,1.0,hard,143,1008,0.0024875621890547706,49.979427337646484
0,1.0,hard,144,1015,0.0024875621890547706,49.979427337646484
0,1.0,hard,145,1022,0.0024875621890547706,49.979427337646484
0,1.0,hard,146,1029,0.0024875621890547706,49.979427337646484
0,1.0,hard,147,1036,0.0024875621890547706,49.979427337646484
0,1.0,hard,148,1043,0.0024875621890547706,49.979427337646484
0,1.0,hard,149,1050,0.0024875621890547706,49.979427337646484
0,1.0,hard,150,1057,0.0024875621890547706,49.979427337646484
0,1.0,hard,151,1064,0.0024875621890547706,49.979427337646484
0,1.0,hard,152,1071,0.0024875621890547706,49.979427337646484
0,1.0,hard,153,1078,0.0024875621890547706,49.979427337646484
0,1.0,hard,154,1085,0.0024875621890547706,49.979427337646484
0,1.0,hard,155,1092,0.0024875621890547706,49.979427337646484
0,1.0,hard,156,1099,0.0024875621890547706,49.979427337646484
0,1.0,hard,157,1106,0.0024875621890547706,49.979427337646484
0,1.0,hard,158,1113,0.0024875621890547706,49.979427337646484
0,1.0,hard,159,1120,0.0024875621890547706,49.979427337646484
0,1.0,hard,160,1127,0.0024875621890547706,49.979427337646484
0,1.0,hard,161,1134,0.0030864197530864335,54.726280212402344
0,1.0,hard,162,1141,0.0030864197530864335,54.726280212402344
0,1.0,hard,163,1148,0.0030864197530864335,54.726280212402344
0,1.0,hard,164,1155,0.0030864197530864335,54.726280212402344
0,1.0,hard,165,1162,0.0030864197530864335,54.726280212402344
0,1.0,hard,166,1169,0.0030864197530864335,54.726280212402344
0,1.0,hard,167,1176,0.0030864197530864335,54.726280212402344
0,1.0,hard,168,1183,0.0030864197530864335,54.726280212402344
0,1.0,hard,169,1190,0.0030864197530864335,54.726280212402344
0,1.0,hard,170,1197,0.0030864197530864335,54.726280212402344
0,1.0,hard,171,1204,0.0030864197530864335,54.726280212402344
0,1.0,hard,172,1211,0.0030864197530864335,54.726280212402344
0,1.0,hard,173,1218,0.0030864197530864335,54.726280212402344
0,1.0,hard,174,1225,0.0030864197530864335,54.726280212402344
0,1.0,hard,175,1232,0.0030864197530864335,54.726280212402344
0,1.0,hard,176,1239,0.0030864197530864335,54.726280212402344
0,1.0,hard,177,1246,0.0030864197530864335,54.726280212402344
0,1.0,hard,178,1253,0.0030864197530864335,54.726280212402344
0,1.0,hard,179,1260,0.0030864197530864335,54.726280212402344
0,1.0,hard,180,1267,0.0030864197530864335,54.726280212402344
0,1.0,hard,181,1274,0.0030864197530864335,54.726280212402344
0,1.0,hard,182,1281,0.0030864197530864335,54.726280212402344
0,1.0,hard,183,1288,0.0030864197530864335,54.726280212402344
0,1.0,hard,184,1295,0.0030864197530864335,54.726280212402344
0,1.0,hard,185,1302,0.0030864197530864335,54.726280212402344
0,1.0,hard,186,1309,0.0030864197530864335,54.726280212402344
0,1.0,hard,187,1316,0.0030864197530864335,54.726280212402344
0,1.0,hard,188,1323,0.0030864197530864335,54.726280212402344
0,1.0,hard,189,1330,0.0030864197530864335,54.726280212402344
0,1.0,hard,190,1337,0.0030864197530864335,54.726280212402344
0,1.0,hard,191,1344,0.0030864197530864335,54.726280212402344
0,1.0,hard,192,1351,0.0030864197530864335,54.726280212402344
0,1.0,hard,193,1358,0.0030864197530864335,54.726280212402344
0,1.0,hard,194,1365,0.0030864197530864335,54.726280212402344
0,1.0,hard,195,1372,0.0030864197530864335,54.726280212402344
0,1.0,hard,196,1379,0.0030864197530864335,54.726280212402344
0,1.0,hard,197,1386,0.0030864197530864335,54.726280212402344
0,1.0,hard,198,1393,0.0030864197530864335,54.726280212402344
0,1.0,hard,199,1400,0.0030864197530864335,54.726280212402344
0,1.0,hard,200,1407,0.0030864197530864335,54.726280212402344
0,1.0,hard,201,1414,0.0030864197530864335,54.726280212402344
0,1.0,hard,202,1421,0.0030864197530864335,54.726280212402344
0,1.0,hard,203,1428,0.0030864197530864335,54.726280212402344
0,1.0,hard,204,1435,0.0030864197530864335,54.726280212402344
0,1.0,hard,205,1442,0.0030864197530864335,54.726280212402344
0,1.0,hard,206,1449,0.0030864197530864335,54.726280212402344
0,1.0,hard,207,1456,0.0030864197530864335,54.726280212402344
0,1.0,hard,208,1463,0.0030864197530864335,54.726280212402344
0,1.0,hard,209,1470,0.0030864197530864335,54.726280212402344
0,1.0,hard,210,1477,0.0030864197530864335,54.726280212402344
0,1.0,hard,211,1484,0.0030864197530864335,54.726280212402344
0,1.0,hard,212,1491,0.0030864197530864335,54.726280212402344
0,1.0,hard,213,1498,0.0030864197530864335,54.726280212402344
0,1.0,hard,214,1505,0.0030864197530864335,54.726280212402344
0,1.0,hard,215,1512,0.0030864197530864335,54.726280212402344
0,1.0,hard,216,1519,0.0030864197530864335,54.726280212402344
0,1.0,hard,217,1526,0.0030864197530864335,54.726280212402344
0,1.0,hard,218,1533,0.0030864197530864335,54.726280212402344
0,1.0,hard,219,1540,0.0030864197530864335,54.726280212402344
0,1.0,hard,220,1547,0.0030864197530864335,54.726280212402344
0,1.0,hard,221,1554,0.0030864197530864335,54.726280212402344
0,1.0,hard,222,1561,0.0030864197530864335,54.726280212402344
0,1.0,hard,223,1568,0.0030864197530864335,54.726280212402344
0,1.0,hard,224,1575,0.0030864197530864335,54.726280212402344
0,1.0,hard,225,1582,0.0030864197530864335,54.726280212402344
0,1.0,hard,226,1589,0.0030864197530864335,54.726280212402344
0,1.0,hard,227,1596,0.0030864197530864335,54.726280212402344
0,1.0,hard,228,1603,0.0030864197530864335,54.726280212402344
0,1.0,hard,229,1610,0.0030864197530864335,54.726280212402344
0,1.0,hard,230,1617,0.0030864197530864335,54.726280212402344
0,1.0,hard,231,1624,0.0030864197530864335,54.726280212402344
0,1.0,hard,232,1631,0.0030864197530864335,54.726280212402344
0,1.0,hard,233,1638,0.0030864197530864335,54.726280212402344
0,1.0,hard,234,1645,0.0030864197530864335,54.726280212402344
0,1.0,hard,235,1652,0.0030864197530864335,54.726280212402344
0,1.0,hard,236,1659,0.0030864197530864335,54.726280212402344
0,1.0,hard,237,1666,0.0030864197530864335,54.726280212402344
0,1.0,hard,238,1673,0.004579207920792028,56.68140411376953
0,1.0,hard,239,1680,0.004579207920792028,56.68140411376953
0,1.0,hard,240,1687,0.004579207920792028,56.68140411376953
0,1.0,hard,241,1694,0.004579207920792028,56.68140411376953
0,1.0,hard,242,1701,0.004579207920792028,56.68140411376953
0,1.0,hard,243,1708,0.004579207920792028,56.68140411376953
0,1.0,hard,244,1715,0.004579207920792028,56.68140411376953
0,1.0,hard,245,1722,0.004579207920792028,56.68140411376953
0,1.0,hard,246,1729,0.004579207920792028,56.68140411376953
0,1.0,hard,247,1736,0.004579207920792028,56.68140411376953
0,1.0,hard,248,1743,0.004579207920792028,56.68140411376953
0,1.0,hard,249,1750,0.004579207920792028,56.68140411376953
0,1.0,hard,250,1757,0.005775577557755818,56.85456848144531
0,1.0,hard,251,1764,0.005775577557755818,56.85456848144531
0,1.0,hard,252,1771,0.005775577557755818,56.85456848144531
0,1.0,hard,253,1778,0.005775577557755818,56.85456848144531
0,1.0,hard,254,1785,0.005775577557755818,56.85456848144531
0,1.0,hard,255,1792,0.005775577557755818,56.85456848144531
0,1.0,hard,256,1799,0.005775577557755818,56.85456848144531
0,1.0,hard,257,1806,0.005775577557755818,56.85456848144531
0,1.0,hard,258,1813,0.005775577557755818,56.85456848144531
0,1.0,hard,259,1820,0.005775577557755818,56.85456848144531
0,1.0,hard,260,1827,0.005775577557755818,56.85456848144531
0,1.0,hard,261,1834,0.005775577557755818,56.85456848144531
0,1.0,hard,262,1841,0.005775577557755818,56.85456848144531
0,1.0,hard,263,1848,0.005775577557755818,56.85456848144531
0,1.0,hard,264,1855,0.005775577557755818,56.85456848144531
0,1.0,hard,265,1862,0.005775577557755818,56.85456848144531
0,1.0,hard,266,1869,0.005775577557755818,56.85456848144531
0,1.0,hard,267,1876,0.005775577557755818,56.85456848144531
0,1.0,hard,268,1883,0.005775577557755818,56.85456848144531
0,1.0,hard,269,1890,0.005775577557755818,56.85456848144531
0,1.0,hard,270,1897,0.005775577557755818,56.85456848144531
0,1.0,hard,271,1904,0.005775577557755818,56.85456848144531
0,1.0,hard,272,1911,0.005775577557755818,56.85456848144531
0,1.0,hard,273,1918,0.005775577557755818,56.85456848144531
0,1.0,hard,274,1925,0.005775577557755818,56.85456848144531
0,1.0,hard,275,1932,0.005775577557755818,56.85456848144531
0,1.0,hard,276,1939,0.005775577557755818,56.85456848144531
0,1.0,hard,277,1946,0.005775577557755818,56.85456848144531
0,1.0,hard,278,1953,0.005775577557755818,56.85456848144531
0,1.0,hard,279,1960,0.005775577557755818,56.85456848144531
0,1.0,hard,280,1967,0.005775577557755818,56.85456848144531
0,1.0,hard,281,1974,0.005775577557755818,56.85456848144531
0,1.0,hard,282,1981,0.005775577557755818,56.85456848144531
0,1.0,hard,283,1988,0.005775577557755818,56.85456848144531
0,1.0,hard,284,1995,0.005775577557755818,56.85456848144531
0,1.0,hard,285,2002,0.005775577557755818,56.85456848144531
0,1.0,hard,286,2009,0.005775577557755818,56.85456848144531
0,1.0,hard,287,2016,0.005775577557755818,56.85456848144531
0,1.0,hard,288,2023,0.005775577557755818,56.85456848144531
0,1.0,hard,289,2030,0.005775577557755818,56.85456848144531
0,1.0,hard,290,2037,0.005775577557755818,56.85456848144531
0,1.0,hard,291,2044,0.005775577557755818,56.85456848144531
0,1.0,hard,292,2051,0.005775577557755818,56.85456848144531
0,1.0,hard,293,2058,0.005775577557755818,56.85456848144531
0,1.0,hard,294,2065,0.005775577557755818,56.85456848144531
0,1.0,hard,295,2072,0.005775577557755818,56.85456848144531
0,1.0,hard,296,2079,0.005775577557755818,56.85456848144531
0,1.0,hard,297,2086,0.005775577557755818,56.85456848144531
0,1.0,hard,298,2093,0.005775577557755818,56.85456848144531
0,1.0,hard,299,2100,0.005775577557755818,56.85456848144531
0,1.0,hard,300,2107,0.005775577557755818,56.85456848144531
0,1.0,hard,301,2114,0.005775577557755818,56.85456848144531
0,1.0,hard,302,2121,0.005775577557755818,56.85456848144531
0,1.0,hard,303,2128,0.005775577557755818,56.85456848144531
0,1.0,hard,304,2135,0.005775577557755818,56.85456848144531
0,1.0,hard,305,2142,0.005775577557755818,56.85456848144531
0,1.0,hard,306,2149,0.005775577557755818,56.85456848144531
0,1.0,hard,307,2156,0.005775577557755818,56.85456848144531
0,1.0,hard,308,2163,0.005775577557755818,56.85456848144531
0,1.0,hard,309,2170,0.005775577557755818,56.85456848144531
0,1.0,hard,310,2177,0.005775577557755818,56.85456848144531
0,1.0,hard,311,2184,0.005775577557755818,56.85456848144531
0,1.0,hard,312,2191,0.005775577557755818,56.85456848144531
0,1.0,hard,313,2198,0.005775577557755818,56.85456848144531
0,1.0,hard,314,2205,0.005775577557755818,56.85456848144531
0,1.0,hard,315,2212,0.005775577557755818,56.85456848144531
0,1.0,hard,316,2219,0.005775577557755818,56.85456848144531
0,1.0,hard,317,2226,0.005775577557755818,56.85456848144531
0,1.0,hard,318,2233,0.005775577557755818,56.85456848144531
0,1.0,hard,319,2240,0.005775577557755818,56.85456848144531
0,1.0,hard,320,2247,0.005775577557755818,56.85456848144531
0,1.0,hard,321,2254,0.005775577557755818,56.85456848144531
0,1.0,hard,322,2261,0.005775577557755818,56.85456848144531
0,1.0,hard,323,2268,0.005775577557755818,56.85456848144531
0,1.0,hard,324,2275,0.005775577557755818,56.85456848144531
0,1.0,hard,325,2282,0.005775577557755818,56.85456848144531
0,1.0,hard,326,2289,0.005775577557755818,56.85456848144531
0,1.0,hard,327,2296,0.005775577557755818,56.85456848144531
0,1.0,hard,328,2303,0.005775577557755818,56.85456848144531
0,1.0,hard,329,2310,0.005775577557755818,56.85456848144531
0,1.0,hard,330,2317,0.005775577557755818,56.85456848144531
0,1.0,hard,331,2324,0.005775577557755818,56.85456848144531
0,1.0,hard,332,2331,0.005775577557755818,56.85456848144531
0,1.0,hard,333,2338,0.005775577557755818,56.85456848144531
0,1.0,hard,334,2345,0.005775577557755818,56.85456848144531
0,1.0,hard,335,2352,0.005775577557755818,56.85456848144531
0,1.0,hard,336,2359,0.005775577557755818,56.85456848144531
0,1.0,hard,337,2366,0.005775577557755818,56.85456848144531
0,1.0,hard,338,2373,0.005775577557755818,56.85456848144531
0,1.0,hard,339,2380,0.005775577557755818,56.85456848144531
0,1.0,hard,340,2387,0.005775577557755818,56.85456848144531
0,1.0,hard,341,2394,0.005775577557755818,56.85456848144531
0,1.0,hard,342,2401,0.005775577557755818,56.85456848144531
0,1.0,hard,343,2408,0.005775577557755818,56.85456848144531
0,1.0,hard,344,2415,0.005775577557755818,56.85456848144531
0,1.0,hard,345,2422,0.005775577557755818,56.85456848144531
0,1.0,hard,346,2429,0.005775577557755818,56.85456848144531
0,1.0,hard,347,2436,0.005775577557755818,56.85456848144531
0,1.0,hard,348,2443,0.005775577557755818,56.85456848144531
0,1.0,hard,349,2450,0.005775577557755818,56.85456848144531
0,1.0,hard,350,2457,0.005775577557755818,56.85456848144531
0,1.0,hard,351,2464,0.005775577557755818,56.85456848144531
0,1.0,hard,352,2471,0.005775577557755818,56.85456848144531
0,1.0,hard,353,2478,0.005775577557755818,56.85456848144531
0,1.0,hard,354,2485,0.005775577557755818,56.85456848144531
0,1.0,hard,355,2492,0.005775577557755818,56.85456848144531
0,1.0,hard,356,2499,0.005775577557755818,56.85456848144531
0,1.0,hard,357,2506,0.005775577557755818,56.85456848144531
0,1.0,hard,358,2513,0.005775577557755818,56.85456848144531
0,1.0,hard,359,2520,0.005775577557755818,56.85456848144531
0,1.0,hard,360,2527,0.005775577557755818,56.85456848144531
0,1.0,hard,361,2534,0.005775577557755818,56.85456848144531
0,1.0,hard,362,2541,0.005775577557755818,56.85456848144531
0,1.0,hard,363,2548,0.005775577557755818,56.85456848144531
0,1.0,hard,364,2555,0.005775577557755818,56.85456848144531
0,1.0,hard,365,2562,0.005775577557755818,56.85456848144531
0,1.0,hard,366,2569,0.005775577557755818,56.85456848144531
0,1.0,hard,367,2576,0.005775577557755818,56.85456848144531
0,1.0,hard,368,2583,0.005775577557755818,56.85456848144531
0,1.0,hard,369,2590,0.005775577557755818,56.85456848144531
0,1.0,hard,370,2597,0.005775577557755818,56.85456848144531
0,1.0,hard,371,2604,0.005775577557755818,56.85456848144531
0,1.0,hard,372,2611,0.005775577557755818,56.85456848144531
0,1.0,hard,373,2618,0.005775577557755818,56.85456848144531
0,1.0,hard,374,2625,0.005775577557755818,56.85456848144531
0,1.0,hard,375,2632,0.005775577557755818,56.85456848144531
0,1.0,hard,376,2639,0.005775577557755818,56.85456848144531
0,1.0,hard,377,2646,0.005775577557755818,56.85456848144531
0,1.0,hard,378,2653,0.005775577557755818,56.85456848144531
0,1.0,hard,379,2660,0.005775577557755818,56.85456848144531
0,1.0,hard,380,2667,0.005775577557755818,56.85456848144531
0,1.0,hard,381,2674,0.005775577557755818,56.85456848144531
0,1.0,hard,382,2681,0.005775577557755818,56.85456848144531
0,1.0,hard,383,2688,0.005775577557755818,56.85456848144531
0,1.0,hard,384,2695,0.005775577557755818,56.85456848144531
0,1.0,hard,385,2702,0.005775577557755818,56.85456848144531
0,1.0,hard,386,2709,0.005775577557755818,56.85456848144531
0,1.0,hard,387,2716,0.005775577557755818,56.85456848144531
0,1.0,hard,388,2723,0.005775577557755818,56.85456848144531
0,1.0,hard,389,2730,0.005775577557755818,56.85456848144531
0,1.0,hard,390,2737,0.005775577557755818,56.85456848144531
0,1.0,hard,391,2744,0.005775577557755818,56.85456848144531
0,1.0,hard,392,2751,0.005775577557755818,56.85456848144531
0,1.0,hard,393,2758,0.005775577557755818,56.85456848144531
0,1.0,hard,394,2765,0.005775577557755818,56.85456848144531
0,1.0,hard,395,2772,0.005775577557755818,56.85456848144531
0,1.0,hard,396,2779,0.005775577557755818,56.85456848144531
0,1.0,hard,397,2786,0.005775577557755818,56.85456848144531
0,1.0,hard,398,2793,0.005775577557755818,56.85456848144531
0,1.0,hard,399,2800,0.005775577557755818,56.85456848144531
0,1.0,hard,400,2807,0.005775577557755818,56.85456848144531
0,1.0,hard,401,2814,0.005775577557755818,56.85456848144531
0,1.0,hard,402,2821,0.005775577557755818,56.85456848144531
0,1.0,hard,403,2828,0.005775577557755818,56.85456848144531
0,1.0,hard,404,2835,0.005775577557755818,56.85456848144531
0,1.0,hard,405,2842,0.005775577557755818,56.85456848144531
0,1.0,hard,406,2849,0.005775577557755818,56.85456848144531
0,1.0,diff_s2_ow1,0,7,0.0030943751335144043,58.386627197265625
0,1.0,diff_s2_ow1,1,14,0.005841672420501709,92.72357940673828
0,1.0,diff_s2_ow1,2,21,0.005841672420501709,92.72357940673828
0,1.0,diff_s2_ow1,3,28,0.005841672420501709,92.72357940673828
0,1.0,diff_s2_ow1,4,35,0.007209658622741699,175.49217224121094
0,1.0,diff_s2_ow1,5,42,0.011497557163238525,175.3802490234375
0,1.0,diff_s2_ow1,6,49,0.011497557163238525,175.3802490234375
0,1.0,diff_s2_ow1,7,56,0.011497557163238525,175.3802490234375
0,1.0,diff_s2_ow1,8,63,0.011497557163238525,175.3802490234375
0,1.0,diff_s2_ow1,9,70,0.011497557163238525,175.3802490234375
0,1.0,diff_s2_ow1,10,77,0.011497557163238525,175.3802490234375
0,1.0,diff_s2_ow1,11,84,0.011497557163238525,175.3802490234375
0,1.0,diff_s2_ow1,12,91,0.015470266342163086,80.42415618896484
0,1.0,diff_s2_ow1,13,98,0.015470266342163086,80.42415618896484
0,1.0,diff_s2_ow1,14,105,0.015470266342163086,80.42415618896484
0,1.0,diff_s2_ow1,15,112,0.015470266342163086,80.42415618896484
0,1.0,diff_s2_ow1,16,119,0.02202504873275757,37.76504135131836
0,1.0,diff_s2_ow1,17,126,0.02202504873275757,37.76504135131836
0,1.0,diff_s2_ow1,18,133,0.02202504873275757,37.76504135131836
0,1.0,diff_s2_ow1,19,140,0.02202504873275757,37.76504135131836
0,1.0,diff_s2_ow1,20,147,0.02202504873275757,37.76504135131836
0,1.0,diff_s2_ow1,21,154,0.04399055242538452,81.4659194946289
0,1.0,diff_s2_ow1,22,161,0.04399055242538452,81.4659194946289
0,1.0,diff_s2_ow1,23,168,0.04399055242538452,81.4659194946289
0,1.0,diff_s2_ow1,24,175,0.04399055242538452,81.4659194946289
0,1.0,diff_s2_ow1,25,182,0.04399055242538452,81.4659194946289
0,1.0,diff_s2_ow1,26,189,0.04399055242538452,81.4659194946289
0,1.0,diff_s2_ow1,27,196,0.04399055242538452,81.4659194946289
0,1.0,diff_s2_ow1,28,203,0.04399055242538452,81.4659194946289
0,1.0,diff_s2_ow1,29,210,0.04399055242538452,81.4659194946289
0,1.0,diff_s2_ow1,30,217,0.04399055242538452,81.4659194946289
0,1.0,diff_s2_ow1,31,224,0.04399055242538452,81.4659194946289
0,1.0,diff_s2_ow1,32,231,0.04399055242538452,81.4659194946289
0,1.0,diff_s2_ow1,33,238,0.04399055242538452,81.4659194946289
0,1.0,diff_s2_ow1,34,245,0.04399055242538452,81.4659194946289
0,1.0,diff_s2_ow1,35,252,0.04399055242538452,81.4659194946289
0,1.0,diff_s2_ow1,36,259,0.04399055242538452,81.4659194946289
0,1.0,diff_s2_ow1,37,266,0.04399055242538452,81.4659194946289
0,1.0,diff_s2_ow1,38,273,0.04399055242538452,81.4659194946289
0,1.0,diff_s2_ow1,39,280,0.04399055242538452,81.4659194946289
0,1.0,diff_s2_ow1,40,287,0.04399055242538452,81.4659194946289
0,1.0,diff_s2_ow1,41,294,0.04399055242538452,81.4659194946289
0,1.0,diff_s2_ow1,42,301,0.04399055242538452,81.4659194946289
0,1.0,diff_s2_ow1,43,308,0.04399055242538452,81.4659194946289
0,1.0,diff_s2_ow1,44,315,0.04399055242538452,81.4659194946289
0,1.0,diff_s2_ow1,45,322,0.04399055242538452,81.4659194946289
0,1.0,diff_s2_ow1,46,329,0.04399055242538452,81.4659194946289
0,1.0,diff_s2_ow1,47,336,0.04399055242538452,81.4659194946289
0,1.0,diff_s2_ow1,48,343,0.04399055242538452,81.4659194946289
0,1.0,diff_s2_ow1,49,350,0.04399055242538452,81.4659194946289
0,1.0,diff_s2_ow1,50,357,0.04399055242538452,81.4659194946289
0,1.0,diff_s2_ow1,51,364,0.04399055242538452,81.4659194946289
0,1.0,diff_s2_ow1,52,371,0.04399055242538452,81.4659194946289
0,1.0,diff_s2_ow1,53,378,0.04399055242538452,81.4659194946289
0,1.0,diff_s2_ow1,54,385,0.04399055242538452,81.4659194946289
0,1.0,diff_s2_ow1,55,392,0.04399055242538452,81.4659194946289
0,1.0,diff_s2_ow1,56,399,0.04399055242538452,81.4659194946289
0,1.0,diff_s2_ow1,57,406,0.04399055242538452,81.4659194946289
0,1.0,diff_s2_ow1,58,413,0.04399055242538452,81.4659194946289
0,1.0,diff_s2_ow1,59,420,0.04399055242538452,81.4659194946289
0,1.0,diff_s2_ow1,60,427,0.04399055242538452,81.4659194946289
0,1.0,diff_s2_ow1,61,434,0.04399055242538452,81.4659194946289
0,1.0,diff_s2_ow1,62,441,0.04399055242538452,81.4659194946289
0,1.0,diff_s2_ow1,63,448,0.04399055242538452,81.4659194946289
0,1.0,diff_s2_ow1,64,455,0.04399055242538452,81.4659194946289
0,1.0,diff_s2_ow1,65,462,0.04399055242538452,81.4659194946289
0,1.0,diff_s2_ow1,66,469,0.04399055242538452,81.4659194946289
0,1.0,diff_s2_ow1,67,476,0.04399055242538452,81.4659194946289
0,1.0,diff_s2_ow1,68,483,0.04399055242538452,81.4659194946289
0,1.0,diff_s2_ow1,69,490,0.04399055242538452,81.4659194946289
0,1.0,diff_s2_ow1,70,497,0.04399055242538452,81.4659194946289
0,1.0,diff_s2_ow1,71,504,0.04399055242538452,81.4659194946289
0,1.0,diff_s2_ow1,72,511,0.04399055242538452,81.4659194946289
0,1.0,diff_s2_ow1,73,518,0.04399055242538452,81.4659194946289
0,1.0,diff_s2_ow1,74,525,0.04399055242538452,81.4659194946289
0,1.0,diff_s2_ow1,75,532,0.04399055242538452,81.4659194946289
0,1.0,diff_s2_ow1,76,539,0.04399055242538452,81.4659194946289
0,1.0,diff_s2_ow1,77,546,0.04399055242538452,81.4659194946289
0,1.0,diff_s2_ow1,78,553,0.04399055242538452,81.4659194946289
0,1.0,diff_s2_ow1,79,560,0.04399055242538452,81.4659194946289
0,1.0,diff_s2_ow1,80,567,0.04399055242538452,81.4659194946289
0,1.0,diff_s2_ow1,81,574,0.04399055242538452,81.4659194946289
0,1.0,diff_s2_ow1,82,581,0.04399055242538452,81.4659194946289
0,1.0,diff_s2_ow1,83,588,0.04399055242538452,81.4659194946289
0,1.0,diff_s2_ow1,84,595,0.04399055242538452,81.4659194946289
0,1.0,diff_s2_ow1,85,602,0.04399055242538452,81.4659194946289
0,1.0,diff_s2_ow1,86,609,0.04399055242538452,81.4659194946289
0,1.0,diff_s2_ow1,87,616,0.04399055242538452,81.4659194946289
0,1.0,diff_s2_ow1,88,623,0.04399055242538452,81.4659194946289
0,1.0,diff_s2_ow1,89,630,0.04399055242538452,81.4659194946289
0,1.0,diff_s2_ow1,90,637,0.04399055242538452,81.4659194946289
0,1.0,diff_s2_ow1,91,644,0.04399055242538452,81.4659194946289
0,1.0,diff_s2_ow1,92,651,0.04399055242538452,81.4659194946289
0,1.0,diff_s2_ow1,93,658,0.04399055242538452,81.4659194946289
0,1.0,diff_s2_ow1,94,665,0.04399055242538452,81.4659194946289
0,1.0,diff_s2_ow1,95,672,0.04399055242538452,81.4659194946289
0,1.0,diff_s2_ow1,96,679,0.04399055242538452,81.4659194946289
0,1.0,diff_s2_ow1,97,686,0.04399055242538452,81.4659194946289
0,1.0,diff_s2_ow1,98,693,0.04399055242538452,81.4659194946289
0,1.0,diff_s2_ow1,99,700,0.04399055242538452,81.4659194946289
0,1.0,diff_s2_ow1,100,707,0.04399055242538452,81.4659194946289
0,1.0,diff_s2_ow1,101,714,0.04399055242538452,81.4659194946289
0,1.0,diff_s2_ow1,102,721,0.04399055242538452,81.4659194946289
0,1.0,diff_s2_ow1,103,728,0.04399055242538452,81.4659194946289
0,1.0,diff_s2_ow1,104,735,0.04399055242538452,81.4659194946289
0,1.0,diff_s2_ow1,105,742,0.04399055242538452,81.4659194946289
0,1.0,diff_s2_ow1,106,749,0.04399055242538452,81.4659194946289
0,1.0,diff_s2_ow1,107,756,0.04399055242538452,81.4659194946289
0,1.0,diff_s2_ow1,108,763,0.04399055242538452,81.4659194946289
0,1.0,diff_s2_ow1,109,770,0.04399055242538452,81.4659194946289
0,1.0,diff_s2_ow1,110,777,0.04399055242538452,81.4659194946289
0,1.0,diff_s2_ow1,111,784,0.04399055242538452,81.4659194946289
0,1.0,diff_s2_ow1,112,791,0.04399055242538452,81.4659194946289
0,1.0,diff_s2_ow1,113,798,0.04399055242538452,81.4659194946289
0,1.0,diff_s2_ow1,114,805,0.04399055242538452,81.4659194946289
0,1.0,diff_s2_ow1,115,812,0.04399055242538452,81.4659194946289
0,1.0,diff_s2_ow1,116,819,0.04399055242538452,81.4659194946289
0,1.0,diff_s2_ow1,117,826,0.04399055242538452,81.4659194946289
0,1.0,diff_s2_ow1,118,833,0.04399055242538452,81.4659194946289
0,1.0,diff_s2_ow1,119,840,0.04399055242538452,81.4659194946289
0,1.0,diff_s2_ow1,120,847,0.04399055242538452,81.4659194946289
0,1.0,diff_s2_ow1,121,854,0.04399055242538452,81.4659194946289
0,1.0,diff_s2_ow1,122,861,0.04399055242538452,81.4659194946289
0,1.0,diff_s2_ow1,123,868,0.04399055242538452,81.4659194946289
0,1.0,diff_s2_ow1,124,875,0.04399055242538452,81.4659194946289
0,1.0,diff_s2_ow1,125,882,0.04399055242538452,81.4659194946289
0,1.0,diff_s2_ow1,126,889,0.04399055242538452,81.4659194946289
0,1.0,diff_s2_ow1,127,896,0.04399055242538452,81.4659194946289
0,1.0,diff_s2_ow1,128,903,0.04399055242538452,81.4659194946289
0,1.0,diff_s2_ow1,129,910,0.04399055242538452,81.4659194946289
0,1.0,diff_s2_ow1,130,917,0.04399055242538452,81.4659194946289
0,1.0,diff_s2_ow1,131,924,0.04399055242538452,81.4659194946289
0,1.0,diff_s2_ow1,132,931,0.04399055242538452,81.4659194946289
0,1.0,diff_s2_ow1,133,938,0.04399055242538452,81.4659194946289
0,1.0,diff_s2_ow1,134,945,0.04399055242538452,81.4659194946289
0,1.0,diff_s2_ow1,135,952,0.04399055242538452,81.4659194946289
0,1.0,diff_s2_ow1,136,959,0.04399055242538452,81.4659194946289
0,1.0,diff_s2_ow1,137,966,0.04399055242538452,81.4659194946289
0,1.0,diff_s2_ow1,138,973,0.04399055242538452,81.4659194946289
0,1.0,diff_s2_ow1,139,980,0.04399055242538452,81.4659194946289
0,1.0,diff_s2_ow1,140,987,0.04399055242538452,81.4659194946289
0,1.0,diff_s2_ow1,141,994,0.04399055242538452,81.4659194946289
0,1.0,diff_s2_ow1,142,1001,0.04399055242538452,81.4659194946289
0,1.0,diff_s2_ow1,143,1008,0.04399055242538452,81.4659194946289
0,1.0,diff_s2_ow1,144,1015,0.04399055242538452,81.4659194946289
0,1.0,diff_s2_ow1,145,1022,0.04399055242538452,81.4659194946289
0,1.0,diff_s2_ow1,146,1029,0.04399055242538452,81.4659194946289
0,1.0,diff_s2_ow1,147,1036,0.04399055242538452,81.4659194946289
0,1.0,diff_s2_ow1,148,1043,0.04399055242538452,81.4659194946289
0,1.0,diff_s2_ow1,149,1050,0.04399055242538452,81.4659194946289
0,1.0,diff_s2_ow1,150,1057,0.04399055242538452,81.4659194946289
0,1.0,diff_s2_ow1,151,1064,0.04399055242538452,81.4659194946289
0,1.0,diff_s2_ow1,152,1071,0.04399055242538452,81.4659194946289
0,1.0,diff_s2_ow1,153,1078,0.04399055242538452,81.4659194946289
0,1.0,diff_s2_ow1,154,1085,0.04399055242538452,81.4659194946289
0,1.0,diff_s2_ow1,155,1092,0.04399055242538452,81.4659194946289
0,1.0,diff_s2_ow1,156,1099,0.04399055242538452,81.4659194946289
0,1.0,diff_s2_ow1,157,1106,0.04399055242538452,81.4659194946289
0,1.0,diff_s2_ow1,158,1113,0.04399055242538452,81.4659194946289
0,1.0,diff_s2_ow1,159,1120,0.04399055242538452,81.4659194946289
0,1.0,diff_s2_ow1,160,1127,0.04399055242538452,81.4659194946289
0,1.0,diff_s2_ow1,161,1134,0.04399055242538452,81.4659194946289
0,1.0,diff_s2_ow1,162,1141,0.04399055242538452,81.4659194946289
0,1.0,diff_s2_ow1,163,1148,0.04399055242538452,81.4659194946289
0,1.0,diff_s2_ow1,164,1155,0.04399055242538452,81.4659194946289
0,1.0,diff_s2_ow1,165,1162,0.04399055242538452,81.4659194946289
0,1.0,diff_s2_ow1,166,1169,0.04399055242538452,81.4659194946289
0,1.0,diff_s2_ow1,167,1176,0.04399055242538452,81.4659194946289
0,1.0,diff_s2_ow1,168,1183,0.04399055242538452,81.4659194946289
0,1.0,diff_s2_ow1,169,1190,0.04399055242538452,81.4659194946289
0,1.0,diff_s2_ow1,170,1197,0.04399055242538452,81.4659194946289
0,1.0,diff_s2_ow1,171,1204,0.04399055242538452,81.4659194946289
0,1.0,diff_s2_ow1,172,1211,0.04399055242538452,81.4659194946289
0,1.0,diff_s2_ow1,173,1218,0.04399055242538452,81.4659194946289
0,1.0,diff_s2_ow1,174,1225,0.04399055242538452,81.4659194946289
0,1.0,diff_s2_ow1,175,1232,0.04399055242538452,81.4659194946289
0,1.0,diff_s2_ow1,176,1239,0.04399055242538452,81.4659194946289
0,1.0,diff_s2_ow1,177,1246,0.04399055242538452,81.4659194946289
0,1.0,diff_s2_ow1,178,1253,0.04399055242538452,81.4659194946289
0,1.0,diff_s2_ow1,179,1260,0.04399055242538452,81.4659194946289
0,1.0,diff_s2_ow1,180,1267,0.04399055242538452,81.4659194946289
0,1.0,diff_s2_ow1,181,1274,0.04399055242538452,81.4659194946289
0,1.0,diff_s2_ow1,182,1281,0.04399055242538452,81.4659194946289
0,1.0,diff_s2_ow1,183,1288,0.04399055242538452,81.4659194946289
0,1.0,diff_s2_ow1,184,1295,0.04399055242538452,81.4659194946289
0,1.0,diff_s2_ow1,185,1302,0.04399055242538452,81.4659194946289
0,1.0,diff_s2_ow1,186,1309,0.04399055242538452,81.4659194946289
0,1.0,diff_s2_ow1,187,1316,0.04399055242538452,81.4659194946289
0,1.0,diff_s2_ow1,188,1323,0.04399055242538452,81.4659194946289
0,1.0,diff_s2_ow1,189,1330,0.04399055242538452,81.4659194946289
0,1.0,diff_s2_ow1,190,1337,0.04399055242538452,81.4659194946289
0,1.0,diff_s2_ow1,191,1344,0.04399055242538452,81.4659194946289
0,1.0,diff_s2_ow1,192,1351,0.04399055242538452,81.4659194946289
0,1.0,diff_s2_ow1,193,1358,0.04399055242538452,81.4659194946289
0,1.0,diff_s2_ow1,194,1365,0.04399055242538452,81.4659194946289
0,1.0,diff_s2_ow1,195,1372,0.04399055242538452,81.4659194946289
0,1.0,diff_s2_ow1,196,1379,0.04399055242538452,81.4659194946289
0,1.0,diff_s2_ow1,197,1386,0.04399055242538452,81.4659194946289
0,1.0,diff_s2_ow1,198,1393,0.04399055242538452,81.4659194946289
0,1.0,diff_s2_ow1,199,1400,0.04399055242538452,81.4659194946289
0,1.0,diff_s2_ow1,200,1407,0.04399055242538452,81.4659194946289
0,1.0,diff_s2_ow1,201,1414,0.04399055242538452,81.4659194946289
0,1.0,diff_s2_ow1,202,1421,0.04399055242538452,81.4659194946289
0,1.0,diff_s2_ow1,203,1428,0.04399055242538452,81.4659194946289
0,1.0,diff_s2_ow1,204,1435,0.04399055242538452,81.4659194946289
0,1.0,diff_s2_ow1,205,1442,0.04399055242538452,81.4659194946289
0,1.0,diff_s2_ow1,206,1449,0.04399055242538452,81.4659194946289
0,1.0,diff_s2_ow1,207,1456,0.04399055242538452,81.4659194946289
0,1.0,diff_s2_ow1,208,1463,0.04399055242538452,81.4659194946289
0,1.0,diff_s2_ow1,209,1470,0.04399055242538452,81.4659194946289
0,1.0,diff_s2_ow1,210,1477,0.04399055242538452,81.4659194946289
0,1.0,diff_s2_ow1,211,1484,0.04399055242538452,81.4659194946289
0,1.0,diff_s2_ow1,212,1491,0.04399055242538452,81.4659194946289
0,1.0,diff_s2_ow1,213,1498,0.04399055242538452,81.4659194946289
0,1.0,diff_s2_ow1,214,1505,0.04399055242538452,81.4659194946289
0,1.0,diff_s2_ow1,215,1512,0.04399055242538452,81.4659194946289
0,1.0,diff_s2_ow1,216,1519,0.04399055242538452,81.4659194946289
0,1.0,diff_s2_ow1,217,1526,0.04399055242538452,81.4659194946289
0,1.0,diff_s2_ow1,218,1533,0.04399055242538452,81.4659194946289
0,1.0,diff_s2_ow1,219,1540,0.04399055242538452,81.4659194946289
0,1.0,diff_s2_ow1,220,1547,0.04399055242538452,81.4659194946289
0,1.0,diff_s2_ow1,221,1554,0.04399055242538452,81.4659194946289
0,1.0,diff_s2_ow1,222,1561,0.04399055242538452,81.4659194946289
0,1.0,diff_s2_ow1,223,1568,0.04399055242538452,81.4659194946289
0,1.0,diff_s2_ow1,224,1575,0.04399055242538452,81.4659194946289
0,1.0,diff_s2_ow1,225,1582,0.04399055242538452,81.4659194946289
0,1.0,diff_s2_ow1,226,1589,0.04399055242538452,81.4659194946289
0,1.0,diff_s2_ow1,227,1596,0.04399055242538452,81.4659194946289
0,1.0,diff_s2_ow1,228,1603,0.04399055242538452,81.4659194946289
0,1.0,diff_s2_ow1,229,1610,0.04399055242538452,81.4659194946289
0,1.0,diff_s2_ow1,230,1617,0.04399055242538452,81.4659194946289
0,1.0,diff_s2_ow1,231,1624,0.04399055242538452,81.4659194946289
0,1.0,diff_s2_ow1,232,1631,0.04399055242538452,81.4659194946289
0,1.0,diff_s2_ow1,233,1638,0.04399055242538452,81.4659194946289
0,1.0,diff_s2_ow1,234,1645,0.04399055242538452,81.4659194946289
0,1.0,diff_s2_ow1,235,1652,0.04399055242538452,81.4659194946289
0,1.0,diff_s2_ow1,236,1659,0.04399055242538452,81.4659194946289
0,1.0,diff_s2_ow1,237,1666,0.04399055242538452,81.4659194946289
0,1.0,diff_s2_ow1,238,1673,0.04399055242538452,81.4659194946289
0,1.0,diff_s2_ow1,239,1680,0.04399055242538452,81.4659194946289
0,1.0,diff_s2_ow1,240,1687,0.04399055242538452,81.4659194946289
0,1.0,diff_s2_ow1,241,1694,0.04399055242538452,81.4659194946289
0,1.0,diff_s2_ow1,242,1701,0.04399055242538452,81.4659194946289
0,1.0,diff_s2_ow1,243,1708,0.04399055242538452,81.4659194946289
0,1.0,diff_s2_ow1,244,1715,0.04399055242538452,81.4659194946289
0,1.0,diff_s2_ow1,245,1722,0.04399055242538452,81.4659194946289
0,1.0,diff_s2_ow1,246,1729,0.04399055242538452,81.4659194946289
0,1.0,diff_s2_ow1,247,1736,0.04399055242538452,81.4659194946289
0,1.0,diff_s2_ow1,248,1743,0.04399055242538452,81.4659194946289
0,1.0,diff_s2_ow1,249,1750,0.04399055242538452,81.4659194946289
0,1.0,diff_s2_ow1,250,1757,0.04399055242538452,81.4659194946289
0,1.0,diff_s2_ow1,251,1764,0.04399055242538452,81.4659194946289
0,1.0,diff_s2_ow1,252,1771,0.04399055242538452,81.4659194946289
0,1.0,diff_s2_ow1,253,1778,0.04399055242538452,81.4659194946289
0,1.0,diff_s2_ow1,254,1785,0.04399055242538452,81.4659194946289
0,1.0,diff_s2_ow1,255,1792,0.04399055242538452,81.4659194946289
0,1.0,diff_s2_ow1,256,1799,0.04399055242538452,81.4659194946289
0,1.0,diff_s2_ow1,257,1806,0.04399055242538452,81.4659194946289
0,1.0,diff_s2_ow1,258,1813,0.04399055242538452,81.4659194946289
0,1.0,diff_s2_ow1,259,1820,0.04399055242538452,81.4659194946289
0,1.0,diff_s2_ow1,260,1827,0.04399055242538452,81.4659194946289
0,1.0,diff_s2_ow1,261,1834,0.04399055242538452,81.4659194946289
0,1.0,diff_s2_ow1,262,1841,0.04399055242538452,81.4659194946289
0,1.0,diff_s2_ow1,263,1848,0.04399055242538452,81.4659194946289
0,1.0,diff_s2_ow1,264,1855,0.04399055242538452,81.4659194946289
0,1.0,diff_s2_ow1,265,1862,0.04399055242538452,81.4659194946289
0,1.0,diff_s2_ow1,266,1869,0.04399055242538452,81.4659194946289
0,1.0,diff_s2_ow1,267,1876,0.04399055242538452,81.4659194946289
0,1.0,diff_s2_ow1,268,1883,0.04399055242538452,81.4659194946289
0,1.0,diff_s2_ow1,269,1890,0.04399055242538452,81.4659194946289
0,1.0,diff_s2_ow1,270,1897,0.04399055242538452,81.4659194946289
0,1.0,diff_s2_ow1,271,1904,0.04399055242538452,81.4659194946289
0,1.0,diff_s2_ow1,272,1911,0.04399055242538452,81.4659194946289
0,1.0,diff_s2_ow1,273,1918,0.04399055242538452,81.4659194946289
0,1.0,diff_s2_ow1,274,1925,0.04399055242538452,81.4659194946289
0,1.0,diff_s2_ow1,275,1932,0.04399055242538452,81.4659194946289
0,1.0,diff_s2_ow1,276,1939,0.04399055242538452,81.4659194946289
0,1.0,diff_s2_ow1,277,1946,0.04399055242538452,81.4659194946289
0,1.0,diff_s2_ow1,278,1953,0.04399055242538452,81.4659194946289
0,1.0,diff_s2_ow1,279,1960,0.04399055242538452,81.4659194946289
0,1.0,diff_s2_ow1,280,1967,0.04399055242538452,81.4659194946289
0,1.0,diff_s2_ow1,281,1974,0.04399055242538452,81.4659194946289
0,1.0,diff_s2_ow1,282,1981,0.04399055242538452,81.4659194946289
0,1.0,diff_s2_ow1,283,1988,0.04399055242538452,81.4659194946289
0,1.0,diff_s2_ow1,284,1995,0.04399055242538452,81.4659194946289
0,1.0,diff_s2_ow1,285,2002,0.04399055242538452,81.4659194946289
0,1.0,diff_s2_ow1,286,2009,0.04399055242538452,81.4659194946289
0,1.0,diff_s2_ow1,287,2016,0.04399055242538452,81.4659194946289
0,1.0,diff_s2_ow1,288,2023,0.04399055242538452,81.4659194946289
0,1.0,diff_s2_ow1,289,2030,0.04399055242538452,81.4659194946289
0,1.0,diff_s2_ow1,290,2037,0.04399055242538452,81.4659194946289
0,1.0,diff_s2_ow1,291,2044,0.04399055242538452,81.4659194946289
0,1.0,diff_s2_ow1,292,2051,0.04399055242538452,81.4659194946289
0,1.0,diff_s2_ow1,293,2058,0.04399055242538452,81.4659194946289
0,1.0,diff_s2_ow1,294,2065,0.04399055242538452,81.4659194946289
0,1.0,diff_s2_ow1,295,2072,0.04399055242538452,81.4659194946289
0,1.0,diff_s2_ow1,296,2079,0.04399055242538452,81.4659194946289
0,1.0,diff_s2_ow1,297,2086,0.04399055242538452,81.4659194946289
0,1.0,diff_s2_ow1,298,2093,0.04399055242538452,81.4659194946289
0,1.0,diff_s2_ow1,299,2100,0.04399055242538452,81.4659194946289
0,1.0,diff_s2_ow1,300,2107,0.04399055242538452,81.4659194946289
0,2.0,hard,0,7,0.0,20.162700653076172
0,2.0,hard,1,14,0.0,20.162700653076172
0,2.0,hard,2,21,0.0006234413965087171,105.06542205810547
0,2.0,hard,3,28,0.0006234413965087171,105.06542205810547
0,2.0,hard,4,35,0.0006234413965087171,105.06542205810547
0,2.0,hard,5,42,0.0006234413965087171,105.06542205810547
0,2.0,hard,6,49,0.0044887780548628076,41.29256820678711
0,2.0,hard,7,56,0.0044887780548628076,41.29256820678711
0,2.0,hard,8,63,0.0044887780548628076,41.29256820678711
0,2.0,hard,9,70,0.0044887780548628076,41.29256820678711
0,2.0,hard,10,77,0.0044887780548628076,41.29256820678711
0,2.0,hard,11,84,0.0044887780548628076,41.29256820678711
0,2.0,hard,12,91,0.0044887780548628076,41.29256820678711
0,2.0,hard,13,98,0.0044887780548628076,41.29256820678711
0,2.0,hard,14,105,0.0044887780548628076,41.29256820678711
0,2.0,hard,15,112,0.0044887780548628076,41.29256820678711
0,2.0,hard,16,119,0.0044887780548628076,41.29256820678711
0,2.0,hard,17,126,0.0044887780548628076,41.29256820678711
0,2.0,hard,18,133,0.0044887780548628076,41.29256820678711
0,2.0,hard,19,140,0.0044887780548628076,41.29256820678711
0,2.0,hard,20,147,0.0044887780548628076,41.29256820678711
0,2.0,hard,21,154,0.0044887780548628076,41.29256820678711
0,2.0,hard,22,161,0.0044887780548628076,41.29256820678711
0,2.0,hard,23,168,0.0044887780548628076,41.29256820678711
0,2.0,hard,24,175,0.0044887780548628076,41.29256820678711
0,2.0,hard,25,182,0.0044887780548628076,41.29256820678711
0,2.0,hard,26,189,0.0044887780548628076,41.29256820678711
0,2.0,hard,27,196,0.0044887780548628076,41.29256820678711
0,2.0,hard,28,203,0.0044887780548628076,41.29256820678711
0,2.0,hard,29,210,0.0044887780548628076,41.29256820678711
0,2.0,hard,30,217,0.0044887780548628076,41.29256820678711
0,2.0,hard,31,224,0.0044887780548628076,41.29256820678711
0,2.0,hard,32,231,0.0044887780548628076,41.29256820678711
0,2.0,hard,33,238,0.0044887780548628076,41.29256820678711
0,2.0,hard,34,245,0.0044887780548628076,41.29256820678711
0,2.0,hard,35,252,0.0044887780548628076,41.29256820678711
0,2.0,hard,36,259,0.0044887780548628076,41.29256820678711
0,2.0,hard,37,266,0.0044887780548628076,41.29256820678711
0,2.0,hard,38,273,0.0044887780548628076,41.29256820678711
0,2.0,hard,39,280,0.0044887780548628076,41.29256820678711
0,2.0,hard,40,287,0.0044887780548628076,41.29256820678711
0,2.0,hard,41,294,0.0044887780548628076,41.29256820678711
0,2.0,hard,42,301,0.0044887780548628076,41.29256820678711
0,2.0,hard,43,308,0.0044887780548628076,41.29256820678711
0,2.0,hard,44,315,0.0044887780548628076,41.29256820678711
0,2.0,hard,45,322,0.0044887780548628076,41.29256820678711
0,2.0,hard,46,329,0.0044887780548628076,41.29256820678711
0,2.0,hard,47,336,0.0044887780548628076,41.29256820678711
0,2.0,hard,48,343,0.0044887780548628076,41.29256820678711
0,2.0,hard,49,350,0.0044887780548628076,41.29256820678711
0,2.0,hard,50,357,0.0044887780548628076,41.29256820678711
0,2.0,hard,51,364,0.0044887780548628076,41.29256820678711
0,2.0,hard,52,371,0.0044887780548628076,41.29256820678711
0,2.0,hard,53,378,0.0044887780548628076,41.29256820678711
0,2.0,hard,54,385,0.0044887780548628076,41.29256820678711
0,2.0,hard,55,392,0.0044887780548628076,41.29256820678711
0,2.0,hard,56,399,0.0044887780548628076,41.29256820678711
0,2.0,hard,57,406,0.0044887780548628076,41.29256820678711
0,2.0,hard,58,413,0.0044887780548628076,41.29256820678711
0,2.0,hard,59,420,0.0044887780548628076,41.29256820678711
0,2.0,hard,60,427,0.0044887780548628076,41.29256820678711
0,2.0,hard,61,434,0.0044887780548628076,41.29256820678711
0,2.0,hard,62,441,0.0044887780548628076,41.29256820678711
0,2.0,hard,63,448,0.0044887780548628076,41.29256820678711
0,2.0,hard,64,455,0.0044887780548628076,41.29256820678711
0,2.0,hard,65,462,0.0044887780548628076,41.29256820678711
0,2.0,hard,66,469,0.0044887780548628076,41.29256820678711
0,2.0,hard,67,476,0.0044887780548628076,41.29256820678711
0,2.0,hard,68,483,0.0044887780548628076,41.29256820678711
0,2.0,hard,69,490,0.0044887780548628076,41.29256820678711
0,2.0,hard,70,497,0.0044887780548628076,41.29256820678711
0,2.0,hard,71,504,0.0044887780548628076,41.29256820678711
0,2.0,hard,72,511,0.0044887780548628076,41.29256820678711
0,2.0,hard,73,518,0.0044887780548628076,41.29256820678711
0,2.0,hard,74,525,0.0044887780548628076,41.29256820678711
0,2.0,hard,75,532,0.0044887780548628076,41.29256820678711
0,2.0,hard,76,539,0.0044887780548628076,41.29256820678711
0,2.0,hard,77,546,0.0044887780548628076,41.29256820678711
0,2.0,hard,78,553,0.0044887780548628076,41.29256820678711
0,2.0,hard,79,560,0.0044887780548628076,41.29256820678711
0,2.0,hard,80,567,0.0044887780548628076,41.29256820678711
0,2.0,hard,81,574,0.0044887780548628076,41.29256820678711
0,2.0,hard,82,581,0.0044887780548628076,41.29256820678711
0,2.0,hard,83,588,0.0044887780548628076,41.29256820678711
0,2.0,hard,84,595,0.0044887780548628076,41.29256820678711
0,2.0,hard,85,602,0.0044887780548628076,41.29256820678711
0,2.0,hard,86,609,0.0044887780548628076,41.29256820678711
0,2.0,hard,87,616,0.0044887780548628076,41.29256820678711
0,2.0,hard,88,623,0.0044887780548628076,41.29256820678711
0,2.0,hard,89,630,0.0044887780548628076,41.29256820678711
0,2.0,hard,90,637,0.0044887780548628076,41.29256820678711
0,2.0,hard,91,644,0.0044887780548628076,41.29256820678711
0,2.0,hard,92,651,0.0044887780548628076,41.29256820678711
0,2.0,hard,93,658,0.0044887780548628076,41.29256820678711
0,2.0,hard,94,665,0.0044887780548628076,41.29256820678711
0,2.0,hard,95,672,0.0044887780548628076,41.29256820678711
0,2.0,hard,96,679,0.0044887780548628076,41.29256820678711
0,2.0,hard,97,686,0.0044887780548628076,41.29256820678711
0,2.0,hard,98,693,0.0044887780548628076,41.29256820678711
0,2.0,hard,99,700,0.0044887780548628076,41.29256820678711
0,2.0,hard,100,707,0.0044887780548628076,41.29256820678711
0,2.0,hard,101,714,0.0044887780548628076,41.29256820678711
0,2.0,hard,102,721,0.0044887780548628076,41.29256820678711
0,2.0,hard,103,728,0.0044887780548628076,41.29256820678711
0,2.0,hard,104,735,0.0044887780548628076,41.29256820678711
0,2.0,hard,105,742,0.0044887780548628076,41.29256820678711
0,2.0,hard,106,749,0.0044887780548628076,41.29256820678711
0,2.0,hard,107,756,0.0044887780548628076,41.29256820678711
0,2.0,hard,108,763,0.0044887780548628076,41.29256820678711
0,2.0,hard,109,770,0.0044887780548628076,41.29256820678711
0,2.0,hard,110,777,0.0044887780548628076,41.29256820678711
0,2.0,hard,111,784,0.0044887780548628076,41.29256820678711
0,2.0,hard,112,791,0.0044887780548628076,41.29256820678711
0,2.0,hard,113,798,0.0044887780548628076,41.29256820678711
0,2.0,hard,114,805,0.0044887780548628076,41.29256820678711
0,2.0,hard,115,812,0.0044887780548628076,41.29256820678711
0,2.0,hard,116,819,0.0044887780548628076,41.29256820678711
0,2.0,hard,117,826,0.0044887780548628076,41.29256820678711
0,2.0,hard,118,833,0.0044887780548628076,41.29256820678711
0,2.0,hard,119,840,0.0044887780548628076,41.29256820678711
0,2.0,hard,120,847,0.0044887780548628076,41.29256820678711
0,2.0,hard,121,854,0.0044887780548628076,41.29256820678711
0,2.0,hard,122,861,0.0044887780548628076,41.29256820678711
0,2.0,hard,123,868,0.0044887780548628076,41.29256820678711
0,2.0,hard,124,875,0.0044887780548628076,41.29256820678711
0,2.0,hard,125,882,0.0044887780548628076,41.29256820678711
0,2.0,hard,126,889,0.0044887780548628076,41.29256820678711
0,2.0,hard,127,896,0.0044887780548628076,41.29256820678711
0,2.0,hard,128,903,0.0044887780548628076,41.29256820678711
0,2.0,hard,129,910,0.0044887780548628076,41.29256820678711
0,2.0,hard,130,917,0.0044887780548628076,41.29256820678711
0,2.0,hard,131,924,0.0044887780548628076,41.29256820678711
0,2.0,hard,132,931,0.0044887780548628076,41.29256820678711
0,2.0,hard,133,938,0.0044887780548628076,41.29256820678711
0,2.0,hard,134,945,0.0044887780548628076,41.29256820678711
0,2.0,hard,135,952,0.0044887780548628076,41.29256820678711
0,2.0,hard,136,959,0.0044887780548628076,41.29256820678711
0,2.0,hard,137,966,0.0044887780548628076,41.29256820678711
0,2.0,hard,138,973,0.0044887780548628076,41.29256820678711
0,2.0,hard,139,980,0.0044887780548628076,41.29256820678711
0,2.0,hard,140,987,0.0044887780548628076,41.29256820678711
0,2.0,hard,141,994,0.0044887780548628076,41.29256820678711
0,2.0,hard,142,1001,0.0044887780548628076,41.29256820678711
0,2.0,hard,143,1008,0.0044887780548628076,41.29256820678711
0,2.0,hard,144,1015,0.0044887780548628076,41.29256820678711
0,2.0,hard,145,1022,0.0044887780548628076,41.29256820678711
0,2.0,hard,146,1029,0.0044887780548628076,41.29256820678711
0,2.0,hard,147,1036,0.0044887780548628076,41.29256820678711
0,2.0,hard,148,1043,0.0044887780548628076,41.29256820678711
0,2.0,hard,149,1050,0.0044887780548628076,41.29256820678711
0,2.0,hard,150,1057,0.0044887780548628076,41.29256820678711
0,2.0,hard,151,1064,0.0044887780548628076,41.29256820678711
0,2.0,hard,152,1071,0.0044887780548628076,41.29256820678711
0,2.0,hard,153,1078,0.0044887780548628076,41.29256820678711
0,2.0,hard,154,1085,0.0044887780548628076,41.29256820678711
0,2.0,hard,155,1092,0.0044887780548628076,41.29256820678711
0,2.0,hard,156,1099,0.0044887780548628076,41.29256820678711
0,2.0,hard,157,1106,0.0044887780548628076,41.29256820678711
0,2.0,hard,158,1113,0.0044887780548628076,41.29256820678711
0,2.0,hard,159,1120,0.0044887780548628076,41.29256820678711
0,2.0,hard,160,1127,0.0044887780548628076,41.29256820678711
0,2.0,hard,161,1134,0.0044887780548628076,41.29256820678711
0,2.0,hard,162,1141,0.0044887780548628076,41.29256820678711
0,2.0,hard,163,1148,0.0044887780548628076,41.29256820678711
0,2.0,hard,164,1155,0.0044887780548628076,41.29256820678711
0,2.0,hard,165,1162,0.0044887780548628076,41.29256820678711
0,2.0,hard,166,1169,0.0044887780548628076,41.29256820678711
0,2.0,hard,167,1176,0.0044887780548628076,41.29256820678711
0,2.0,hard,168,1183,0.0044887780548628076,41.29256820678711
0,2.0,hard,169,1190,0.0044887780548628076,41.29256820678711
0,2.0,hard,170,1197,0.0044887780548628076,41.29256820678711
0,2.0,hard,171,1204,0.0044887780548628076,41.29256820678711
0,2.0,hard,172,1211,0.0044887780548628076,41.29256820678711
0,2.0,hard,173,1218,0.0044887780548628076,41.29256820678711
0,2.0,hard,174,1225,0.0044887780548628076,41.29256820678711
0,2.0,hard,175,1232,0.0044887780548628076,41.29256820678711
0,2.0,hard,176,1239,0.0044887780548628076,41.29256820678711
0,2.0,hard,177,1246,0.0044887780548628076,41.29256820678711
0,2.0,hard,178,1253,0.0044887780548628076,41.29256820678711
0,2.0,hard,179,1260,0.0044887780548628076,41.29256820678711
0,2.0,hard,180,1267,0.0044887780548628076,41.29256820678711
0,2.0,hard,181,1274,0.0044887780548628076,41.29256820678711
0,2.0,hard,182,1281,0.0044887780548628076,41.29256820678711
0,2.0,hard,183,1288,0.0044887780548628076,41.29256820678711
0,2.0,hard,184,1295,0.0044887780548628076,41.29256820678711
0,2.0,hard,185,1302,0.0044887780548628076,41.29256820678711
0,2.0,hard,186,1309,0.0044887780548628076,41.29256820678711
0,2.0,hard,187,1316,0.0044887780548628076,41.29256820678711
0,2.0,hard,188,1323,0.0044887780548628076,41.29256820678711
0,2.0,hard,189,1330,0.0044887780548628076,41.29256820678711
0,2.0,hard,190,1337,0.0044887780548628076,41.29256820678711
0,2.0,hard,191,1344,0.0044887780548628076,41.29256820678711
0,2.0,hard,192,1351,0.0044887780548628076,41.29256820678711
0,2.0,hard,193,1358,0.0044887780548628076,41.29256820678711
0,2.0,hard,194,1365,0.0044887780548628076,41.29256820678711
0,2.0,hard,195,1372,0.0044887780548628076,41.29256820678711
0,2.0,hard,196,1379,0.0044887780548628076,41.29256820678711
0,2.0,hard,197,1386,0.0044887780548628076,41.29256820678711
0,2.0,hard,198,1393,0.0044887780548628076,41.29256820678711
0,2.0,hard,199,1400,0.0044887780548628076,41.29256820678711
0,2.0,hard,200,1407,0.0044887780548628076,41.29256820678711
0,2.0,hard,201,1414,0.0044887780548628076,41.29256820678711
0,2.0,hard,202,1421,0.0044887780548628076,41.29256820678711
0,2.0,hard,203,1428,0.0044887780548628076,41.29256820678711
0,2.0,hard,204,1435,0.0044887780548628076,41.29256820678711
0,2.0,hard,205,1442,0.0044887780548628076,41.29256820678711
0,2.0,hard,206,1449,0.0044887780548628076,41.29256820678711
0,2.0,hard,207,1456,0.0044887780548628076,41.29256820678711
0,2.0,hard,208,1463,0.0044887780548628076,41.29256820678711
0,2.0,hard,209,1470,0.0044887780548628076,41.29256820678711
0,2.0,hard,210,1477,0.0044887780548628076,41.29256820678711
0,2.0,hard,211,1484,0.0044887780548628076,41.29256820678711
0,2.0,hard,212,1491,0.0044887780548628076,41.29256820678711
0,2.0,hard,213,1498,0.0044887780548628076,41.29256820678711
0,2.0,hard,214,1505,0.0044887780548628076,41.29256820678711
0,2.0,hard,215,1512,0.0044887780548628076,41.29256820678711
0,2.0,hard,216,1519,0.0044887780548628076,41.29256820678711
0,2.0,hard,217,1526,0.0044887780548628076,41.29256820678711
0,2.0,hard,218,1533,0.0044887780548628076,41.29256820678711
0,2.0,hard,219,1540,0.0044887780548628076,41.29256820678711
0,2.0,hard,220,1547,0.0044887780548628076,41.29256820678711
0,2.0,hard,221,1554,0.0044887780548628076,41.29256820678711
0,2.0,hard,222,1561,0.0044887780548628076,41.29256820678711
0,2.0,hard,223,1568,0.0044887780548628076,41.29256820678711
0,2.0,hard,224,1575,0.0044887780548628076,41.29256820678711
0,2.0,hard,225,1582,0.0044887780548628076,41.29256820678711
0,2.0,hard,226,1589,0.0044887780548628076,41.29256820678711
0,2.0,hard,227,1596,0.0044887780548628076,41.29256820678711
0,2.0,hard,228,1603,0.0044887780548628076,41.29256820678711
0,2.0,hard,229,1610,0.0044887780548628076,41.29256820678711
0,2.0,hard,230,1617,0.0044887780548628076,41.29256820678711
0,2.0,hard,231,1624,0.0044887780548628076,41.29256820678711
0,2.0,hard,232,1631,0.0044887780548628076,41.29256820678711
0,2.0,hard,233,1638,0.0044887780548628076,41.29256820678711
0,2.0,hard,234,1645,0.0044887780548628076,41.29256820678711
0,2.0,hard,235,1652,0.0044887780548628076,41.29256820678711
0,2.0,hard,236,1659,0.0044887780548628076,41.29256820678711
0,2.0,hard,237,1666,0.0044887780548628076,41.29256820678711
0,2.0,hard,238,1673,0.0044887780548628076,41.29256820678711
0,2.0,hard,239,1680,0.0044887780548628076,41.29256820678711
0,2.0,hard,240,1687,0.0044887780548628076,41.29256820678711
0,2.0,hard,241,1694,0.0044887780548628076,41.29256820678711
0,2.0,hard,242,1701,0.0044887780548628076,41.29256820678711
0,2.0,hard,243,1708,0.0044887780548628076,41.29256820678711
0,2.0,hard,244,1715,0.0044887780548628076,41.29256820678711
0,2.0,hard,245,1722,0.0044887780548628076,41.29256820678711
0,2.0,hard,246,1729,0.0044887780548628076,41.29256820678711
0,2.0,hard,247,1736,0.0044887780548628076,41.29256820678711
0,2.0,hard,248,1743,0.0044887780548628076,41.29256820678711
0,2.0,hard,249,1750,0.0044887780548628076,41.29256820678711
0,2.0,hard,250,1757,0.0044887780548628076,41.29256820678711
0,2.0,hard,251,1764,0.0044887780548628076,41.29256820678711
0,2.0,hard,252,1771,0.0044887780548628076,41.29256820678711
0,2.0,hard,253,1778,0.0044887780548628076,41.29256820678711
0,2.0,hard,254,1785,0.0044887780548628076,41.29256820678711
0,2.0,hard,255,1792,0.0044887780548628076,41.29256820678711
0,2.0,hard,256,1799,0.0044887780548628076,41.29256820678711
0,2.0,hard,257,1806,0.0044887780548628076,41.29256820678711
0,2.0,hard,258,1813,0.0044887780548628076,41.29256820678711
0,2.0,hard,259,1820,0.0044887780548628076,41.29256820678711
0,2.0,hard,260,1827,0.0044887780548628076,41.29256820678711
0,2.0,hard,261,1834,0.0044887780548628076,41.29256820678711
0,2.0,hard,262,1841,0.0044887780548628076,41.29256820678711
0,2.0,hard,263,1848,0.0044887780548628076,41.29256820678711
0,2.0,hard,264,1855,0.0044887780548628076,41.29256820678711
0,2.0,hard,265,1862,0.0044887780548628076,41.29256820678711
0,2.0,hard,266,1869,0.0044887780548628076,41.29256820678711
0,2.0,hard,267,1876,0.0044887780548628076,41.29256820678711
0,2.0,hard,268,1883,0.0044887780548628076,41.29256820678711
0,2.0,hard,269,1890,0.0044887780548628076,41.29256820678711
0,2.0,hard,270,1897,0.0044887780548628076,41.29256820678711
0,2.0,hard,271,1904,0.0044887780548628076,41.29256820678711
0,2.0,hard,272,1911,0.0044887780548628076,41.29256820678711
0,2.0,hard,273,1918,0.0044887780548628076,41.29256820678711
0,2.0,hard,274,1925,0.0044887780548628076,41.29256820678711
0,2.0,hard,275,1932,0.0044887780548628076,41.29256820678711
0,2.0,hard,276,1939,0.0044887780548628076,41.29256820678711
0,2.0,hard,277,1946,0.0044887780548628076,41.29256820678711
0,2.0,hard,278,1953,0.0044887780548628076,41.29256820678711
0,2.0,hard,279,1960,0.0044887780548628076,41.29256820678711
0,2.0,hard,280,1967,0.0044887780548628076,41.29256820678711
0,2.0,hard,281,1974,0.0044887780548628076,41.29256820678711
0,2.0,hard,282,1981,0.0044887780548628076,41.29256820678711
0,2.0,hard,283,1988,0.0044887780548628076,41.29256820678711
0,2.0,hard,284,1995,0.0044887780548628076,41.29256820678711
0,2.0,hard,285,2002,0.0044887780548628076,41.29256820678711
0,2.0,hard,286,2009,0.0044887780548628076,41.29256820678711
0,2.0,hard,287,2016,0.0044887780548628076,41.29256820678711
0,2.0,hard,288,2023,0.0044887780548628076,41.29256820678711
0,2.0,hard,289,2030,0.0044887780548628076,41.29256820678711
0,2.0,hard,290,2037,0.0044887780548628076,41.29256820678711
0,2.0,hard,291,2044,0.0044887780548628076,41.29256820678711
0,2.0,hard,292,2051,0.0044887780548628076,41.29256820678711
0,2.0,hard,293,2058,0.0044887780548628076,41.29256820678711
0,2.0,hard,294,2065,0.0044887780548628076,41.29256820678711
0,2.0,hard,295,2072,0.0044887780548628076,41.29256820678711
0,2.0,hard,296,2079,0.0044887780548628076,41.29256820678711
0,2.0,hard,297,2086,0.0044887780548628076,41.29256820678711
0,2.0,hard,298,2093,0.0044887780548628076,41.29256820678711
0,2.0,hard,299,2100,0.0044887780548628076,41.29256820678711
0,2.0,hard,300,2107,0.0044887780548628076,41.29256820678711
0,2.0,hard,301,2114,0.0044887780548628076,41.29256820678711
0,2.0,hard,302,2121,0.0044887780548628076,41.29256820678711
0,2.0,hard,303,2128,0.0044887780548628076,41.29256820678711
0,2.0,hard,304,2135,0.0044887780548628076,41.29256820678711
0,2.0,hard,305,2142,0.0044887780548628076,41.29256820678711
0,2.0,hard,306,2149,0.0044887780548628076,41.29256820678711
0,2.0,hard,307,2156,0.0044887780548628076,41.29256820678711
0,2.0,hard,308,2163,0.0044887780548628076,41.29256820678711
0,2.0,hard,309,2170,0.0044887780548628076,41.29256820678711
0,2.0,hard,310,2177,0.0044887780548628076,41.29256820678711
0,2.0,hard,311,2184,0.0044887780548628076,41.29256820678711
0,2.0,hard,312,2191,0.0044887780548628076,41.29256820678711
0,2.0,hard,313,2198,0.0044887780548628076,41.29256820678711
0,2.0,hard,314,2205,0.0044887780548628076,41.29256820678711
0,2.0,hard,315,2212,0.0044887780548628076,41.29256820678711
0,2.0,hard,316,2219,0.0044887780548628076,41.29256820678711
0,2.0,hard,317,2226,0.0044887780548628076,41.29256820678711
0,2.0,hard,318,2233,0.0044887780548628076,41.29256820678711
0,2.0,hard,319,2240,0.0044887780548628076,41.29256820678711
0,2.0,hard,320,2247,0.0044887780548628076,41.29256820678711
0,2.0,hard,321,2254,0.0044887780548628076,41.29256820678711
0,2.0,hard,322,2261,0.0044887780548628076,41.29256820678711
0,2.0,hard,323,2268,0.0044887780548628076,41.29256820678711
0,2.0,hard,324,2275,0.0044887780548628076,41.29256820678711
0,2.0,hard,325,2282,0.0044887780548628076,41.29256820678711
0,2.0,hard,326,2289,0.0044887780548628076,41.29256820678711
0,2.0,hard,327,2296,0.0044887780548628076,41.29256820678711
0,2.0,hard,328,2303,0.0044887780548628076,41.29256820678711
0,2.0,hard,329,2310,0.0044887780548628076,41.29256820678711
0,2.0,hard,330,2317,0.0044887780548628076,41.29256820678711
0,2.0,hard,331,2324,0.0044887780548628076,41.29256820678711
0,2.0,hard,332,2331,0.0044887780548628076,41.29256820678711
0,2.0,hard,333,2338,0.0044887780548628076,41.29256820678711
0,2.0,hard,334,2345,0.0044887780548628076,41.29256820678711
0,2.0,hard,335,2352,0.0044887780548628076,41.29256820678711
0,2.0,hard,336,2359,0.0044887780548628076,41.29256820678711
0,2.0,hard,337,2366,0.0044887780548628076,41.29256820678711
0,2.0,hard,338,2373,0.0044887780548628076,41.29256820678711
0,2.0,hard,339,2380,0.0044887780548628076,41.29256820678711
0,2.0,hard,340,2387,0.0044887780548628076,41.29256820678711
0,2.0,hard,341,2394,0.0044887780548628076,41.29256820678711
0,2.0,hard,342,2401,0.0044887780548628076,41.29256820678711
0,2.0,hard,343,2408,0.0044887780548628076,41.29256820678711
0,2.0,hard,344,2415,0.0044887780548628076,41.29256820678711
0,2.0,hard,345,2422,0.0044887780548628076,41.29256820678711
0,2.0,hard,346,2429,0.0044887780548628076,41.29256820678711
0,2.0,hard,347,2436,0.0044887780548628076,41.29256820678711
0,2.0,hard,348,2443,0.0044887780548628076,41.29256820678711
0,2.0,hard,349,2450,0.0044887780548628076,41.29256820678711
0,2.0,hard,350,2457,0.0044887780548628076,41.29256820678711
0,2.0,hard,351,2464,0.0044887780548628076,41.29256820678711
0,2.0,hard,352,2471,0.0044887780548628076,41.29256820678711
0,2.0,hard,353,2478,0.0044887780548628076,41.29256820678711
0,2.0,hard,354,2485,0.0044887780548628076,41.29256820678711
0,2.0,hard,355,2492,0.0044887780548628076,41.29256820678711
0,2.0,hard,356,2499,0.0044887780548628076,41.29256820678711
0,2.0,hard,357,2506,0.0044887780548628076,41.29256820678711
0,2.0,hard,358,2513,0.0044887780548628076,41.29256820678711
0,2.0,hard,359,2520,0.0044887780548628076,41.29256820678711
0,2.0,hard,360,2527,0.0044887780548628076,41.29256820678711
0,2.0,hard,361,2534,0.0044887780548628076,41.29256820678711
0,2.0,hard,362,2541,0.0044887780548628076,41.29256820678711
0,2.0,hard,363,2548,0.0044887780548628076,41.29256820678711
0,2.0,hard,364,2555,0.0044887780548628076,41.29256820678711
0,2.0,hard,365,2562,0.0044887780548628076,41.29256820678711
0,2.0,hard,366,2569,0.0044887780548628076,41.29256820678711
0,2.0,hard,367,2576,0.0044887780548628076,41.29256820678711
0,2.0,hard,368,2583,0.0044887780548628076,41.29256820678711
0,2.0,hard,369,2590,0.0044887780548628076,41.29256820678711
0,2.0,hard,370,2597,0.0044887780548628076,41.29256820678711
0,2.0,hard,371,2604,0.0044887780548628076,41.29256820678711
0,2.0,hard,372,2611,0.0044887780548628076,41.29256820678711
0,2.0,hard,373,2618,0.0044887780548628076,41.29256820678711
0,2.0,hard,374,2625,0.0044887780548628076,41.29256820678711
0,2.0,hard,375,2632,0.0044887780548628076,41.29256820678711
0,2.0,hard,376,2639,0.0044887780548628076,41.29256820678711
0,2.0,hard,377,2646,0.0044887780548628076,41.29256820678711
0,2.0,hard,378,2653,0.0044887780548628076,41.29256820678711
0,2.0,hard,379,2660,0.0044887780548628076,41.29256820678711
0,2.0,hard,380,2667,0.0044887780548628076,41.29256820678711
0,2.0,hard,381,2674,0.0044887780548628076,41.29256820678711
0,2.0,hard,382,2681,0.0044887780548628076,41.29256820678711
0,2.0,hard,383,2688,0.0044887780548628076,41.29256820678711
0,2.0,hard,384,2695,0.0044887780548628076,41.29256820678711
0,2.0,hard,385,2702,0.0044887780548628076,41.29256820678711
0,2.0,hard,386,2709,0.0044887780548628076,41.29256820678711
0,2.0,hard,387,2716,0.0044887780548628076,41.29256820678711
0,2.0,hard,388,2723,0.0044887780548628076,41.29256820678711
0,2.0,hard,389,2730,0.0044887780548628076,41.29256820678711
0,2.0,hard,390,2737,0.0044887780548628076,41.29256820678711
0,2.0,hard,391,2744,0.0044887780548628076,41.29256820678711
0,2.0,hard,392,2751,0.0044887780548628076,41.29256820678711
0,2.0,hard,393,2758,0.0044887780548628076,41.29256820678711
0,2.0,hard,394,2765,0.0044887780548628076,41.29256820678711
0,2.0,hard,395,2772,0.0044887780548628076,41.29256820678711
0,2.0,hard,396,2779,0.0044887780548628076,41.29256820678711
0,2.0,hard,397,2786,0.0044887780548628076,41.29256820678711
0,2.0,hard,398,2793,0.0044887780548628076,41.29256820678711
0,2.0,hard,399,2800,0.0044887780548628076,41.29256820678711
0,2.0,hard,400,2807,0.0044887780548628076,41.29256820678711
0,2.0,hard,401,2814,0.0044887780548628076,41.29256820678711
0,2.0,hard,402,2821,0.0044887780548628076,41.29256820678711
0,2.0,hard,403,2828,0.0044887780548628076,41.29256820678711
0,2.0,hard,404,2835,0.0044887780548628076,41.29256820678711
0,2.0,hard,405,2842,0.0044887780548628076,41.29256820678711
0,2.0,hard,406,2849,0.0044887780548628076,41.29256820678711
0,2.0,hard,407,2856,0.0044887780548628076,41.29256820678711
0,2.0,hard,408,2863,0.0044887780548628076,41.29256820678711
0,2.0,hard,409,2870,0.0044887780548628076,41.29256820678711
0,2.0,hard,410,2877,0.0044887780548628076,41.29256820678711
0,2.0,hard,411,2884,0.0044887780548628076,41.29256820678711
0,2.0,hard,412,2891,0.0044887780548628076,41.29256820678711
0,2.0,hard,413,2898,0.0044887780548628076,41.29256820678711
0,2.0,hard,414,2905,0.0044887780548628076,41.29256820678711
0,2.0,hard,415,2912,0.0044887780548628076,41.29256820678711
0,2.0,hard,416,2919,0.0044887780548628076,41.29256820678711
0,2.0,hard,417,2926,0.0044887780548628076,41.29256820678711
0,2.0,hard,418,2933,0.0044887780548628076,41.29256820678711
0,2.0,hard,419,2940,0.0044887780548628076,41.29256820678711
0,2.0,hard,420,2947,0.0044887780548628076,41.29256820678711
0,2.0,hard,421,2954,0.0044887780548628076,41.29256820678711
0,2.0,hard,422,2961,0.0044887780548628076,41.29256820678711
0,2.0,hard,423,2968,0.0044887780548628076,41.29256820678711
0,2.0,hard,424,2975,0.0044887780548628076,41.29256820678711
0,2.0,hard,425,2982,0.0044887780548628076,41.29256820678711
0,2.0,hard,426,2989,0.0044887780548628076,41.29256820678711
0,2.0,hard,427,2996,0.0044887780548628076,41.29256820678711
0,2.0,hard,428,3003,0.0044887780548628076,41.29256820678711
0,2.0,hard,429,3010,0.0044887780548628076,41.29256820678711
0,2.0,hard,430,3017,0.0044887780548628076,41.29256820678711
0,2.0,hard,431,3024,0.0044887780548628076,41.29256820678711
0,2.0,hard,432,3031,0.0044887780548628076,41.29256820678711
0,2.0,hard,433,3038,0.0044887780548628076,41.29256820678711
0,2.0,hard,434,3045,0.0044887780548628076,41.29256820678711
0,2.0,hard,435,3052,0.0044887780548628076,41.29256820678711
0,2.0,hard,436,3059,0.0044887780548628076,41.29256820678711
0,2.0,hard,437,3066,0.0044887780548628076,41.29256820678711
0,2.0,hard,438,3073,0.0044887780548628076,41.29256820678711
0,2.0,hard,439,3080,0.0044887780548628076,41.29256820678711
0,2.0,hard,440,3087,0.0044887780548628076,41.29256820678711
0,2.0,hard,441,3094,0.0044887780548628076,41.29256820678711
0,2.0,hard,442,3101,0.0044887780548628076,41.29256820678711
0,2.0,hard,443,3108,0.0044887780548628076,41.29256820678711
0,2.0,hard,444,3115,0.0044887780548628076,41.29256820678711
0,2.0,hard,445,3122,0.0044887780548628076,41.29256820678711
0,2.0,hard,446,3129,0.0044887780548628076,41.29256820678711
0,2.0,hard,447,3136,0.0044887780548628076,41.29256820678711
0,2.0,hard,448,3143,0.0044887780548628076,41.29256820678711
0,2.0,hard,449,3150,0.0044887780548628076,41.29256820678711
0,2.0,hard,450,3157,0.0044887780548628076,41.29256820678711
0,2.0,hard,451,3164,0.0044887780548628076,41.29256820678711
0,2.0,hard,452,3171,0.0044887780548628076,41.29256820678711
0,2.0,hard,453,3178,0.0044887780548628076,41.29256820678711
0,2.0,hard,454,3185,0.0044887780548628076,41.29256820678711
0,2.0,hard,455,3192,0.0044887780548628076,41.29256820678711
0,2.0,hard,456,3199,0.0044887780548628076,41.29256820678711
0,2.0,hard,457,3206,0.0044887780548628076,41.29256820678711
0,2.0,hard,458,3213,0.0044887780548628076,41.29256820678711
0,2.0,diff_s2_ow1,0,7,0.0014027953147888184,22.52092933654785
0,2.0,diff_s2_ow1,1,14,0.007992029190063477,30.021350860595703
0,2.0,diff_s2_ow1,2,21,0.007992029190063477,30.021350860595703
0,2.0,diff_s2_ow1,3,28,0.018692970275878906,3.01662015914917
0,2.0,diff_s2_ow1,4,35,0.018692970275878906,3.01662015914917
0,2.0,diff_s2_ow1,5,42,0.018692970275878906,3.01662015914917
0,2.0,diff_s2_ow1,6,49,0.018692970275878906,3.01662015914917
0,2.0,diff_s2_ow1,7,56,0.018692970275878906,3.01662015914917
0,2.0,diff_s2_ow1,8,63,0.018692970275878906,3.01662015914917
0,2.0,diff_s2_ow1,9,70,0.018692970275878906,3.01662015914917
0,2.0,diff_s2_ow1,10,77,0.018692970275878906,3.01662015914917
0,2.0,diff_s2_ow1,11,84,0.018692970275878906,3.01662015914917
0,2.0,diff_s2_ow1,12,91,0.018692970275878906,3.01662015914917
0,2.0,diff_s2_ow1,13,98,0.018692970275878906,3.01662015914917
0,2.0,diff_s2_ow1,14,105,0.018692970275878906,3.01662015914917
0,2.0,diff_s2_ow1,15,112,0.018692970275878906,3.01662015914917
0,2.0,diff_s2_ow1,16,119,0.018692970275878906,3.01662015914917
0,2.0,diff_s2_ow1,17,126,0.018692970275878906,3.01662015914917
0,2.0,diff_s2_ow1,18,133,0.018692970275878906,3.01662015914917
0,2.0,diff_s2_ow1,19,140,0.018692970275878906,3.01662015914917
0,2.0,diff_s2_ow1,20,147,0.018692970275878906,3.01662015914917
0,2.0,diff_s2_ow1,21,154,0.018692970275878906,3.01662015914917
0,2.0,diff_s2_ow1,22,161,0.018692970275878906,3.01662015914917
0,2.0,diff_s2_ow1,23,168,0.018692970275878906,3.01662015914917
0,2.0,diff_s2_ow1,24,175,0.018692970275878906,3.01662015914917
0,2.0,diff_s2_ow1,25,182,0.018692970275878906,3.01662015914917
0,2.0,diff_s2_ow1,26,189,0.018692970275878906,3.01662015914917
0,2.0,diff_s2_ow1,27,196,0.018692970275878906,3.01662015914917
0,2.0,diff_s2_ow1,28,203,0.018692970275878906,3.01662015914917
0,2.0,diff_s2_ow1,29,210,0.018692970275878906,3.01662015914917
0,2.0,diff_s2_ow1,30,217,0.018692970275878906,3.01662015914917
0,2.0,diff_s2_ow1,31,224,0.018692970275878906,3.01662015914917
0,2.0,diff_s2_ow1,32,231,0.018692970275878906,3.01662015914917
0,2.0,diff_s2_ow1,33,238,0.018692970275878906,3.01662015914917
0,2.0,diff_s2_ow1,34,245,0.018692970275878906,3.01662015914917
0,2.0,diff_s2_ow1,35,252,0.018692970275878906,3.01662015914917
0,2.0,diff_s2_ow1,36,259,0.018692970275878906,3.01662015914917
0,2.0,diff_s2_ow1,37,266,0.018692970275878906,3.01662015914917
0,2.0,diff_s2_ow1,38,273,0.08780527114868164,1.3014594316482544
0,2.0,diff_s2_ow1,39,280,0.08780527114868164,1.3014594316482544
0,2.0,diff_s2_ow1,40,287,0.08780527114868164,1.3014594316482544
0,2.0,diff_s2_ow1,41,294,0.1548769474029541,1.0471713542938232
0,2.0,diff_s2_ow1,42,301,0.1548769474029541,1.0471713542938232
0,2.0,diff_s2_ow1,43,308,0.18926876783370972,1.1948487758636475
0,2.0,diff_s2_ow1,44,315,0.18926876783370972,1.1948487758636475
0,2.0,diff_s2_ow1,45,322,0.18926876783370972,1.1948487758636475
0,2.0,diff_s2_ow1,46,329,0.37149107456207275,0.829451322555542
0,2.0,diff_s2_ow1,47,336,0.37149107456207275,0.829451322555542
0,2.0,diff_s2_ow1,48,343,0.37149107456207275,0.829451322555542
0,2.0,diff_s2_ow1,49,350,0.37149107456207275,0.829451322555542
0,2.0,diff_s2_ow1,50,357,0.4505246877670288,0.6299394369125366
0,2.0,diff_s2_ow1,51,364,0.4761124849319458,0.4973219037055969
0,2.0,diff_s2_ow1,52,371,0.4761124849319458,0.4973219037055969
0,2.0,diff_s2_ow1,53,378,0.47908568382263184,0.7589877247810364
0,2.0,diff_s2_ow1,54,385,0.4793577194213867,0.7712634205818176
0,2.0,diff_s2_ow1,55,392,0.4793577194213867,0.7712634205818176
0,2.0,diff_s2_ow1,56,399,0.4793577194213867,0.7712634205818176
0,2.0,diff_s2_ow1,57,406,0.4793577194213867,0.7712634205818176
0,2.0,diff_s2_ow1,58,413,0.4793577194213867,0.7712634205818176
0,2.0,diff_s2_ow1,59,420,0.4793577194213867,0.7712634205818176
0,2.0,diff_s2_ow1,60,427,0.4815105199813843,0.6167552471160889
0,2.0,diff_s2_ow1,61,434,0.4815105199813843,0.6167552471160889
0,2.0,diff_s2_ow1,62,441,0.4815105199813843,0.6167552471160889
0,2.0,diff_s2_ow1,63,448,0.481656551361084,0.5300800204277039
0,2.0,diff_s2_ow1,64,455,0.48209112882614136,0.6330380439758301
0,2.0,diff_s2_ow1,65,462,0.48235630989074707,0.690405011177063
0,2.0,diff_s2_ow1,66,469,0.48235630989074707,0.690405011177063
0,2.0,diff_s2_ow1,67,476,0.48235630989074707,0.690405011177063
0,2.0,diff_s2_ow1,68,483,0.48235630989074707,0.690405011177063
0,2.0,diff_s2_ow1,69,490,0.4824589490890503,0.5630175471305847
0,2.0,diff_s2_ow1,70,497,0.4824589490890503,0.5630175471305847
0,2.0,diff_s2_ow1,71,504,0.4824589490890503,0.5630175471305847
0,2.0,diff_s2_ow1,72,511,0.4824589490890503,0.5630175471305847
0,2.0,diff_s2_ow1,73,518,0.4824589490890503,0.5630175471305847
0,2.0,diff_s2_ow1,74,525,0.4824589490890503,0.5630175471305847
0,2.0,diff_s2_ow1,75,532,0.4824589490890503,0.5630175471305847
0,2.0,diff_s2_ow1,76,539,0.4824589490890503,0.5630175471305847
0,2.0,diff_s2_ow1,77,546,0.4824589490890503,0.5630175471305847
0,2.0,diff_s2_ow1,78,553,0.4824589490890503,0.5630175471305847
0,2.0,diff_s2_ow1,79,560,0.4824589490890503,0.5630175471305847
0,2.0,diff_s2_ow1,80,567,0.4824589490890503,0.5630175471305847
0,2.0,diff_s2_ow1,81,574,0.4824589490890503,0.5630175471305847
0,2.0,diff_s2_ow1,82,581,0.4824589490890503,0.5630175471305847
0,2.0,diff_s2_ow1,83,588,0.4824589490890503,0.5630175471305847
0,2.0,diff_s2_ow1,84,595,0.4824589490890503,0.5630175471305847
0,2.0,diff_s2_ow1,85,602,0.4824589490890503,0.5630175471305847
0,2.0,diff_s2_ow1,86,609,0.48246216773986816,0.5787838697433472
0,2.0,diff_s2_ow1,87,616,0.48246216773986816,0.5787838697433472
0,2.0,diff_s2_ow1,88,623,0.48246216773986816,0.5787838697433472
0,2.0,diff_s2_ow1,89,630,0.48246216773986816,0.5787838697433472
0,2.0,diff_s2_ow1,90,637,0.4824632406234741,0.5814821720123291
0,2.0,diff_s2_ow1,91,644,0.4824632406234741,0.5814821720123291
0,2.0,diff_s2_ow1,92,651,0.4824632406234741,0.5814821720123291
0,2.0,diff_s2_ow1,93,658,0.4824640154838562,0.5774299502372742
0,2.0,diff_s2_ow1,94,665,0.4824640154838562,0.5774299502372742
0,2.0,diff_s2_ow1,95,672,0.4824640154838562,0.5774299502372742
0,2.0,diff_s2_ow1,96,679,0.4824640154838562,0.5774299502372742
0,2.0,diff_s2_ow1,97,686,0.4824640154838562,0.5774299502372742
0,2.0,diff_s2_ow1,98,693,0.48246490955352783,0.5623220205307007
0,2.0,diff_s2_ow1,99,700,0.4824650287628174,0.5664823055267334
0,2.0,diff_s2_ow1,100,707,0.4824686050415039,0.561625599861145
0,2.0,diff_s2_ow1,101,714,0.4824686050415039,0.561625599861145
0,2.0,diff_s2_ow1,102,721,0.4824698567390442,0.5650989413261414
0,2.0,diff_s2_ow1,103,728,0.4824698567390442,0.5650989413261414
0,2.0,diff_s2_ow1,104,735,0.48247039318084717,0.5609284043312073
0,2.0,diff_s2_ow1,105,742,0.48247039318084717,0.5609284043312073
0,2.0,diff_s2_ow1,106,749,0.48247039318084717,0.5609284043312073
0,2.0,diff_s2_ow1,107,756,0.48247039318084717,0.5609284043312073
0,2.0,diff_s2_ow1,108,763,0.48247039318084717,0.5609284043312073
0,2.0,diff_s2_ow1,109,770,0.48247039318084717,0.5609284043312073
0,2.0,diff_s2_ow1,110,777,0.48247039318084717,0.5609284043312073
0,2.0,diff_s2_ow1,111,784,0.48247039318084717,0.5609284043312073
0,2.0,diff_s2_ow1,112,791,0.48247039318084717,0.5609284043312073
0,2.0,diff_s2_ow1,113,798,0.48247063159942627,0.5623220205307007
0,2.0,diff_s2_ow1,114,805,0.48247063159942627,0.5623220205307007
0,2.0,diff_s2_ow1,115,812,0.48247063159942627,0.5623220205307007
0,2.0,diff_s2_ow1,116,819,0.48247361183166504,0.5623220205307007
0,2.0,diff_s2_ow1,117,826,0.48247361183166504,0.5623220205307007
0,2.0,diff_s2_ow1,118,833,0.48247361183166504,0.5623220205307007
0,2.0,diff_s2_ow1,119,840,0.48247361183166504,0.5623220205307007
0,2.0,diff_s2_ow1,120,847,0.48247361183166504,0.5623220205307007
0,2.0,diff_s2_ow1,121,854,0.48247361183166504,0.5623220205307007
0,2.0,diff_s2_ow1,122,861,0.48247361183166504,0.5623220205307007
0,2.0,diff_s2_ow1,123,868,0.48247361183166504,0.5623220205307007
0,2.0,diff_s2_ow1,124,875,0.48247361183166504,0.5623220205307007
0,2.0,diff_s2_ow1,125,882,0.4824737310409546,0.5644059777259827
0,2.0,diff_s2_ow1,126,889,0.4824737310409546,0.5644059777259827
0,2.0,diff_s2_ow1,127,896,0.4824737310409546,0.5644059777259827
0,2.0,diff_s2_ow1,128,903,0.4824737310409546,0.5644059777259827
0,2.0,diff_s2_ow1,129,910,0.4824737310409546,0.5644059777259827
0,2.0,diff_s2_ow1,130,917,0.4824737310409546,0.5644059777259827
0,2.0,diff_s2_ow1,131,924,0.4824737310409546,0.5644059777259827
0,2.0,diff_s2_ow1,132,931,0.4824737310409546,0.5644059777259827
0,2.0,diff_s2_ow1,133,938,0.4824737310409546,0.5644059777259827
0,2.0,diff_s2_ow1,134,945,0.4824737310409546,0.5644059777259827
0,2.0,diff_s2_ow1,135,952,0.4824737310409546,0.5644059777259827
0,2.0,diff_s2_ow1,136,959,0.4824737310409546,0.5644059777259827
0,2.0,diff_s2_ow1,137,966,0.4824737310409546,0.5644059777259827
0,2.0,diff_s2_ow1,138,973,0.4824737310409546,0.5644059777259827
0,2.0,diff_s2_ow1,139,980,0.4824737310409546,0.5644059777259827
0,2.0,diff_s2_ow1,140,987,0.4824737310409546,0.5644059777259827
0,2.0,diff_s2_ow1,141,994,0.4824737310409546,0.5644059777259827
0,2.0,diff_s2_ow1,142,1001,0.4824737310409546,0.5644059777259827
0,5.0,hard,0,7,0.0006203473945409765,35.06181716918945
0,5.0,hard,1,14,0.0006203473945409765,35.06181716918945
0,5.0,hard,2,21,0.0006203473945409765,35.06181716918945
0,5.0,hard,3,28,0.0006203473945409765,35.06181716918945
0,5.0,hard,4,35,0.0006203473945409765,35.06181716918945
0,5.0,hard,5,42,0.0006203473945409765,35.06181716918945
0,5.0,hard,6,49,0.0006203473945409765,35.06181716918945
0,5.0,hard,7,56,0.0014888337468982327,37.58610534667969
0,5.0,hard,8,63,0.0014888337468982327,37.58610534667969
0,5.0,hard,9,70,0.0014888337468982327,37.58610534667969
0,5.0,hard,10,77,0.0014888337468982327,37.58610534667969
0,5.0,hard,11,84,0.0014888337468982327,37.58610534667969
0,5.0,hard,12,91,0.0014888337468982327,37.58610534667969
0,5.0,hard,13,98,0.0014888337468982327,37.58610534667969
0,5.0,hard,14,105,0.0014888337468982327,37.58610534667969
0,5.0,hard,15,112,0.0014888337468982327,37.58610534667969
0,5.0,hard,16,119,0.0014888337468982327,37.58610534667969
0,5.0,hard,17,126,0.0014888337468982327,37.58610534667969
0,5.0,hard,18,133,0.0014888337468982327,37.58610534667969
0,5.0,hard,19,140,0.0014888337468982327,37.58610534667969
0,5.0,hard,20,147,0.0014888337468982327,37.58610534667969
0,5.0,hard,21,154,0.0014888337468982327,37.58610534667969
0,5.0,hard,22,161,0.0030637254901960675,44.662086486816406
0,5.0,hard,23,168,0.0030637254901960675,44.662086486816406
0,5.0,hard,24,175,0.0030637254901960675,44.662086486816406
0,5.0,hard,25,182,0.0030637254901960675,44.662086486816406
0,5.0,hard,26,189,0.0030637254901960675,44.662086486816406
0,5.0,hard,27,196,0.0030637254901960675,44.662086486816406
0,5.0,hard,28,203,0.0030637254901960675,44.662086486816406
0,5.0,hard,29,210,0.0030637254901960675,44.662086486816406
0,5.0,hard,30,217,0.0030637254901960675,44.662086486816406
0,5.0,hard,31,224,0.0030637254901960675,44.662086486816406
0,5.0,hard,32,231,0.0030637254901960675,44.662086486816406
0,5.0,hard,33,238,0.0030637254901960675,44.662086486816406
0,5.0,hard,34,245,0.0030637254901960675,44.662086486816406
0,5.0,hard,35,252,0.0030637254901960675,44.662086486816406
0,5.0,hard,36,259,0.0030637254901960675,44.662086486816406
0,5.0,hard,37,266,0.0030637254901960675,44.662086486816406
0,5.0,hard,38,273,0.0030637254901960675,44.662086486816406
0,5.0,hard,39,280,0.0030637254901960675,44.662086486816406
0,5.0,hard,40,287,0.0030637254901960675,44.662086486816406
0,5.0,hard,41,294,0.0030637254901960675,44.662086486816406
0,5.0,hard,42,301,0.0030637254901960675,44.662086486816406
0,5.0,hard,43,308,0.0030637254901960675,44.662086486816406
0,5.0,hard,44,315,0.0030637254901960675,44.662086486816406
0,5.0,hard,45,322,0.0030637254901960675,44.662086486816406
0,5.0,hard,46,329,0.0030637254901960675,44.662086486816406
0,5.0,hard,47,336,0.0030637254901960675,44.662086486816406
0,5.0,hard,48,343,0.0030637254901960675,44.662086486816406
0,5.0,hard,49,350,0.0030637254901960675,44.662086486816406
0,5.0,hard,50,357,0.0030637254901960675,44.662086486816406
0,5.0,hard,51,364,0.0030637254901960675,44.662086486816406
0,5.0,hard,52,371,0.0030637254901960675,44.662086486816406
0,5.0,hard,53,378,0.0030637254901960675,44.662086486816406
0,5.0,hard,54,385,0.0030637254901960675,44.662086486816406
0,5.0,hard,55,392,0.0030637254901960675,44.662086486816406
0,5.0,hard,56,399,0.0030637254901960675,44.662086486816406
0,5.0,hard,57,406,0.0030637254901960675,44.662086486816406
0,5.0,hard,58,413,0.0030637254901960675,44.662086486816406
0,5.0,hard,59,420,0.0030637254901960675,44.662086486816406
0,5.0,hard,60,427,0.0030637254901960675,44.662086486816406
0,5.0,hard,61,434,0.0030637254901960675,44.662086486816406
0,5.0,hard,62,441,0.0030637254901960675,44.662086486816406
0,5.0,hard,63,448,0.0030637254901960675,44.662086486816406
0,5.0,hard,64,455,0.0030637254901960675,44.662086486816406
0,5.0,hard,65,462,0.0030637254901960675,44.662086486816406
0,5.0,hard,66,469,0.0030637254901960675,44.662086486816406
0,5.0,hard,67,476,0.0030637254901960675,44.662086486816406
0,5.0,hard,68,483,0.0030637254901960675,44.662086486816406
0,5.0,hard,69,490,0.0030637254901960675,44.662086486816406
0,5.0,hard,70,497,0.0030637254901960675,44.662086486816406
0,5.0,hard,71,504,0.0030637254901960675,44.662086486816406
0,5.0,hard,72,511,0.0030637254901960675,44.662086486816406
0,5.0,hard,73,518,0.0030637254901960675,44.662086486816406
0,5.0,hard,74,525,0.0030637254901960675,44.662086486816406
0,5.0,hard,75,532,0.0030637254901960675,44.662086486816406
0,5.0,hard,76,539,0.0030637254901960675,44.662086486816406
0,5.0,hard,77,546,0.0030637254901960675,44.662086486816406
0,5.0,hard,78,553,0.0030637254901960675,44.662086486816406
0,5.0,hard,79,560,0.0030637254901960675,44.662086486816406
0,5.0,hard,80,567,0.0030637254901960675,44.662086486816406
0,5.0,hard,81,574,0.0030637254901960675,44.662086486816406
0,5.0,hard,82,581,0.0030637254901960675,44.662086486816406
0,5.0,hard,83,588,0.0030637254901960675,44.662086486816406
0,5.0,hard,84,595,0.0030637254901960675,44.662086486816406
0,5.0,hard,85,602,0.0030637254901960675,44.662086486816406
0,5.0,hard,86,609,0.0030637254901960675,44.662086486816406
0,5.0,hard,87,616,0.0030637254901960675,44.662086486816406
0,5.0,hard,88,623,0.0030637254901960675,44.662086486816406
0,5.0,hard,89,630,0.0030637254901960675,44.662086486816406
0,5.0,hard,90,637,0.0030637254901960675,44.662086486816406
0,5.0,hard,91,644,0.0030637254901960675,44.662086486816406
0,5.0,hard,92,651,0.0030637254901960675,44.662086486816406
0,5.0,hard,93,658,0.0030637254901960675,44.662086486816406
0,5.0,hard,94,665,0.0030637254901960675,44.662086486816406
0,5.0,hard,95,672,0.0030637254901960675,44.662086486816406
0,5.0,hard,96,679,0.0030637254901960675,44.662086486816406
0,5.0,hard,97,686,0.0030637254901960675,44.662086486816406
0,5.0,hard,98,693,0.0030637254901960675,44.662086486816406
0,5.0,hard,99,700,0.0030637254901960675,44.662086486816406
0,5.0,hard,100,707,0.0030637254901960675,44.662086486816406
0,5.0,hard,101,714,0.0030637254901960675,44.662086486816406
0,5.0,hard,102,721,0.0030637254901960675,44.662086486816406
0,5.0,hard,103,728,0.0030637254901960675,44.662086486816406
0,5.0,hard,104,735,0.0030637254901960675,44.662086486816406
0,5.0,hard,105,742,0.0030637254901960675,44.662086486816406
0,5.0,hard,106,749,0.0030637254901960675,44.662086486816406
0,5.0,hard,107,756,0.0030637254901960675,44.662086486816406
0,5.0,hard,108,763,0.0030637254901960675,44.662086486816406
0,5.0,hard,109,770,0.0030637254901960675,44.662086486816406
0,5.0,hard,110,777,0.0039312039312039415,53.90803527832031
0,5.0,hard,111,784,0.0039312039312039415,53.90803527832031
0,5.0,hard,112,791,0.0039312039312039415,53.90803527832031
0,5.0,hard,113,798,0.0039312039312039415,53.90803527832031
0,5.0,hard,114,805,0.0039312039312039415,53.90803527832031
0,5.0,hard,115,812,0.0039312039312039415,53.90803527832031
0,5.0,hard,116,819,0.0039312039312039415,53.90803527832031
0,5.0,hard,117,826,0.0039312039312039415,53.90803527832031
0,5.0,hard,118,833,0.0039312039312039415,53.90803527832031
0,5.0,hard,119,840,0.0039312039312039415,53.90803527832031
0,5.0,hard,120,847,0.0039312039312039415,53.90803527832031
0,5.0,hard,121,854,0.0039312039312039415,53.90803527832031
0,5.0,hard,122,861,0.0039312039312039415,53.90803527832031
0,5.0,hard,123,868,0.0039312039312039415,53.90803527832031
0,5.0,hard,124,875,0.0039312039312039415,53.90803527832031
0,5.0,hard,125,882,0.0039312039312039415,53.90803527832031
0,5.0,hard,126,889,0.0039312039312039415,53.90803527832031
0,5.0,hard,127,896,0.0039312039312039415,53.90803527832031
0,5.0,hard,128,903,0.0039312039312039415,53.90803527832031
0,5.0,hard,129,910,0.0039312039312039415,53.90803527832031
0,5.0,hard,130,917,0.0039312039312039415,53.90803527832031
0,5.0,hard,131,924,0.0039312039312039415,53.90803527832031
0,5.0,hard,132,931,0.0039312039312039415,53.90803527832031
0,5.0,hard,133,938,0.0039312039312039415,53.90803527832031
0,5.0,hard,134,945,0.0039312039312039415,53.90803527832031
0,5.0,hard,135,952,0.0039312039312039415,53.90803527832031
0,5.0,hard,136,959,0.0039312039312039415,53.90803527832031
0,5.0,hard,137,966,0.0039312039312039415,53.90803527832031
0,5.0,hard,138,973,0.0039312039312039415,53.90803527832031
0,5.0,hard,139,980,0.0039312039312039415,53.90803527832031
0,5.0,hard,140,987,0.0039312039312039415,53.90803527832031
0,5.0,hard,141,994,0.0039312039312039415,53.90803527832031
0,5.0,hard,142,1001,0.0039312039312039415,53.90803527832031
0,5.0,hard,143,1008,0.0039312039312039415,53.90803527832031
0,5.0,hard,144,1015,0.0039312039312039415,53.90803527832031
0,5.0,hard,145,1022,0.0039312039312039415,53.90803527832031
0,5.0,hard,146,1029,0.0039312039312039415,53.90803527832031
0,5.0,hard,147,1036,0.0039312039312039415,53.90803527832031
0,5.0,hard,148,1043,0.0039312039312039415,53.90803527832031
0,5.0,hard,149,1050,0.0039312039312039415,53.90803527832031
0,5.0,hard,150,1057,0.0039312039312039415,53.90803527832031
0,5.0,hard,151,1064,0.0039312039312039415,53.90803527832031
0,5.0,hard,152,1071,0.0039312039312039415,53.90803527832031
0,5.0,hard,153,1078,0.0039312039312039415,53.90803527832031
0,5.0,hard,154,1085,0.0039312039312039415,53.90803527832031
0,5.0,hard,155,1092,0.0039312039312039415,53.90803527832031
0,5.0,hard,156,1099,0.0039312039312039415,53.90803527832031
0,5.0,hard,157,1106,0.0039312039312039415,53.90803527832031
0,5.0,hard,158,1113,0.0039312039312039415,53.90803527832031
0,5.0,hard,159,1120,0.0039312039312039415,53.90803527832031
0,5.0,hard,160,1127,0.0039312039312039415,53.90803527832031
0,5.0,hard,161,1134,0.0039312039312039415,53.90803527832031
0,5.0,hard,162,1141,0.0039312039312039415,53.90803527832031
0,5.0,hard,163,1148,0.0039312039312039415,53.90803527832031
0,5.0,hard,164,1155,0.0039312039312039415,53.90803527832031
0,5.0,hard,165,1162,0.0039312039312039415,53.90803527832031
0,5.0,hard,166,1169,0.0039312039312039415,53.90803527832031
0,5.0,hard,167,1176,0.0039312039312039415,53.90803527832031
0,5.0,hard,168,1183,0.0039312039312039415,53.90803527832031
0,5.0,hard,169,1190,0.0039312039312039415,53.90803527832031
0,5.0,hard,170,1197,0.0039312039312039415,53.90803527832031
0,5.0,hard,171,1204,0.0039312039312039415,53.90803527832031
0,5.0,hard,172,1211,0.0039312039312039415,53.90803527832031
0,5.0,hard,173,1218,0.0039312039312039415,53.90803527832031
0,5.0,hard,174,1225,0.0039312039312039415,53.90803527832031
0,5.0,hard,175,1232,0.0039312039312039415,53.90803527832031
0,5.0,hard,176,1239,0.0039312039312039415,53.90803527832031
0,5.0,hard,177,1246,0.0039312039312039415,53.90803527832031
0,5.0,hard,178,1253,0.0039312039312039415,53.90803527832031
0,5.0,hard,179,1260,0.0039312039312039415,53.90803527832031
0,5.0,hard,180,1267,0.0039312039312039415,53.90803527832031
0,5.0,hard,181,1274,0.0039312039312039415,53.90803527832031
0,5.0,hard,182,1281,0.0039312039312039415,53.90803527832031
0,5.0,hard,183,1288,0.0039312039312039415,53.90803527832031
0,5.0,hard,184,1295,0.0039312039312039415,53.90803527832031
0,5.0,hard,185,1302,0.0039312039312039415,53.90803527832031
0,5.0,hard,186,1309,0.0039312039312039415,53.90803527832031
0,5.0,hard,187,1316,0.0039312039312039415,53.90803527832031
0,5.0,hard,188,1323,0.0039312039312039415,53.90803527832031
0,5.0,hard,189,1330,0.0039312039312039415,53.90803527832031
0,5.0,hard,190,1337,0.0039312039312039415,53.90803527832031
0,5.0,hard,191,1344,0.0039312039312039415,53.90803527832031
0,5.0,hard,192,1351,0.0039312039312039415,53.90803527832031
0,5.0,hard,193,1358,0.0039312039312039415,53.90803527832031
0,5.0,hard,194,1365,0.0039312039312039415,53.90803527832031
0,5.0,hard,195,1372,0.0039312039312039415,53.90803527832031
0,5.0,hard,196,1379,0.0039312039312039415,53.90803527832031
0,5.0,hard,197,1386,0.0039312039312039415,53.90803527832031
0,5.0,hard,198,1393,0.0039312039312039415,53.90803527832031
0,5.0,hard,199,1400,0.0039312039312039415,53.90803527832031
0,5.0,hard,200,1407,0.0039312039312039415,53.90803527832031
0,5.0,hard,201,1414,0.0039312039312039415,53.90803527832031
0,5.0,hard,202,1421,0.0039312039312039415,53.90803527832031
0,5.0,hard,203,1428,0.0039312039312039415,53.90803527832031
0,5.0,hard,204,1435,0.0039312039312039415,53.90803527832031
0,5.0,hard,205,1442,0.0039312039312039415,53.90803527832031
0,5.0,hard,206,1449,0.0039312039312039415,53.90803527832031
0,5.0,hard,207,1456,0.0039312039312039415,53.90803527832031
0,5.0,hard,208,1463,0.0039312039312039415,53.90803527832031
0,5.0,hard,209,1470,0.0039312039312039415,53.90803527832031
0,5.0,hard,210,1477,0.0039312039312039415,53.90803527832031
0,5.0,hard,211,1484,0.0039312039312039415,53.90803527832031
0,5.0,hard,212,1491,0.0039312039312039415,53.90803527832031
0,5.0,hard,213,1498,0.0039312039312039415,53.90803527832031
0,5.0,hard,214,1505,0.0039312039312039415,53.90803527832031
0,5.0,hard,215,1512,0.0039312039312039415,53.90803527832031
0,5.0,hard,216,1519,0.0039312039312039415,53.90803527832031
0,5.0,hard,217,1526,0.0039312039312039415,53.90803527832031
0,5.0,hard,218,1533,0.0039312039312039415,53.90803527832031
0,5.0,hard,219,1540,0.0039312039312039415,53.90803527832031
0,5.0,hard,220,1547,0.0039312039312039415,53.90803527832031
0,5.0,hard,221,1554,0.0039312039312039415,53.90803527832031
0,5.0,hard,222,1561,0.0039312039312039415,53.90803527832031
0,5.0,hard,223,1568,0.0039312039312039415,53.90803527832031
0,5.0,hard,224,1575,0.0039312039312039415,53.90803527832031
0,5.0,hard,225,1582,0.0039312039312039415,53.90803527832031
0,5.0,hard,226,1589,0.0039312039312039415,53.90803527832031
0,5.0,hard,227,1596,0.0039312039312039415,53.90803527832031
0,5.0,hard,228,1603,0.0039312039312039415,53.90803527832031
0,5.0,hard,229,1610,0.0039312039312039415,53.90803527832031
0,5.0,hard,230,1617,0.0039312039312039415,53.90803527832031
0,5.0,hard,231,1624,0.0039312039312039415,53.90803527832031
0,5.0,hard,232,1631,0.0039312039312039415,53.90803527832031
0,5.0,hard,233,1638,0.0039312039312039415,53.90803527832031
0,5.0,hard,234,1645,0.0039312039312039415,53.90803527832031
0,5.0,hard,235,1652,0.0039312039312039415,53.90803527832031
0,5.0,hard,236,1659,0.0039312039312039415,53.90803527832031
0,5.0,hard,237,1666,0.0039312039312039415,53.90803527832031
0,5.0,hard,238,1673,0.0039312039312039415,53.90803527832031
0,5.0,hard,239,1680,0.0039312039312039415,53.90803527832031
0,5.0,hard,240,1687,0.0039312039312039415,53.90803527832031
0,5.0,hard,241,1694,0.0039312039312039415,53.90803527832031
0,5.0,hard,242,1701,0.0039312039312039415,53.90803527832031
0,5.0,hard,243,1708,0.0039312039312039415,53.90803527832031
0,5.0,hard,244,1715,0.0039312039312039415,53.90803527832031
0,5.0,hard,245,1722,0.0039312039312039415,53.90803527832031
0,5.0,diff_s2_ow1,0,7,0.00183945894241333,71.14325714111328
0,5.0,diff_s2_ow1,1,14,0.00448375940322876,121.6364974975586
0,5.0,diff_s2_ow1,2,21,0.007130265235900879,65.93223571777344
0,5.0,diff_s2_ow1,3,28,0.007130265235900879,65.93223571777344
0,5.0,diff_s2_ow1,4,35,0.010807514190673828,80.07677459716797
0,5.0,diff_s2_ow1,5,42,0.010807514190673828,80.07677459716797
0,5.0,diff_s2_ow1,6,49,0.010807514190673828,80.07677459716797
0,5.0,diff_s2_ow1,7,56,0.010807514190673828,80.07677459716797
0,5.0,diff_s2_ow1,8,63,0.010807514190673828,80.07677459716797
0,5.0,diff_s2_ow1,9,70,0.010807514190673828,80.07677459716797
0,5.0,diff_s2_ow1,10,77,0.010807514190673828,80.07677459716797
0,5.0,diff_s2_ow1,11,84,0.01943129301071167,178.9488983154297
0,5.0,diff_s2_ow1,12,91,0.01943129301071167,178.9488983154297
0,5.0,diff_s2_ow1,13,98,0.01943129301071167,178.9488983154297
0,5.0,diff_s2_ow1,14,105,0.01943129301071167,178.9488983154297
0,5.0,diff_s2_ow1,15,112,0.01943129301071167,178.9488983154297
0,5.0,diff_s2_ow1,16,119,0.021058261394500732,137.0406036376953
0,5.0,diff_s2_ow1,17,126,0.021058261394500732,137.0406036376953
0,5.0,diff_s2_ow1,18,133,0.021058261394500732,137.0406036376953
0,5.0,diff_s2_ow1,19,140,0.021058261394500732,137.0406036376953
0,5.0,diff_s2_ow1,20,147,0.021058261394500732,137.0406036376953
0,5.0,diff_s2_ow1,21,154,0.021058261394500732,137.0406036376953
0,5.0,diff_s2_ow1,22,161,0.021058261394500732,137.0406036376953
0,5.0,diff_s2_ow1,23,168,0.021058261394500732,137.0406036376953
0,5.0,diff_s2_ow1,24,175,0.021058261394500732,137.0406036376953
0,5.0,diff_s2_ow1,25,182,0.021058261394500732,137.0406036376953
0,5.0,diff_s2_ow1,26,189,0.021058261394500732,137.0406036376953
0,5.0,diff_s2_ow1,27,196,0.021058261394500732,137.0406036376953
0,5.0,diff_s2_ow1,28,203,0.021058261394500732,137.0406036376953
0,5.0,diff_s2_ow1,29,210,0.021058261394500732,137.0406036376953
0,5.0,diff_s2_ow1,30,217,0.021058261394500732,137.0406036376953
0,5.0,diff_s2_ow1,31,224,0.021058261394500732,137.0406036376953
0,5.0,diff_s2_ow1,32,231,0.021058261394500732,137.0406036376953
0,5.0,diff_s2_ow1,33,238,0.021058261394500732,137.0406036376953
0,5.0,diff_s2_ow1,34,245,0.021058261394500732,137.0406036376953
0,5.0,diff_s2_ow1,35,252,0.021058261394500732,137.0406036376953
0,5.0,diff_s2_ow1,36,259,0.021058261394500732,137.0406036376953
0,5.0,diff_s2_ow1,37,266,0.021058261394500732,137.0406036376953
0,5.0,diff_s2_ow1,38,273,0.021058261394500732,137.0406036376953
0,5.0,diff_s2_ow1,39,280,0.021058261394500732,137.0406036376953
0,5.0,diff_s2_ow1,40,287,0.021058261394500732,137.0406036376953
0,5.0,diff_s2_ow1,41,294,0.021058261394500732,137.0406036376953
0,5.0,diff_s2_ow1,42,301,0.021058261394500732,137.0406036376953
0,5.0,diff_s2_ow1,43,308,0.021058261394500732,137.0406036376953
0,5.0,diff_s2_ow1,44,315,0.021058261394500732,137.0406036376953
0,5.0,diff_s2_ow1,45,322,0.021058261394500732,137.0406036376953
0,5.0,diff_s2_ow1,46,329,0.021058261394500732,137.0406036376953
0,5.0,diff_s2_ow1,47,336,0.021058261394500732,137.0406036376953
0,5.0,diff_s2_ow1,48,343,0.021058261394500732,137.0406036376953
0,5.0,diff_s2_ow1,49,350,0.021058261394500732,137.0406036376953
0,5.0,diff_s2_ow1,50,357,0.021058261394500732,137.0406036376953
0,5.0,diff_s2_ow1,51,364,0.021058261394500732,137.0406036376953
0,5.0,diff_s2_ow1,52,371,0.021058261394500732,137.0406036376953
0,5.0,diff_s2_ow1,53,378,0.021058261394500732,137.0406036376953
0,5.0,diff_s2_ow1,54,385,0.021058261394500732,137.0406036376953
0,5.0,diff_s2_ow1,55,392,0.021058261394500732,137.0406036376953
0,5.0,diff_s2_ow1,56,399,0.021058261394500732,137.0406036376953
0,5.0,diff_s2_ow1,57,406,0.021058261394500732,137.0406036376953
0,5.0,diff_s2_ow1,58,413,0.021058261394500732,137.0406036376953
0,5.0,diff_s2_ow1,59,420,0.021058261394500732,137.0406036376953
0,5.0,diff_s2_ow1,60,427,0.021058261394500732,137.0406036376953
0,5.0,diff_s2_ow1,61,434,0.021058261394500732,137.0406036376953
0,5.0,diff_s2_ow1,62,441,0.021058261394500732,137.0406036376953
0,5.0,diff_s2_ow1,63,448,0.021058261394500732,137.0406036376953
0,5.0,diff_s2_ow1,64,455,0.021058261394500732,137.0406036376953
0,5.0,diff_s2_ow1,65,462,0.021058261394500732,137.0406036376953
0,5.0,diff_s2_ow1,66,469,0.021058261394500732,137.0406036376953
0,5.0,diff_s2_ow1,67,476,0.021058261394500732,137.0406036376953
0,5.0,diff_s2_ow1,68,483,0.021058261394500732,137.0406036376953
0,5.0,diff_s2_ow1,69,490,0.021058261394500732,137.0406036376953
0,5.0,diff_s2_ow1,70,497,0.021058261394500732,137.0406036376953
0,5.0,diff_s2_ow1,71,504,0.021058261394500732,137.0406036376953
0,5.0,diff_s2_ow1,72,511,0.021058261394500732,137.0406036376953
0,5.0,diff_s2_ow1,73,518,0.021058261394500732,137.0406036376953
0,5.0,diff_s2_ow1,74,525,0.021058261394500732,137.0406036376953
0,5.0,diff_s2_ow1,75,532,0.021058261394500732,137.0406036376953
0,5.0,diff_s2_ow1,76,539,0.021058261394500732,137.0406036376953
0,5.0,diff_s2_ow1,77,546,0.021058261394500732,137.0406036376953
0,5.0,diff_s2_ow1,78,553,0.021058261394500732,137.0406036376953
0,5.0,diff_s2_ow1,79,560,0.021058261394500732,137.0406036376953
0,5.0,diff_s2_ow1,80,567,0.021058261394500732,137.0406036376953
0,5.0,diff_s2_ow1,81,574,0.021058261394500732,137.0406036376953
0,5.0,diff_s2_ow1,82,581,0.021058261394500732,137.0406036376953
0,5.0,diff_s2_ow1,83,588,0.021058261394500732,137.0406036376953
0,5.0,diff_s2_ow1,84,595,0.021058261394500732,137.0406036376953
0,5.0,diff_s2_ow1,85,602,0.021058261394500732,137.0406036376953
0,5.0,diff_s2_ow1,86,609,0.021058261394500732,137.0406036376953
0,5.0,diff_s2_ow1,87,616,0.021058261394500732,137.0406036376953
0,5.0,diff_s2_ow1,88,623,0.021058261394500732,137.0406036376953
0,5.0,diff_s2_ow1,89,630,0.021058261394500732,137.0406036376953
0,5.0,diff_s2_ow1,90,637,0.021058261394500732,137.0406036376953
0,5.0,diff_s2_ow1,91,644,0.021058261394500732,137.0406036376953
0,5.0,diff_s2_ow1,92,651,0.021058261394500732,137.0406036376953
0,5.0,diff_s2_ow1,93,658,0.021058261394500732,137.0406036376953
0,5.0,diff_s2_ow1,94,665,0.021058261394500732,137.0406036376953
0,5.0,diff_s2_ow1,95,672,0.021058261394500732,137.0406036376953
0,5.0,diff_s2_ow1,96,679,0.021058261394500732,137.0406036376953
0,5.0,diff_s2_ow1,97,686,0.021058261394500732,137.0406036376953
0,5.0,diff_s2_ow1,98,693,0.021058261394500732,137.0406036376953
0,5.0,diff_s2_ow1,99,700,0.021058261394500732,137.0406036376953
0,5.0,diff_s2_ow1,100,707,0.021058261394500732,137.0406036376953
0,5.0,diff_s2_ow1,101,714,0.021058261394500732,137.0406036376953
0,5.0,diff_s2_ow1,102,721,0.021058261394500732,137.0406036376953
0,5.0,diff_s2_ow1,103,728,0.021058261394500732,137.0406036376953
0,5.0,diff_s2_ow1,104,735,0.021058261394500732,137.0406036376953
0,5.0,diff_s2_ow1,105,742,0.021058261394500732,137.0406036376953
0,5.0,diff_s2_ow1,106,749,0.021058261394500732,137.0406036376953
0,5.0,diff_s2_ow1,107,756,0.021058261394500732,137.0406036376953
0,5.0,diff_s2_ow1,108,763,0.021058261394500732,137.0406036376953
0,5.0,diff_s2_ow1,109,770,0.021058261394500732,137.0406036376953
0,5.0,diff_s2_ow1,110,777,0.021058261394500732,137.0406036376953
0,5.0,diff_s2_ow1,111,784,0.021058261394500732,137.0406036376953
0,5.0,diff_s2_ow1,112,791,0.021058261394500732,137.0406036376953
0,5.0,diff_s2_ow1,113,798,0.021058261394500732,137.0406036376953
0,5.0,diff_s2_ow1,114,805,0.021058261394500732,137.0406036376953
0,5.0,diff_s2_ow1,115,812,0.021058261394500732,137.0406036376953
0,5.0,diff_s2_ow1,116,819,0.021058261394500732,137.0406036376953
0,5.0,diff_s2_ow1,117,826,0.021058261394500732,137.0406036376953
0,5.0,diff_s2_ow1,118,833,0.021058261394500732,137.0406036376953
0,5.0,diff_s2_ow1,119,840,0.021058261394500732,137.0406036376953
0,5.0,diff_s2_ow1,120,847,0.021058261394500732,137.0406036376953
0,5.0,diff_s2_ow1,121,854,0.021058261394500732,137.0406036376953
0,5.0,diff_s2_ow1,122,861,0.021058261394500732,137.0406036376953
0,5.0,diff_s2_ow1,123,868,0.021058261394500732,137.0406036376953
0,5.0,diff_s2_ow1,124,875,0.021058261394500732,137.0406036376953
0,5.0,diff_s2_ow1,125,882,0.021058261394500732,137.0406036376953
0,5.0,diff_s2_ow1,126,889,0.021058261394500732,137.0406036376953
0,5.0,diff_s2_ow1,127,896,0.021058261394500732,137.0406036376953
0,5.0,diff_s2_ow1,128,903,0.021058261394500732,137.0406036376953
0,5.0,diff_s2_ow1,129,910,0.021058261394500732,137.0406036376953
0,5.0,diff_s2_ow1,130,917,0.021058261394500732,137.0406036376953
0,5.0,diff_s2_ow1,131,924,0.021058261394500732,137.0406036376953
0,5.0,diff_s2_ow1,132,931,0.021058261394500732,137.0406036376953
0,5.0,diff_s2_ow1,133,938,0.021058261394500732,137.0406036376953
0,5.0,diff_s2_ow1,134,945,0.021058261394500732,137.0406036376953
0,5.0,diff_s2_ow1,135,952,0.021058261394500732,137.0406036376953
0,5.0,diff_s2_ow1,136,959,0.021058261394500732,137.0406036376953
0,5.0,diff_s2_ow1,137,966,0.021058261394500732,137.0406036376953
0,5.0,diff_s2_ow1,138,973,0.021058261394500732,137.0406036376953
0,5.0,diff_s2_ow1,139,980,0.021058261394500732,137.0406036376953
0,5.0,diff_s2_ow1,140,987,0.021058261394500732,137.0406036376953
0,5.0,diff_s2_ow1,141,994,0.021058261394500732,137.0406036376953
0,5.0,diff_s2_ow1,142,1001,0.021058261394500732,137.0406036376953
0,5.0,diff_s2_ow1,143,1008,0.021058261394500732,137.0406036376953
0,5.0,diff_s2_ow1,144,1015,0.021058261394500732,137.0406036376953
0,5.0,diff_s2_ow1,145,1022,0.021058261394500732,137.0406036376953
0,5.0,diff_s2_ow1,146,1029,0.021058261394500732,137.0406036376953
0,5.0,diff_s2_ow1,147,1036,0.021058261394500732,137.0406036376953
0,5.0,diff_s2_ow1,148,1043,0.021058261394500732,137.0406036376953
0,5.0,diff_s2_ow1,149,1050,0.021058261394500732,137.0406036376953
0,5.0,diff_s2_ow1,150,1057,0.021058261394500732,137.0406036376953
0,5.0,diff_s2_ow1,151,1064,0.021058261394500732,137.0406036376953
0,5.0,diff_s2_ow1,152,1071,0.021058261394500732,137.0406036376953
0,5.0,diff_s2_ow1,153,1078,0.021058261394500732,137.0406036376953
0,5.0,diff_s2_ow1,154,1085,0.021058261394500732,137.0406036376953
0,5.0,diff_s2_ow1,155,1092,0.021058261394500732,137.0406036376953
0,5.0,diff_s2_ow1,156,1099,0.021058261394500732,137.0406036376953
0,5.0,diff_s2_ow1,157,1106,0.021058261394500732,137.0406036376953
0,5.0,diff_s2_ow1,158,1113,0.021058261394500732,137.0406036376953
0,5.0,diff_s2_ow1,159,1120,0.021058261394500732,137.0406036376953
0,5.0,diff_s2_ow1,160,1127,0.021058261394500732,137.0406036376953
0,5.0,diff_s2_ow1,161,1134,0.021058261394500732,137.0406036376953
0,5.0,diff_s2_ow1,162,1141,0.021058261394500732,137.0406036376953
0,5.0,diff_s2_ow1,163,1148,0.021058261394500732,137.0406036376953
0,5.0,diff_s2_ow1,164,1155,0.021058261394500732,137.0406036376953
0,5.0,diff_s2_ow1,165,1162,0.021058261394500732,137.0406036376953
0,5.0,diff_s2_ow1,166,1169,0.021058261394500732,137.0406036376953
0,5.0,diff_s2_ow1,167,1176,0.021058261394500732,137.0406036376953
0,5.0,diff_s2_ow1,168,1183,0.021058261394500732,137.0406036376953
0,5.0,diff_s2_ow1,169,1190,0.021058261394500732,137.0406036376953
0,5.0,diff_s2_ow1,170,1197,0.021058261394500732,137.0406036376953
0,5.0,diff_s2_ow1,171,1204,0.021058261394500732,137.0406036376953
0,5.0,diff_s2_ow1,172,1211,0.021058261394500732,137.0406036376953
0,5.0,diff_s2_ow1,173,1218,0.021058261394500732,137.0406036376953
0,5.0,diff_s2_ow1,174,1225,0.021058261394500732,137.0406036376953
0,5.0,diff_s2_ow1,175,1232,0.021058261394500732,137.0406036376953
0,5.0,diff_s2_ow1,176,1239,0.021058261394500732,137.0406036376953
0,5.0,diff_s2_ow1,177,1246,0.021058261394500732,137.0406036376953
0,5.0,diff_s2_ow1,178,1253,0.021058261394500732,137.0406036376953
0,5.0,diff_s2_ow1,179,1260,0.021058261394500732,137.0406036376953
0,5.0,diff_s2_ow1,180,1267,0.021058261394500732,137.0406036376953
0,5.0,diff_s2_ow1,181,1274,0.021058261394500732,137.0406036376953
0,5.0,diff_s2_ow1,182,1281,0.021058261394500732,137.0406036376953
0,5.0,diff_s2_ow1,183,1288,0.021058261394500732,137.0406036376953
0,5.0,diff_s2_ow1,184,1295,0.021058261394500732,137.0406036376953
0,5.0,diff_s2_ow1,185,1302,0.021058261394500732,137.0406036376953
0,5.0,diff_s2_ow1,186,1309,0.021058261394500732,137.0406036376953
0,5.0,diff_s2_ow1,187,1316,0.021058261394500732,137.0406036376953
0,5.0,diff_s2_ow1,188,1323,0.021058261394500732,137.0406036376953
0,5.0,diff_s2_ow1,189,1330,0.021058261394500732,137.0406036376953
0,5.0,diff_s2_ow1,190,1337,0.021058261394500732,137.0406036376953
0,5.0,diff_s2_ow1,191,1344,0.021058261394500732,137.0406036376953
0,5.0,diff_s2_ow1,192,1351,0.021058261394500732,137.0406036376953
0,5.0,diff_s2_ow1,193,1358,0.021058261394500732,137.0406036376953
0,5.0,diff_s2_ow1,194,1365,0.021058261394500732,137.0406036376953
0,5.0,diff_s2_ow1,195,1372,0.021058261394500732,137.0406036376953
0,5.0,diff_s2_ow1,196,1379,0.021058261394500732,137.0406036376953
0,5.0,diff_s2_ow1,197,1386,0.021058261394500732,137.0406036376953
0,5.0,diff_s2_ow1,198,1393,0.026128709316253662,83.23941040039062
0,5.0,diff_s2_ow1,199,1400,0.026128709316253662,83.23941040039062
0,5.0,diff_s2_ow1,200,1407,0.026128709316253662,83.23941040039062
0,5.0,diff_s2_ow1,201,1414,0.026128709316253662,83.23941040039062
0,5.0,diff_s2_ow1,202,1421,0.026128709316253662,83.23941040039062
0,5.0,diff_s2_ow1,203,1428,0.026128709316253662,83.23941040039062
0,5.0,diff_s2_ow1,204,1435,0.026128709316253662,83.23941040039062
0,5.0,diff_s2_ow1,205,1442,0.026128709316253662,83.23941040039062
0,5.0,diff_s2_ow1,206,1449,0.026128709316253662,83.23941040039062
0,5.0,diff_s2_ow1,207,1456,0.026128709316253662,83.23941040039062
0,5.0,diff_s2_ow1,208,1463,0.026128709316253662,83.23941040039062
0,5.0,diff_s2_ow1,209,1470,0.026128709316253662,83.23941040039062
0,5.0,diff_s2_ow1,210,1477,0.026128709316253662,83.23941040039062
0,5.0,diff_s2_ow1,211,1484,0.026128709316253662,83.23941040039062
0,5.0,diff_s2_ow1,212,1491,0.026128709316253662,83.23941040039062
0,5.0,diff_s2_ow1,213,1498,0.026128709316253662,83.23941040039062
0,5.0,diff_s2_ow1,214,1505,0.026128709316253662,83.23941040039062
0,5.0,diff_s2_ow1,215,1512,0.026128709316253662,83.23941040039062
0,5.0,diff_s2_ow1,216,1519,0.026128709316253662,83.23941040039062
0,5.0,diff_s2_ow1,217,1526,0.026128709316253662,83.23941040039062
0,5.0,diff_s2_ow1,218,1533,0.026128709316253662,83.23941040039062
0,5.0,diff_s2_ow1,219,1540,0.026128709316253662,83.23941040039062
0,5.0,diff_s2_ow1,220,1547,0.026128709316253662,83.23941040039062
0,5.0,diff_s2_ow1,221,1554,0.026128709316253662,83.23941040039062
0,5.0,diff_s2_ow1,222,1561,0.026128709316253662,83.23941040039062
0,5.0,diff_s2_ow1,223,1568,0.026128709316253662,83.23941040039062
0,5.0,diff_s2_ow1,224,1575,0.026128709316253662,83.23941040039062
0,5.0,diff_s2_ow1,225,1582,0.026128709316253662,83.23941040039062
0,5.0,diff_s2_ow1,226,1589,0.026128709316253662,83.23941040039062
0,5.0,diff_s2_ow1,227,1596,0.026128709316253662,83.23941040039062
0,5.0,diff_s2_ow1,228,1603,0.026128709316253662,83.23941040039062
0,5.0,diff_s2_ow1,229,1610,0.026128709316253662,83.23941040039062
0,5.0,diff_s2_ow1,230,1617,0.026128709316253662,83.23941040039062
0,5.0,diff_s2_ow1,231,1624,0.026128709316253662,83.23941040039062
0,5.0,diff_s2_ow1,232,1631,0.026128709316253662,83.23941040039062
0,5.0,diff_s2_ow1,233,1638,0.026128709316253662,83.23941040039062
0,5.0,diff_s2_ow1,234,1645,0.026128709316253662,83.23941040039062
0,5.0,diff_s2_ow1,235,1652,0.026128709316253662,83.23941040039062
0,5.0,diff_s2_ow1,236,1659,0.026128709316253662,83.23941040039062
0,5.0,diff_s2_ow1,237,1666,0.026128709316253662,83.23941040039062
0,5.0,diff_s2_ow1,238,1673,0.026128709316253662,83.23941040039062
0,5.0,diff_s2_ow1,239,1680,0.026128709316253662,83.23941040039062
0,5.0,diff_s2_ow1,240,1687,0.05161440372467041,109.16143035888672
0,5.0,diff_s2_ow1,241,1694,0.05161440372467041,109.16143035888672
0,5.0,diff_s2_ow1,242,1701,0.05161440372467041,109.16143035888672
0,5.0,diff_s2_ow1,243,1708,0.05161440372467041,109.16143035888672
0,5.0,diff_s2_ow1,244,1715,0.05161440372467041,109.16143035888672
0,5.0,diff_s2_ow1,245,1722,0.05161440372467041,109.16143035888672
0,5.0,diff_s2_ow1,246,1729,0.05161440372467041,109.16143035888672
0,5.0,diff_s2_ow1,247,1736,0.05161440372467041,109.16143035888672
0,5.0,diff_s2_ow1,248,1743,0.05161440372467041,109.16143035888672
0,5.0,diff_s2_ow1,249,1750,0.05161440372467041,109.16143035888672
0,5.0,diff_s2_ow1,250,1757,0.05161440372467041,109.16143035888672
0,5.0,diff_s2_ow1,251,1764,0.05161440372467041,109.16143035888672
0,5.0,diff_s2_ow1,252,1771,0.05161440372467041,109.16143035888672
0,5.0,diff_s2_ow1,253,1778,0.05161440372467041,109.16143035888672
0,5.0,diff_s2_ow1,254,1785,0.05161440372467041,109.16143035888672
0,5.0,diff_s2_ow1,255,1792,0.05161440372467041,109.16143035888672
0,5.0,diff_s2_ow1,256,1799,0.05161440372467041,109.16143035888672
0,5.0,diff_s2_ow1,257,1806,0.05161440372467041,109.16143035888672
0,5.0,diff_s2_ow1,258,1813,0.05161440372467041,109.16143035888672
0,5.0,diff_s2_ow1,259,1820,0.05161440372467041,109.16143035888672
0,5.0,diff_s2_ow1,260,1827,0.05161440372467041,109.16143035888672
0,5.0,diff_s2_ow1,261,1834,0.05161440372467041,109.16143035888672
0,5.0,diff_s2_ow1,262,1841,0.05161440372467041,109.16143035888672
0,5.0,diff_s2_ow1,263,1848,0.05161440372467041,109.16143035888672
0,5.0,diff_s2_ow1,264,1855,0.05161440372467041,109.16143035888672
0,5.0,diff_s2_ow1,265,1862,0.05161440372467041,109.16143035888672
0,5.0,diff_s2_ow1,266,1869,0.05161440372467041,109.16143035888672
0,5.0,diff_s2_ow1,267,1876,0.05161440372467041,109.16143035888672
0,5.0,diff_s2_ow1,268,1883,0.05161440372467041,109.16143035888672
0,5.0,diff_s2_ow1,269,1890,0.05161440372467041,109.16143035888672
0,5.0,diff_s2_ow1,270,1897,0.05161440372467041,109.16143035888672
0,5.0,diff_s2_ow1,271,1904,0.05161440372467041,109.16143035888672
0,5.0,diff_s2_ow1,272,1911,0.05161440372467041,109.16143035888672
0,5.0,diff_s2_ow1,273,1918,0.05161440372467041,109.16143035888672
0,5.0,diff_s2_ow1,274,1925,0.05161440372467041,109.16143035888672
0,5.0,diff_s2_ow1,275,1932,0.05161440372467041,109.16143035888672
0,5.0,diff_s2_ow1,276,1939,0.05161440372467041,109.16143035888672
0,5.0,diff_s2_ow1,277,1946,0.05161440372467041,109.16143035888672
0,5.0,diff_s2_ow1,278,1953,0.05161440372467041,109.16143035888672
0,5.0,diff_s2_ow1,279,1960,0.05161440372467041,109.16143035888672
0,5.0,diff_s2_ow1,280,1967,0.05161440372467041,109.16143035888672
0,5.0,diff_s2_ow1,281,1974,0.05161440372467041,109.16143035888672
0,5.0,diff_s2_ow1,282,1981,0.05161440372467041,109.16143035888672
0,5.0,diff_s2_ow1,283,1988,0.05161440372467041,109.16143035888672
0,5.0,diff_s2_ow1,284,1995,0.05161440372467041,109.16143035888672
0,5.0,diff_s2_ow1,285,2002,0.05161440372467041,109.16143035888672
0,5.0,diff_s2_ow1,286,2009,0.05161440372467041,109.16143035888672
0,5.0,diff_s2_ow1,287,2016,0.05161440372467041,109.16143035888672
0,5.0,diff_s2_ow1,288,2023,0.05161440372467041,109.16143035888672
0,5.0,diff_s2_ow1,289,2030,0.05161440372467041,109.16143035888672
0,5.0,diff_s2_ow1,290,2037,0.05161440372467041,109.16143035888672
0,5.0,diff_s2_ow1,291,2044,0.05161440372467041,109.16143035888672
0,5.0,diff_s2_ow1,292,2051,0.05161440372467041,109.16143035888672
0,5.0,diff_s2_ow1,293,2058,0.05161440372467041,109.16143035888672
0,5.0,diff_s2_ow1,294,2065,0.05161440372467041,109.16143035888672
0,5.0,diff_s2_ow1,295,2072,0.05161440372467041,109.16143035888672
0,5.0,diff_s2_ow1,296,2079,0.05161440372467041,109.16143035888672
0,5.0,diff_s2_ow1,297,2086,0.05161440372467041,109.16143035888672
0,5.0,diff_s2_ow1,298,2093,0.05161440372467041,109.16143035888672
0,5.0,diff_s2_ow1,299,2100,0.05161440372467041,109.16143035888672
0,5.0,diff_s2_ow1,300,2107,0.05161440372467041,109.16143035888672
0,5.0,diff_s2_ow1,301,2114,0.05161440372467041,109.16143035888672
0,5.0,diff_s2_ow1,302,2121,0.05161440372467041,109.16143035888672
0,5.0,diff_s2_ow1,303,2128,0.05161440372467041,109.16143035888672
0,5.0,diff_s2_ow1,304,2135,0.05161440372467041,109.16143035888672
0,5.0,diff_s2_ow1,305,2142,0.05161440372467041,109.16143035888672
0,5.0,diff_s2_ow1,306,2149,0.05161440372467041,109.16143035888672
0,5.0,diff_s2_ow1,307,2156,0.05161440372467041,109.16143035888672
0,5.0,diff_s2_ow1,308,2163,0.05161440372467041,109.16143035888672
0,5.0,diff_s2_ow1,309,2170,0.05161440372467041,109.16143035888672
0,5.0,diff_s2_ow1,310,2177,0.05161440372467041,109.16143035888672
0,5.0,diff_s2_ow1,311,2184,0.05161440372467041,109.16143035888672
0,5.0,diff_s2_ow1,312,2191,0.05161440372467041,109.16143035888672
0,5.0,diff_s2_ow1,313,2198,0.05161440372467041,109.16143035888672
0,5.0,diff_s2_ow1,314,2205,0.05161440372467041,109.16143035888672
0,5.0,diff_s2_ow1,315,2212,0.05161440372467041,109.16143035888672
0,5.0,diff_s2_ow1,316,2219,0.05161440372467041,109.16143035888672
0,5.0,diff_s2_ow1,317,2226,0.05161440372467041,109.16143035888672
0,5.0,diff_s2_ow1,318,2233,0.05161440372467041,109.16143035888672
0,5.0,diff_s2_ow1,319,2240,0.05161440372467041,109.16143035888672
0,5.0,diff_s2_ow1,320,2247,0.05161440372467041,109.16143035888672
0,5.0,diff_s2_ow1,321,2254,0.05161440372467041,109.16143035888672
0,5.0,diff_s2_ow1,322,2261,0.05161440372467041,109.16143035888672
0,5.0,diff_s2_ow1,323,2268,0.05161440372467041,109.16143035888672
0,5.0,diff_s2_ow1,324,2275,0.05161440372467041,109.16143035888672
0,5.0,diff_s2_ow1,325,2282,0.05161440372467041,109.16143035888672
0,5.0,diff_s2_ow1,326,2289,0.05161440372467041,109.16143035888672
0,5.0,diff_s2_ow1,327,2296,0.05161440372467041,109.16143035888672
0,5.0,diff_s2_ow1,328,2303,0.05161440372467041,109.16143035888672
0,5.0,diff_s2_ow1,329,2310,0.05161440372467041,109.16143035888672
0,5.0,diff_s2_ow1,330,2317,0.05161440372467041,109.16143035888672
0,5.0,diff_s2_ow1,331,2324,0.05161440372467041,109.16143035888672
0,5.0,diff_s2_ow1,332,2331,0.05161440372467041,109.16143035888672
0,5.0,diff_s2_ow1,333,2338,0.05161440372467041,109.16143035888672
0,5.0,diff_s2_ow1,334,2345,0.05161440372467041,109.16143035888672
0,5.0,diff_s2_ow1,335,2352,0.05161440372467041,109.16143035888672
0,5.0,diff_s2_ow1,336,2359,0.05161440372467041,109.16143035888672
0,5.0,diff_s2_ow1,337,2366,0.05161440372467041,109.16143035888672
0,5.0,diff_s2_ow1,338,2373,0.05161440372467041,109.16143035888672
0,5.0,diff_s2_ow1,339,2380,0.05161440372467041,109.16143035888672
0,5.0,diff_s2_ow1,340,2387,0.05161440372467041,109.16143035888672
0,5.0,diff_s2_ow1,341,2394,0.05161440372467041,109.16143035888672
0,5.0,diff_s2_ow1,342,2401,0.05161440372467041,109.16143035888672
0,5.0,diff_s2_ow1,343,2408,0.05161440372467041,109.16143035888672
0,5.0,diff_s2_ow1,344,2415,0.05161440372467041,109.16143035888672
0,5.0,diff_s2_ow1,345,2422,0.05161440372467041,109.16143035888672
0,5.0,diff_s2_ow1,346,2429,0.05161440372467041,109.16143035888672
0,5.0,diff_s2_ow1,347,2436,0.05161440372467041,109.16143035888672
0,5.0,diff_s2_ow1,348,2443,0.05161440372467041,109.16143035888672
0,5.0,diff_s2_ow1,349,2450,0.05161440372467041,109.16143035888672
0,5.0,diff_s2_ow1,350,2457,0.05161440372467041,109.16143035888672
0,5.0,diff_s2_ow1,351,2464,0.05161440372467041,109.16143035888672
0,5.0,diff_s2_ow1,352,2471,0.05161440372467041,109.16143035888672
0,5.0,diff_s2_ow1,353,2478,0.05161440372467041,109.16143035888672
0,5.0,diff_s2_ow1,354,2485,0.05161440372467041,109.16143035888672
0,5.0,diff_s2_ow1,355,2492,0.05161440372467041,109.16143035888672
0,5.0,diff_s2_ow1,356,2499,0.05161440372467041,109.16143035888672
0,5.0,diff_s2_ow1,357,2506,0.05161440372467041,109.16143035888672
0,5.0,diff_s2_ow1,358,2513,0.05161440372467041,109.16143035888672
0,5.0,diff_s2_ow1,359,2520,0.05161440372467041,109.16143035888672
0,5.0,diff_s2_ow1,360,2527,0.05161440372467041,109.16143035888672
0,5.0,diff_s2_ow1,361,2534,0.05161440372467041,109.16143035888672
0,5.0,diff_s2_ow1,362,2541,0.05161440372467041,109.16143035888672
0,5.0,diff_s2_ow1,363,2548,0.05161440372467041,109.16143035888672
0,5.0,diff_s2_ow1,364,2555,0.05161440372467041,109.16143035888672
0,5.0,diff_s2_ow1,365,2562,0.05161440372467041,109.16143035888672
0,5.0,diff_s2_ow1,366,2569,0.05161440372467041,109.16143035888672
0,5.0,diff_s2_ow1,367,2576,0.05161440372467041,109.16143035888672
0,5.0,diff_s2_ow1,368,2583,0.05161440372467041,109.16143035888672
0,5.0,diff_s2_ow1,369,2590,0.05161440372467041,109.16143035888672
0,5.0,diff_s2_ow1,370,2597,0.05161440372467041,109.16143035888672
0,5.0,diff_s2_ow1,371,2604,0.05161440372467041,109.16143035888672
0,5.0,diff_s2_ow1,372,2611,0.05161440372467041,109.16143035888672
0,5.0,diff_s2_ow1,373,2618,0.05161440372467041,109.16143035888672
0,5.0,diff_s2_ow1,374,2625,0.05161440372467041,109.16143035888672
0,5.0,diff_s2_ow1,375,2632,0.05161440372467041,109.16143035888672
0,5.0,diff_s2_ow1,376,2639,0.05161440372467041,109.16143035888672
0,5.0,diff_s2_ow1,377,2646,0.05161440372467041,109.16143035888672
0,5.0,diff_s2_ow1,378,2653,0.05161440372467041,109.16143035888672
0,5.0,diff_s2_ow1,379,2660,0.05161440372467041,109.16143035888672
0,5.0,diff_s2_ow1,380,2667,0.05161440372467041,109.16143035888672
0,5.0,diff_s2_ow1,381,2674,0.05161440372467041,109.16143035888672
0,5.0,diff_s2_ow1,382,2681,0.05161440372467041,109.16143035888672
0,5.0,diff_s2_ow1,383,2688,0.05161440372467041,109.16143035888672
0,5.0,diff_s2_ow1,384,2695,0.05161440372467041,109.16143035888672
0,5.0,diff_s2_ow1,385,2702,0.05161440372467041,109.16143035888672
0,5.0,diff_s2_ow1,386,2709,0.05161440372467041,109.16143035888672
0,5.0,diff_s2_ow1,387,2716,0.05161440372467041,109.16143035888672
0,5.0,diff_s2_ow1,388,2723,0.05161440372467041,109.16143035888672
0,5.0,diff_s2_ow1,389,2730,0.05161440372467041,109.16143035888672
0,5.0,diff_s2_ow1,390,2737,0.05161440372467041,109.16143035888672
0,5.0,diff_s2_ow1,391,2744,0.05161440372467041,109.16143035888672
0,5.0,diff_s2_ow1,392,2751,0.05161440372467041,109.16143035888672
0,5.0,diff_s2_ow1,393,2758,0.05161440372467041,109.16143035888672
0,5.0,diff_s2_ow1,394,2765,0.05161440372467041,109.16143035888672
0,5.0,diff_s2_ow1,395,2772,0.05161440372467041,109.16143035888672
0,5.0,diff_s2_ow1,396,2779,0.05161440372467041,109.16143035888672
0,5.0,diff_s2_ow1,397,2786,0.05161440372467041,109.16143035888672
0,5.0,diff_s2_ow1,398,2793,0.05161440372467041,109.16143035888672
0,5.0,diff_s2_ow1,399,2800,0.05161440372467041,109.16143035888672
0,5.0,diff_s2_ow1,400,2807,0.05161440372467041,109.16143035888672
0,5.0,diff_s2_ow1,401,2814,0.05161440372467041,109.16143035888672
0,5.0,diff_s2_ow1,402,2821,0.05161440372467041,109.16143035888672
0,5.0,diff_s2_ow1,403,2828,0.05161440372467041,109.16143035888672
0,5.0,diff_s2_ow1,404,2835,0.05161440372467041,109.16143035888672
0,5.0,diff_s2_ow1,405,2842,0.05161440372467041,109.16143035888672
0,5.0,diff_s2_ow1,406,2849,0.05161440372467041,109.16143035888672
0,5.0,diff_s2_ow1,407,2856,0.05161440372467041,109.16143035888672
0,5.0,diff_s2_ow1,408,2863,0.05161440372467041,109.16143035888672
0,5.0,diff_s2_ow1,409,2870,0.05161440372467041,109.16143035888672
0,5.0,diff_s2_ow1,410,2877,0.05161440372467041,109.16143035888672
0,5.0,diff_s2_ow1,411,2884,0.05161440372467041,109.16143035888672
0,5.0,diff_s2_ow1,412,2891,0.05161440372467041,109.16143035888672
0,5.0,diff_s2_ow1,413,2898,0.05161440372467041,109.16143035888672
0,5.0,diff_s2_ow1,414,2905,0.05161440372467041,109.16143035888672
0,5.0,diff_s2_ow1,415,2912,0.05161440372467041,109.16143035888672
0,5.0,diff_s2_ow1,416,2919,0.05161440372467041,109.16143035888672
0,5.0,diff_s2_ow1,417,2926,0.05161440372467041,109.16143035888672
0,5.0,diff_s2_ow1,418,2933,0.05161440372467041,109.16143035888672
0,5.0,diff_s2_ow1,419,2940,0.05161440372467041,109.16143035888672
0,5.0,diff_s2_ow1,420,2947,0.05161440372467041,109.16143035888672
0,5.0,diff_s2_ow1,421,2954,0.05161440372467041,109.16143035888672
0,5.0,diff_s2_ow1,422,2961,0.05161440372467041,109.16143035888672
0,5.0,diff_s2_ow1,423,2968,0.05161440372467041,109.16143035888672
0,5.0,diff_s2_ow1,424,2975,0.05161440372467041,109.16143035888672
0,5.0,diff_s2_ow1,425,2982,0.05161440372467041,109.16143035888672
0,5.0,diff_s2_ow1,426,2989,0.05161440372467041,109.16143035888672
0,5.0,diff_s2_ow1,427,2996,0.05161440372467041,109.16143035888672
0,5.0,diff_s2_ow1,428,3003,0.05161440372467041,109.16143035888672
0,5.0,diff_s2_ow1,429,3010,0.05161440372467041,109.16143035888672
0,5.0,diff_s2_ow1,430,3017,0.05161440372467041,109.16143035888672
0,5.0,diff_s2_ow1,431,3024,0.05161440372467041,109.16143035888672
0,5.0,diff_s2_ow1,432,3031,0.05161440372467041,109.16143035888672
0,5.0,diff_s2_ow1,433,3038,0.05161440372467041,109.16143035888672
0,5.0,diff_s2_ow1,434,3045,0.05161440372467041,109.16143035888672
0,5.0,diff_s2_ow1,435,3052,0.05161440372467041,109.16143035888672
0,5.0,diff_s2_ow1,436,3059,0.05161440372467041,109.16143035888672
0,5.0,diff_s2_ow1,437,3066,0.05161440372467041,109.16143035888672
0,5.0,diff_s2_ow1,438,3073,0.05161440372467041,109.16143035888672
0,5.0,diff_s2_ow1,439,3080,0.05161440372467041,109.16143035888672
0,5.0,diff_s2_ow1,440,3087,0.05161440372467041,109.16143035888672
0,5.0,diff_s2_ow1,441,3094,0.05161440372467041,109.16143035888672
0,5.0,diff_s2_ow1,442,3101,0.05161440372467041,109.16143035888672
0,5.0,diff_s2_ow1,443,3108,0.05161440372467041,109.16143035888672
0,5.0,diff_s2_ow1,444,3115,0.05161440372467041,109.16143035888672
0,5.0,diff_s2_ow1,445,3122,0.05161440372467041,109.16143035888672
0,5.0,diff_s2_ow1,446,3129,0.05161440372467041,109.16143035888672
0,5.0,diff_s2_ow1,447,3136,0.05161440372467041,109.16143035888672
0,5.0,diff_s2_ow1,448,3143,0.05161440372467041,109.16143035888672
0,5.0,diff_s2_ow1,449,3150,0.05161440372467041,109.16143035888672
0,5.0,diff_s2_ow1,450,3157,0.05161440372467041,109.16143035888672
0,5.0,diff_s2_ow1,451,3164,0.05161440372467041,109.16143035888672
0,5.0,diff_s2_ow1,452,3171,0.05161440372467041,109.16143035888672
0,5.0,diff_s2_ow1,453,3178,0.05161440372467041,109.16143035888672
0,5.0,diff_s2_ow1,454,3185,0.05161440372467041,109.16143035888672
0,5.0,diff_s2_ow1,455,3192,0.05161440372467041,109.16143035888672
0,5.0,diff_s2_ow1,456,3199,0.05161440372467041,109.16143035888672
0,5.0,diff_s2_ow1,457,3206,0.05161440372467041,109.16143035888672
0,5.0,diff_s2_ow1,458,3213,0.05161440372467041,109.16143035888672
0,5.0,diff_s2_ow1,459,3220,0.05161440372467041,109.16143035888672
0,5.0,diff_s2_ow1,460,3227,0.05161440372467041,109.16143035888672
0,5.0,diff_s2_ow1,461,3234,0.05161440372467041,109.16143035888672
0,5.0,diff_s2_ow1,462,3241,0.05161440372467041,109.16143035888672
0,5.0,diff_s2_ow1,463,3248,0.05161440372467041,109.16143035888672
0,5.0,diff_s2_ow1,464,3255,0.05161440372467041,109.16143035888672
0,5.0,diff_s2_ow1,465,3262,0.05161440372467041,109.16143035888672
0,5.0,diff_s2_ow1,466,3269,0.05161440372467041,109.16143035888672
0,5.0,diff_s2_ow1,467,3276,0.05161440372467041,109.16143035888672
0,5.0,diff_s2_ow1,468,3283,0.05161440372467041,109.16143035888672
0,5.0,diff_s2_ow1,469,3290,0.05161440372467041,109.16143035888672
0,5.0,diff_s2_ow1,470,3297,0.05161440372467041,109.16143035888672
0,5.0,diff_s2_ow1,471,3304,0.05161440372467041,109.16143035888672
0,5.0,diff_s2_ow1,472,3311,0.05161440372467041,109.16143035888672
0,5.0,diff_s2_ow1,473,3318,0.05161440372467041,109.16143035888672
0,5.0,diff_s2_ow1,474,3325,0.05161440372467041,109.16143035888672
0,5.0,diff_s2_ow1,475,3332,0.05161440372467041,109.16143035888672
0,5.0,diff_s2_ow1,476,3339,0.05161440372467041,109.16143035888672
0,5.0,diff_s2_ow1,477,3346,0.05161440372467041,109.16143035888672
1,1.0,hard,0,7,0.001979166666666643,85.21825408935547
1,1.0,hard,1,14,0.001979166666666643,85.21825408935547
1,1.0,hard,2,21,0.001979166666666643,85.21825408935547
1,1.0,hard,3,28,0.001979166666666643,85.21825408935547
1,1.0,hard,4,35,0.001979166666666643,85.21825408935547
1,1.0,hard,5,42,0.001979166666666643,85.21825408935547
1,1.0,hard,6,49,0.001979166666666643,85.21825408935547
1,1.0,hard,7,56,0.001979166666666643,85.21825408935547
1,1.0,hard,8,63,0.001979166666666643,85.21825408935547
1,1.0,hard,9,70,0.001979166666666643,85.21825408935547
1,1.0,hard,10,77,0.001979166666666643,85.21825408935547
1,1.0,hard,11,84,0.001979166666666643,85.21825408935547
1,1.0,hard,12,91,0.001979166666666643,85.21825408935547
1,1.0,hard,13,98,0.001979166666666643,85.21825408935547
1,1.0,hard,14,105,0.001979166666666643,85.21825408935547
1,1.0,hard,15,112,0.001979166666666643,85.21825408935547
1,1.0,hard,16,119,0.001979166666666643,85.21825408935547
1,1.0,hard,17,126,0.001979166666666643,85.21825408935547
1,1.0,hard,18,133,0.001979166666666643,85.21825408935547
1,1.0,hard,19,140,0.001979166666666643,85.21825408935547
1,1.0,hard,20,147,0.001979166666666643,85.21825408935547
1,1.0,hard,21,154,0.008743842364532073,116.08197021484375
1,1.0,hard,22,161,0.008743842364532073,116.08197021484375
1,1.0,hard,23,168,0.008743842364532073,116.08197021484375
1,1.0,hard,24,175,0.008743842364532073,116.08197021484375
1,1.0,hard,25,182,0.008743842364532073,116.08197021484375
1,1.0,hard,26,189,0.008743842364532073,116.08197021484375
1,1.0,hard,27,196,0.008743842364532073,116.08197021484375
1,1.0,hard,28,203,0.008743842364532073,116.08197021484375
1,1.0,hard,29,210,0.008743842364532073,116.08197021484375
1,1.0,hard,30,217,0.008743842364532073,116.08197021484375
1,1.0,hard,31,224,0.008743842364532073,116.08197021484375
1,1.0,hard,32,231,0.008743842364532073,116.08197021484375
1,1.0,hard,33,238,0.008743842364532073,116.08197021484375
1,1.0,hard,34,245,0.008743842364532073,116.08197021484375
1,1.0,hard,35,252,0.008743842364532073,116.08197021484375
1,1.0,hard,36,259,0.008743842364532073,116.08197021484375
1,1.0,hard,37,266,0.008743842364532073,116.08197021484375
1,1.0,hard,38,273,0.008743842364532073,116.08197021484375
1,1.0,hard,39,280,0.008743842364532073,116.08197021484375
1,1.0,hard,40,287,0.008743842364532073,116.08197021484375
1,1.0,hard,41,294,0.008743842364532073,116.08197021484375
1,1.0,hard,42,301,0.008743842364532073,116.08197021484375
1,1.0,hard,43,308,0.008743842364532073,116.08197021484375
1,1.0,hard,44,315,0.008743842364532073,116.08197021484375
1,1.0,hard,45,322,0.008743842364532073,116.08197021484375
1,1.0,hard,46,329,0.008743842364532073,116.08197021484375
1,1.0,hard,47,336,0.008743842364532073,116.08197021484375
1,1.0,hard,48,343,0.008743842364532073,116.08197021484375
1,1.0,hard,49,350,0.008743842364532073,116.08197021484375
1,1.0,hard,50,357,0.008743842364532073,116.08197021484375
1,1.0,hard,51,364,0.008743842364532073,116.08197021484375
1,1.0,hard,52,371,0.008743842364532073,116.08197021484375
1,1.0,hard,53,378,0.008743842364532073,116.08197021484375
1,1.0,hard,54,385,0.008743842364532073,116.08197021484375
1,1.0,hard,55,392,0.008743842364532073,116.08197021484375
1,1.0,hard,56,399,0.008743842364532073,116.08197021484375
1,1.0,hard,57,406,0.008743842364532073,116.08197021484375
1,1.0,hard,58,413,0.008743842364532073,116.08197021484375
1,1.0,hard,59,420,0.008743842364532073,116.08197021484375
1,1.0,hard,60,427,0.008743842364532073,116.08197021484375
1,1.0,hard,61,434,0.008743842364532073,116.08197021484375
1,1.0,hard,62,441,0.008743842364532073,116.08197021484375
1,1.0,hard,63,448,0.008743842364532073,116.08197021484375
1,1.0,hard,64,455,0.008743842364532073,116.08197021484375
1,1.0,hard,65,462,0.008743842364532073,116.08197021484375
1,1.0,hard,66,469,0.008743842364532073,116.08197021484375
1,1.0,hard,67,476,0.008743842364532073,116.08197021484375
1,1.0,hard,68,483,0.008743842364532073,116.08197021484375
1,1.0,hard,69,490,0.008743842364532073,116.08197021484375
1,1.0,hard,70,497,0.008743842364532073,116.08197021484375
1,1.0,hard,71,504,0.008743842364532073,116.08197021484375
1,1.0,hard,72,511,0.008743842364532073,116.08197021484375
1,1.0,hard,73,518,0.008743842364532073,116.08197021484375
1,1.0,hard,74,525,0.008743842364532073,116.08197021484375
1,1.0,hard,75,532,0.008743842364532073,116.08197021484375
1,1.0,hard,76,539,0.008743842364532073,116.08197021484375
1,1.0,hard,77,546,0.008743842364532073,116.08197021484375
1,1.0,hard,78,553,0.008743842364532073,116.08197021484375
1,1.0,hard,79,560,0.008743842364532073,116.08197021484375
1,1.0,hard,80,567,0.008743842364532073,116.08197021484375
1,1.0,hard,81,574,0.008743842364532073,116.08197021484375
1,1.0,hard,82,581,0.008743842364532073,116.08197021484375
1,1.0,hard,83,588,0.008743842364532073,116.08197021484375
1,1.0,hard,84,595,0.008743842364532073,116.08197021484375
1,1.0,hard,85,602,0.008743842364532073,116.08197021484375
1,1.0,hard,86,609,0.008743842364532073,116.08197021484375
1,1.0,hard,87,616,0.008743842364532073,116.08197021484375
1,1.0,hard,88,623,0.008743842364532073,116.08197021484375
1,1.0,hard,89,630,0.008743842364532073,116.08197021484375
1,1.0,hard,90,637,0.008743842364532073,116.08197021484375
1,1.0,hard,91,644,0.008743842364532073,116.08197021484375
1,1.0,hard,92,651,0.008743842364532073,116.08197021484375
1,1.0,hard,93,658,0.008743842364532073,116.08197021484375
1,1.0,hard,94,665,0.008743842364532073,116.08197021484375
1,1.0,hard,95,672,0.008743842364532073,116.08197021484375
1,1.0,hard,96,679,0.008743842364532073,116.08197021484375
1,1.0,hard,97,686,0.008743842364532073,116.08197021484375
1,1.0,hard,98,693,0.008743842364532073,116.08197021484375
1,1.0,hard,99,700,0.008743842364532073,116.08197021484375
1,1.0,hard,100,707,0.008743842364532073,116.08197021484375
1,1.0,hard,101,714,0.008743842364532073,116.08197021484375
1,1.0,hard,102,721,0.008743842364532073,116.08197021484375
1,1.0,hard,103,728,0.008743842364532073,116.08197021484375
1,1.0,hard,104,735,0.008743842364532073,116.08197021484375
1,1.0,hard,105,742,0.008743842364532073,116.08197021484375
1,1.0,hard,106,749,0.008743842364532073,116.08197021484375
1,1.0,hard,107,756,0.008743842364532073,116.08197021484375
1,1.0,hard,108,763,0.008743842364532073,116.08197021484375
1,1.0,hard,109,770,0.008743842364532073,116.08197021484375
1,1.0,hard,110,777,0.008743842364532073,116.08197021484375
1,1.0,hard,111,784,0.008743842364532073,116.08197021484375
1,1.0,hard,112,791,0.008743842364532073,116.08197021484375
1,1.0,hard,113,798,0.008743842364532073,116.08197021484375
1,1.0,hard,114,805,0.008743842364532073,116.08197021484375
1,1.0,hard,115,812,0.008743842364532073,116.08197021484375
1,1.0,hard,116,819,0.008743842364532073,116.08197021484375
1,1.0,hard,117,826,0.008743842364532073,116.08197021484375
1,1.0,hard,118,833,0.008743842364532073,116.08197021484375
1,1.0,hard,119,840,0.008743842364532073,116.08197021484375
1,1.0,hard,120,847,0.008743842364532073,116.08197021484375
1,1.0,hard,121,854,0.008743842364532073,116.08197021484375
1,1.0,hard,122,861,0.008743842364532073,116.08197021484375
1,1.0,hard,123,868,0.008743842364532073,116.08197021484375
1,1.0,hard,124,875,0.008743842364532073,116.08197021484375
1,1.0,hard,125,882,0.008743842364532073,116.08197021484375
1,1.0,hard,126,889,0.008743842364532073,116.08197021484375
1,1.0,hard,127,896,0.008743842364532073,116.08197021484375
1,1.0,hard,128,903,0.008743842364532073,116.08197021484375
1,1.0,hard,129,910,0.008743842364532073,116.08197021484375
1,1.0,hard,130,917,0.008743842364532073,116.08197021484375
1,1.0,hard,131,924,0.008743842364532073,116.08197021484375
1,1.0,hard,132,931,0.008743842364532073,116.08197021484375
1,1.0,hard,133,938,0.008743842364532073,116.08197021484375
1,1.0,hard,134,945,0.008743842364532073,116.08197021484375
1,1.0,hard,135,952,0.008743842364532073,116.08197021484375
1,1.0,hard,136,959,0.008743842364532073,116.08197021484375
1,1.0,hard,137,966,0.008743842364532073,116.08197021484375
1,1.0,hard,138,973,0.008743842364532073,116.08197021484375
1,1.0,hard,139,980,0.008743842364532073,116.08197021484375
1,1.0,hard,140,987,0.008743842364532073,116.08197021484375
1,1.0,hard,141,994,0.008743842364532073,116.08197021484375
1,1.0,hard,142,1001,0.008743842364532073,116.08197021484375
1,1.0,hard,143,1008,0.008743842364532073,116.08197021484375
1,1.0,hard,144,1015,0.008743842364532073,116.08197021484375
1,1.0,hard,145,1022,0.008743842364532073,116.08197021484375
1,1.0,hard,146,1029,0.008743842364532073,116.08197021484375
1,1.0,hard,147,1036,0.008743842364532073,116.08197021484375
1,1.0,hard,148,1043,0.008743842364532073,116.08197021484375
1,1.0,hard,149,1050,0.008743842364532073,116.08197021484375
1,1.0,hard,150,1057,0.008743842364532073,116.08197021484375
1,1.0,hard,151,1064,0.008743842364532073,116.08197021484375
1,1.0,hard,152,1071,0.008743842364532073,116.08197021484375
1,1.0,hard,153,1078,0.008743842364532073,116.08197021484375
1,1.0,hard,154,1085,0.008743842364532073,116.08197021484375
1,1.0,hard,155,1092,0.008743842364532073,116.08197021484375
1,1.0,hard,156,1099,0.008743842364532073,116.08197021484375
1,1.0,hard,157,1106,0.008743842364532073,116.08197021484375
1,1.0,hard,158,1113,0.008743842364532073,116.08197021484375
1,1.0,hard,159,1120,0.008743842364532073,116.08197021484375
1,1.0,hard,160,1127,0.008743842364532073,116.08197021484375
1,1.0,hard,161,1134,0.008743842364532073,116.08197021484375
1,1.0,hard,162,1141,0.008743842364532073,116.08197021484375
1,1.0,hard,163,1148,0.008743842364532073,116.08197021484375
1,1.0,hard,164,1155,0.008743842364532073,116.08197021484375
1,1.0,hard,165,1162,0.008743842364532073,116.08197021484375
1,1.0,hard,166,1169,0.008743842364532073,116.08197021484375
1,1.0,hard,167,1176,0.008743842364532073,116.08197021484375
1,1.0,hard,168,1183,0.008743842364532073,116.08197021484375
1,1.0,hard,169,1190,0.008743842364532073,116.08197021484375
1,1.0,hard,170,1197,0.008743842364532073,116.08197021484375
1,1.0,hard,171,1204,0.008743842364532073,116.08197021484375
1,1.0,hard,172,1211,0.008743842364532073,116.08197021484375
1,1.0,hard,173,1218,0.008743842364532073,116.08197021484375
1,1.0,hard,174,1225,0.008743842364532073,116.08197021484375
1,1.0,hard,175,1232,0.008743842364532073,116.08197021484375
1,1.0,hard,176,1239,0.008743842364532073,116.08197021484375
1,1.0,hard,177,1246,0.008743842364532073,116.08197021484375
1,1.0,hard,178,1253,0.008743842364532073,116.08197021484375
1,1.0,hard,179,1260,0.008743842364532073,116.08197021484375
1,1.0,hard,180,1267,0.008743842364532073,116.08197021484375
1,1.0,hard,181,1274,0.008743842364532073,116.08197021484375
1,1.0,hard,182,1281,0.008743842364532073,116.08197021484375
1,1.0,hard,183,1288,0.008743842364532073,116.08197021484375
1,1.0,hard,184,1295,0.008743842364532073,116.08197021484375
1,1.0,hard,185,1302,0.008743842364532073,116.08197021484375
1,1.0,hard,186,1309,0.008743842364532073,116.08197021484375
1,1.0,hard,187,1316,0.008743842364532073,116.08197021484375
1,1.0,hard,188,1323,0.008743842364532073,116.08197021484375
1,1.0,hard,189,1330,0.008743842364532073,116.08197021484375
1,1.0,hard,190,1337,0.008743842364532073,116.08197021484375
1,1.0,hard,191,1344,0.008743842364532073,116.08197021484375
1,1.0,hard,192,1351,0.008743842364532073,116.08197021484375
1,1.0,hard,193,1358,0.008743842364532073,116.08197021484375
1,1.0,hard,194,1365,0.008743842364532073,116.08197021484375
1,1.0,hard,195,1372,0.008743842364532073,116.08197021484375
1,1.0,hard,196,1379,0.008743842364532073,116.08197021484375
1,1.0,hard,197,1386,0.008743842364532073,116.08197021484375
1,1.0,hard,198,1393,0.008743842364532073,116.08197021484375
1,1.0,hard,199,1400,0.008743842364532073,116.08197021484375
1,1.0,hard,200,1407,0.008743842364532073,116.08197021484375
1,1.0,hard,201,1414,0.008743842364532073,116.08197021484375
1,1.0,hard,202,1421,0.008743842364532073,116.08197021484375
1,1.0,hard,203,1428,0.008743842364532073,116.08197021484375
1,1.0,hard,204,1435,0.008743842364532073,116.08197021484375
1,1.0,hard,205,1442,0.008743842364532073,116.08197021484375
1,1.0,hard,206,1449,0.008743842364532073,116.08197021484375
1,1.0,hard,207,1456,0.008743842364532073,116.08197021484375
1,1.0,hard,208,1463,0.008743842364532073,116.08197021484375
1,1.0,hard,209,1470,0.008743842364532073,116.08197021484375
1,1.0,hard,210,1477,0.008743842364532073,116.08197021484375
1,1.0,hard,211,1484,0.008743842364532073,116.08197021484375
1,1.0,hard,212,1491,0.008743842364532073,116.08197021484375
1,1.0,hard,213,1498,0.008743842364532073,116.08197021484375
1,1.0,hard,214,1505,0.008743842364532073,116.08197021484375
1,1.0,hard,215,1512,0.008743842364532073,116.08197021484375
1,1.0,hard,216,1519,0.008743842364532073,116.08197021484375
1,1.0,hard,217,1526,0.008743842364532073,116.08197021484375
1,1.0,hard,218,1533,0.008743842364532073,116.08197021484375
1,1.0,hard,219,1540,0.008743842364532073,116.08197021484375
1,1.0,hard,220,1547,0.008743842364532073,116.08197021484375
1,1.0,hard,221,1554,0.008743842364532073,116.08197021484375
1,1.0,hard,222,1561,0.008743842364532073,116.08197021484375
1,1.0,hard,223,1568,0.008743842364532073,116.08197021484375
1,1.0,hard,224,1575,0.008743842364532073,116.08197021484375
1,1.0,hard,225,1582,0.008743842364532073,116.08197021484375
1,1.0,hard,226,1589,0.008743842364532073,116.08197021484375
1,1.0,hard,227,1596,0.008743842364532073,116.08197021484375
1,1.0,hard,228,1603,0.008743842364532073,116.08197021484375
1,1.0,hard,229,1610,0.008743842364532073,116.08197021484375
1,1.0,hard,230,1617,0.008743842364532073,116.08197021484375
1,1.0,hard,231,1624,0.008743842364532073,116.08197021484375
1,1.0,hard,232,1631,0.008743842364532073,116.08197021484375
1,1.0,hard,233,1638,0.008743842364532073,116.08197021484375
1,1.0,hard,234,1645,0.008743842364532073,116.08197021484375
1,1.0,hard,235,1652,0.008743842364532073,116.08197021484375
1,1.0,hard,236,1659,0.008743842364532073,116.08197021484375
1,1.0,hard,237,1666,0.008743842364532073,116.08197021484375
1,1.0,hard,238,1673,0.008743842364532073,116.08197021484375
1,1.0,hard,239,1680,0.008743842364532073,116.08197021484375
1,1.0,hard,240,1687,0.008743842364532073,116.08197021484375
1,1.0,hard,241,1694,0.008743842364532073,116.08197021484375
1,1.0,hard,242,1701,0.008743842364532073,116.08197021484375
1,1.0,hard,243,1708,0.008743842364532073,116.08197021484375
1,1.0,hard,244,1715,0.008743842364532073,116.08197021484375
1,1.0,hard,245,1722,0.008743842364532073,116.08197021484375
1,1.0,hard,246,1729,0.008743842364532073,116.08197021484375
1,1.0,hard,247,1736,0.008743842364532073,116.08197021484375
1,1.0,hard,248,1743,0.008743842364532073,116.08197021484375
1,1.0,hard,249,1750,0.008743842364532073,116.08197021484375
1,1.0,hard,250,1757,0.008743842364532073,116.08197021484375
1,1.0,hard,251,1764,0.008743842364532073,116.08197021484375
1,1.0,hard,252,1771,0.008743842364532073,116.08197021484375
1,1.0,hard,253,1778,0.008743842364532073,116.08197021484375
1,1.0,hard,254,1785,0.008743842364532073,116.08197021484375
1,1.0,hard,255,1792,0.008743842364532073,116.08197021484375
1,1.0,hard,256,1799,0.008743842364532073,116.08197021484375
1,1.0,hard,257,1806,0.008743842364532073,116.08197021484375
1,1.0,hard,258,1813,0.008743842364532073,116.08197021484375
1,1.0,hard,259,1820,0.008743842364532073,116.08197021484375
1,1.0,hard,260,1827,0.008743842364532073,116.08197021484375
1,1.0,hard,261,1834,0.008743842364532073,116.08197021484375
1,1.0,hard,262,1841,0.008743842364532073,116.08197021484375
1,1.0,hard,263,1848,0.008743842364532073,116.08197021484375
1,1.0,hard,264,1855,0.008743842364532073,116.08197021484375
1,1.0,hard,265,1862,0.008743842364532073,116.08197021484375
1,1.0,hard,266,1869,0.008743842364532073,116.08197021484375
1,1.0,hard,267,1876,0.008743842364532073,116.08197021484375
1,1.0,hard,268,1883,0.008743842364532073,116.08197021484375
1,1.0,hard,269,1890,0.008743842364532073,116.08197021484375
1,1.0,hard,270,1897,0.008743842364532073,116.08197021484375
1,1.0,hard,271,1904,0.008743842364532073,116.08197021484375
1,1.0,hard,272,1911,0.008743842364532073,116.08197021484375
1,1.0,hard,273,1918,0.008743842364532073,116.08197021484375
1,1.0,hard,274,1925,0.008743842364532073,116.08197021484375
1,1.0,hard,275,1932,0.008743842364532073,116.08197021484375
1,1.0,hard,276,1939,0.008743842364532073,116.08197021484375
1,1.0,hard,277,1946,0.008743842364532073,116.08197021484375
1,1.0,hard,278,1953,0.008743842364532073,116.08197021484375
1,1.0,hard,279,1960,0.008743842364532073,116.08197021484375
1,1.0,hard,280,1967,0.008743842364532073,116.08197021484375
1,1.0,hard,281,1974,0.008743842364532073,116.08197021484375
1,1.0,hard,282,1981,0.008743842364532073,116.08197021484375
1,1.0,hard,283,1988,0.008743842364532073,116.08197021484375
1,1.0,hard,284,1995,0.008743842364532073,116.08197021484375
1,1.0,hard,285,2002,0.008743842364532073,116.08197021484375
1,1.0,hard,286,2009,0.008743842364532073,116.08197021484375
1,1.0,hard,287,2016,0.008743842364532073,116.08197021484375
1,1.0,hard,288,2023,0.008743842364532073,116.08197021484375
1,1.0,hard,289,2030,0.008743842364532073,116.08197021484375
1,1.0,hard,290,2037,0.008743842364532073,116.08197021484375
1,1.0,hard,291,2044,0.008743842364532073,116.08197021484375
1,1.0,hard,292,2051,0.008743842364532073,116.08197021484375
1,1.0,hard,293,2058,0.008743842364532073,116.08197021484375
1,1.0,hard,294,2065,0.008743842364532073,116.08197021484375
1,1.0,hard,295,2072,0.008743842364532073,116.08197021484375
1,1.0,hard,296,2079,0.008743842364532073,116.08197021484375
1,1.0,hard,297,2086,0.008743842364532073,116.08197021484375
1,1.0,hard,298,2093,0.008743842364532073,116.08197021484375
1,1.0,hard,299,2100,0.008743842364532073,116.08197021484375
1,1.0,hard,300,2107,0.008743842364532073,116.08197021484375
1,1.0,hard,301,2114,0.008743842364532073,116.08197021484375
1,1.0,hard,302,2121,0.008743842364532073,116.08197021484375
1,1.0,hard,303,2128,0.008743842364532073,116.08197021484375
1,1.0,hard,304,2135,0.008743842364532073,116.08197021484375
1,1.0,hard,305,2142,0.008743842364532073,116.08197021484375
1,1.0,hard,306,2149,0.008743842364532073,116.08197021484375
1,1.0,hard,307,2156,0.008743842364532073,116.08197021484375
1,1.0,hard,308,2163,0.008743842364532073,116.08197021484375
1,1.0,hard,309,2170,0.008743842364532073,116.08197021484375
1,1.0,hard,310,2177,0.008743842364532073,116.08197021484375
1,1.0,hard,311,2184,0.008743842364532073,116.08197021484375
1,1.0,hard,312,2191,0.008743842364532073,116.08197021484375
1,1.0,hard,313,2198,0.008743842364532073,116.08197021484375
1,1.0,hard,314,2205,0.008743842364532073,116.08197021484375
1,1.0,hard,315,2212,0.008743842364532073,116.08197021484375
1,1.0,hard,316,2219,0.008743842364532073,116.08197021484375
1,1.0,hard,317,2226,0.008743842364532073,116.08197021484375
1,1.0,hard,318,2233,0.008743842364532073,116.08197021484375
1,1.0,hard,319,2240,0.008743842364532073,116.08197021484375
1,1.0,hard,320,2247,0.008743842364532073,116.08197021484375
1,1.0,hard,321,2254,0.008743842364532073,116.08197021484375
1,1.0,hard,322,2261,0.008743842364532073,116.08197021484375
1,1.0,hard,323,2268,0.008743842364532073,116.08197021484375
1,1.0,hard,324,2275,0.008743842364532073,116.08197021484375
1,1.0,hard,325,2282,0.008743842364532073,116.08197021484375
1,1.0,hard,326,2289,0.008743842364532073,116.08197021484375
1,1.0,hard,327,2296,0.008743842364532073,116.08197021484375
1,1.0,hard,328,2303,0.008743842364532073,116.08197021484375
1,1.0,hard,329,2310,0.008743842364532073,116.08197021484375
1,1.0,hard,330,2317,0.008743842364532073,116.08197021484375
1,1.0,hard,331,2324,0.008743842364532073,116.08197021484375
1,1.0,hard,332,2331,0.008743842364532073,116.08197021484375
1,1.0,hard,333,2338,0.008743842364532073,116.08197021484375
1,1.0,hard,334,2345,0.008743842364532073,116.08197021484375
1,1.0,hard,335,2352,0.008743842364532073,116.08197021484375
1,1.0,hard,336,2359,0.008743842364532073,116.08197021484375
1,1.0,hard,337,2366,0.008743842364532073,116.08197021484375
1,1.0,hard,338,2373,0.008743842364532073,116.08197021484375
1,1.0,hard,339,2380,0.008743842364532073,116.08197021484375
1,1.0,hard,340,2387,0.008743842364532073,116.08197021484375
1,1.0,hard,341,2394,0.008743842364532073,116.08197021484375
1,1.0,hard,342,2401,0.008743842364532073,116.08197021484375
1,1.0,hard,343,2408,0.008743842364532073,116.08197021484375
1,1.0,hard,344,2415,0.008743842364532073,116.08197021484375
1,1.0,hard,345,2422,0.008743842364532073,116.08197021484375
1,1.0,hard,346,2429,0.008743842364532073,116.08197021484375
1,1.0,hard,347,2436,0.008743842364532073,116.08197021484375
1,1.0,hard,348,2443,0.008743842364532073,116.08197021484375
1,1.0,hard,349,2450,0.008743842364532073,116.08197021484375
1,1.0,hard,350,2457,0.008743842364532073,116.08197021484375
1,1.0,hard,351,2464,0.008743842364532073,116.08197021484375
1,1.0,hard,352,2471,0.008743842364532073,116.08197021484375
1,1.0,hard,353,2478,0.008743842364532073,116.08197021484375
1,1.0,hard,354,2485,0.008743842364532073,116.08197021484375
1,1.0,hard,355,2492,0.008743842364532073,116.08197021484375
1,1.0,hard,356,2499,0.008743842364532073,116.08197021484375
1,1.0,hard,357,2506,0.008743842364532073,116.08197021484375
1,1.0,hard,358,2513,0.008743842364532073,116.08197021484375
1,1.0,hard,359,2520,0.008743842364532073,116.08197021484375
1,1.0,hard,360,2527,0.008743842364532073,116.08197021484375
1,1.0,hard,361,2534,0.008743842364532073,116.08197021484375
1,1.0,hard,362,2541,0.008743842364532073,116.08197021484375
1,1.0,hard,363,2548,0.008743842364532073,116.08197021484375
1,1.0,hard,364,2555,0.008743842364532073,116.08197021484375
1,1.0,hard,365,2562,0.008743842364532073,116.08197021484375
1,1.0,hard,366,2569,0.008743842364532073,116.08197021484375
1,1.0,hard,367,2576,0.008743842364532073,116.08197021484375
1,1.0,hard,368,2583,0.008743842364532073,116.08197021484375
1,1.0,hard,369,2590,0.008743842364532073,116.08197021484375
1,1.0,hard,370,2597,0.008743842364532073,116.08197021484375
1,1.0,hard,371,2604,0.008743842364532073,116.08197021484375
1,1.0,hard,372,2611,0.008743842364532073,116.08197021484375
1,1.0,hard,373,2618,0.008743842364532073,116.08197021484375
1,1.0,hard,374,2625,0.008743842364532073,116.08197021484375
1,1.0,hard,375,2632,0.008743842364532073,116.08197021484375
1,1.0,hard,376,2639,0.008743842364532073,116.08197021484375
1,1.0,hard,377,2646,0.008743842364532073,116.08197021484375
1,1.0,hard,378,2653,0.008743842364532073,116.08197021484375
1,1.0,hard,379,2660,0.008743842364532073,116.08197021484375
1,1.0,hard,380,2667,0.008743842364532073,116.08197021484375
1,1.0,hard,381,2674,0.008743842364532073,116.08197021484375
1,1.0,hard,382,2681,0.008743842364532073,116.08197021484375
1,1.0,hard,383,2688,0.008743842364532073,116.08197021484375
1,1.0,hard,384,2695,0.008743842364532073,116.08197021484375
1,1.0,hard,385,2702,0.008743842364532073,116.08197021484375
1,1.0,hard,386,2709,0.008743842364532073,116.08197021484375
1,1.0,hard,387,2716,0.008743842364532073,116.08197021484375
1,1.0,hard,388,2723,0.008743842364532073,116.08197021484375
1,1.0,hard,389,2730,0.008743842364532073,116.08197021484375
1,1.0,hard,390,2737,0.008743842364532073,116.08197021484375
1,1.0,hard,391,2744,0.008743842364532073,116.08197021484375
1,1.0,hard,392,2751,0.008743842364532073,116.08197021484375
1,1.0,hard,393,2758,0.008743842364532073,116.08197021484375
1,1.0,hard,394,2765,0.008743842364532073,116.08197021484375
1,1.0,hard,395,2772,0.008743842364532073,116.08197021484375
1,1.0,hard,396,2779,0.008743842364532073,116.08197021484375
1,1.0,hard,397,2786,0.008743842364532073,116.08197021484375
1,1.0,hard,398,2793,0.008743842364532073,116.08197021484375
1,1.0,hard,399,2800,0.008743842364532073,116.08197021484375
1,1.0,hard,400,2807,0.008743842364532073,116.08197021484375
1,1.0,hard,401,2814,0.008743842364532073,116.08197021484375
1,1.0,hard,402,2821,0.008743842364532073,116.08197021484375
1,1.0,hard,403,2828,0.008743842364532073,116.08197021484375
1,1.0,hard,404,2835,0.008743842364532073,116.08197021484375
1,1.0,hard,405,2842,0.008743842364532073,116.08197021484375
1,1.0,hard,406,2849,0.008743842364532073,116.08197021484375
1,1.0,hard,407,2856,0.008743842364532073,116.08197021484375
1,1.0,hard,408,2863,0.008743842364532073,116.08197021484375
1,1.0,hard,409,2870,0.008743842364532073,116.08197021484375
1,1.0,hard,410,2877,0.008743842364532073,116.08197021484375
1,1.0,hard,411,2884,0.008743842364532073,116.08197021484375
1,1.0,hard,412,2891,0.008743842364532073,116.08197021484375
1,1.0,hard,413,2898,0.008743842364532073,116.08197021484375
1,1.0,hard,414,2905,0.008743842364532073,116.08197021484375
1,1.0,hard,415,2912,0.008743842364532073,116.08197021484375
1,1.0,hard,416,2919,0.008743842364532073,116.08197021484375
1,1.0,hard,417,2926,0.008743842364532073,116.08197021484375
1,1.0,hard,418,2933,0.008743842364532073,116.08197021484375
1,1.0,hard,419,2940,0.008743842364532073,116.08197021484375
1,1.0,hard,420,2947,0.008743842364532073,116.08197021484375
1,1.0,hard,421,2954,0.008743842364532073,116.08197021484375
1,1.0,hard,422,2961,0.008743842364532073,116.08197021484375
1,1.0,hard,423,2968,0.008743842364532073,116.08197021484375
1,1.0,hard,424,2975,0.008743842364532073,116.08197021484375
1,1.0,hard,425,2982,0.008743842364532073,116.08197021484375
1,1.0,hard,426,2989,0.008743842364532073,116.08197021484375
1,1.0,hard,427,2996,0.008743842364532073,116.08197021484375
1,1.0,hard,428,3003,0.008743842364532073,116.08197021484375
1,1.0,hard,429,3010,0.008743842364532073,116.08197021484375
1,1.0,hard,430,3017,0.008743842364532073,116.08197021484375
1,1.0,diff_s2_ow1,0,7,0.00870811939239502,85.21825408935547
1,1.0,diff_s2_ow1,1,14,0.00870811939239502,85.21825408935547
1,1.0,diff_s2_ow1,2,21,0.00870811939239502,85.21825408935547
1,1.0,diff_s2_ow1,3,28,0.00870811939239502,85.21825408935547
1,1.0,diff_s2_ow1,4,35,0.00870811939239502,85.21825408935547
1,1.0,diff_s2_ow1,5,42,0.00870811939239502,85.21825408935547
1,1.0,diff_s2_ow1,6,49,0.00870811939239502,85.21825408935547
1,1.0,diff_s2_ow1,7,56,0.00870811939239502,85.21825408935547
1,1.0,diff_s2_ow1,8,63,0.00870811939239502,85.21825408935547
1,1.0,diff_s2_ow1,9,70,0.00870811939239502,85.21825408935547
1,1.0,diff_s2_ow1,10,77,0.00870811939239502,85.21825408935547
1,1.0,diff_s2_ow1,11,84,0.00870811939239502,85.21825408935547
1,1.0,diff_s2_ow1,12,91,0.00870811939239502,85.21825408935547
1,1.0,diff_s2_ow1,13,98,0.00870811939239502,85.21825408935547
1,1.0,diff_s2_ow1,14,105,0.00870811939239502,85.21825408935547
1,1.0,diff_s2_ow1,15,112,0.011834144592285156,145.9692840576172
1,1.0,diff_s2_ow1,16,119,0.011834144592285156,145.9692840576172
1,1.0,diff_s2_ow1,17,126,0.011834144592285156,145.9692840576172
1,1.0,diff_s2_ow1,18,133,0.011834144592285156,145.9692840576172
1,1.0,diff_s2_ow1,19,140,0.011834144592285156,145.9692840576172
1,1.0,diff_s2_ow1,20,147,0.011834144592285156,145.9692840576172
1,1.0,diff_s2_ow1,21,154,0.011834144592285156,145.9692840576172
1,1.0,diff_s2_ow1,22,161,0.011834144592285156,145.9692840576172
1,1.0,diff_s2_ow1,23,168,0.011834144592285156,145.9692840576172
1,1.0,diff_s2_ow1,24,175,0.011834144592285156,145.9692840576172
1,1.0,diff_s2_ow1,25,182,0.011834144592285156,145.9692840576172
1,1.0,diff_s2_ow1,26,189,0.011834144592285156,145.9692840576172
1,1.0,diff_s2_ow1,27,196,0.011834144592285156,145.9692840576172
1,1.0,diff_s2_ow1,28,203,0.011834144592285156,145.9692840576172
1,1.0,diff_s2_ow1,29,210,0.011834144592285156,145.9692840576172
1,1.0,diff_s2_ow1,30,217,0.011834144592285156,145.9692840576172
1,1.0,diff_s2_ow1,31,224,0.011834144592285156,145.9692840576172
1,1.0,diff_s2_ow1,32,231,0.011834144592285156,145.9692840576172
1,1.0,diff_s2_ow1,33,238,0.011834144592285156,145.9692840576172
1,1.0,diff_s2_ow1,34,245,0.011834144592285156,145.9692840576172
1,1.0,diff_s2_ow1,35,252,0.011834144592285156,145.9692840576172
1,1.0,diff_s2_ow1,36,259,0.011834144592285156,145.9692840576172
1,1.0,diff_s2_ow1,37,266,0.011834144592285156,145.9692840576172
1,1.0,diff_s2_ow1,38,273,0.011834144592285156,145.9692840576172
1,1.0,diff_s2_ow1,39,280,0.011834144592285156,145.9692840576172
1,1.0,diff_s2_ow1,40,287,0.011834144592285156,145.9692840576172
1,1.0,diff_s2_ow1,41,294,0.011834144592285156,145.9692840576172
1,1.0,diff_s2_ow1,42,301,0.011834144592285156,145.9692840576172
1,1.0,diff_s2_ow1,43,308,0.011834144592285156,145.9692840576172
1,1.0,diff_s2_ow1,44,315,0.011834144592285156,145.9692840576172
1,1.0,diff_s2_ow1,45,322,0.011834144592285156,145.9692840576172
1,1.0,diff_s2_ow1,46,329,0.011834144592285156,145.9692840576172
1,1.0,diff_s2_ow1,47,336,0.011834144592285156,145.9692840576172
1,1.0,diff_s2_ow1,48,343,0.011834144592285156,145.9692840576172
1,1.0,diff_s2_ow1,49,350,0.011834144592285156,145.9692840576172
1,1.0,diff_s2_ow1,50,357,0.011834144592285156,145.9692840576172
1,1.0,diff_s2_ow1,51,364,0.011834144592285156,145.9692840576172
1,1.0,diff_s2_ow1,52,371,0.011834144592285156,145.9692840576172
1,1.0,diff_s2_ow1,53,378,0.011834144592285156,145.9692840576172
1,1.0,diff_s2_ow1,54,385,0.011834144592285156,145.9692840576172
1,1.0,diff_s2_ow1,55,392,0.011834144592285156,145.9692840576172
1,1.0,diff_s2_ow1,56,399,0.011834144592285156,145.9692840576172
1,1.0,diff_s2_ow1,57,406,0.011834144592285156,145.9692840576172
1,1.0,diff_s2_ow1,58,413,0.011834144592285156,145.9692840576172
1,1.0,diff_s2_ow1,59,420,0.011834144592285156,145.9692840576172
1,1.0,diff_s2_ow1,60,427,0.011834144592285156,145.9692840576172
1,1.0,diff_s2_ow1,61,434,0.011834144592285156,145.9692840576172
1,1.0,diff_s2_ow1,62,441,0.011834144592285156,145.9692840576172
1,1.0,diff_s2_ow1,63,448,0.011834144592285156,145.9692840576172
1,1.0,diff_s2_ow1,64,455,0.011834144592285156,145.9692840576172
1,1.0,diff_s2_ow1,65,462,0.011834144592285156,145.9692840576172
1,1.0,diff_s2_ow1,66,469,0.011834144592285156,145.9692840576172
1,1.0,diff_s2_ow1,67,476,0.011834144592285156,145.9692840576172
1,1.0,diff_s2_ow1,68,483,0.011834144592285156,145.9692840576172
1,1.0,diff_s2_ow1,69,490,0.011834144592285156,145.9692840576172
1,1.0,diff_s2_ow1,70,497,0.011834144592285156,145.9692840576172
1,1.0,diff_s2_ow1,71,504,0.011834144592285156,145.9692840576172
1,1.0,diff_s2_ow1,72,511,0.011834144592285156,145.9692840576172
1,1.0,diff_s2_ow1,73,518,0.011834144592285156,145.9692840576172
1,1.0,diff_s2_ow1,74,525,0.011834144592285156,145.9692840576172
1,1.0,diff_s2_ow1,75,532,0.011834144592285156,145.9692840576172
1,1.0,diff_s2_ow1,76,539,0.011834144592285156,145.9692840576172
1,1.0,diff_s2_ow1,77,546,0.011834144592285156,145.9692840576172
1,1.0,diff_s2_ow1,78,553,0.011834144592285156,145.9692840576172
1,1.0,diff_s2_ow1,79,560,0.011834144592285156,145.9692840576172
1,1.0,diff_s2_ow1,80,567,0.011834144592285156,145.9692840576172
1,1.0,diff_s2_ow1,81,574,0.011834144592285156,145.9692840576172
1,1.0,diff_s2_ow1,82,581,0.011834144592285156,145.9692840576172
1,1.0,diff_s2_ow1,83,588,0.011834144592285156,145.9692840576172
1,1.0,diff_s2_ow1,84,595,0.011834144592285156,145.9692840576172
1,1.0,diff_s2_ow1,85,602,0.011834144592285156,145.9692840576172
1,1.0,diff_s2_ow1,86,609,0.011834144592285156,145.9692840576172
1,1.0,diff_s2_ow1,87,616,0.011834144592285156,145.9692840576172
1,1.0,diff_s2_ow1,88,623,0.011834144592285156,145.9692840576172
1,1.0,diff_s2_ow1,89,630,0.011834144592285156,145.9692840576172
1,1.0,diff_s2_ow1,90,637,0.011834144592285156,145.9692840576172
1,1.0,diff_s2_ow1,91,644,0.011834144592285156,145.9692840576172
1,1.0,diff_s2_ow1,92,651,0.011834144592285156,145.9692840576172
1,1.0,diff_s2_ow1,93,658,0.011834144592285156,145.9692840576172
1,1.0,diff_s2_ow1,94,665,0.011834144592285156,145.9692840576172
1,1.0,diff_s2_ow1,95,672,0.011834144592285156,145.9692840576172
1,1.0,diff_s2_ow1,96,679,0.011834144592285156,145.9692840576172
1,1.0,diff_s2_ow1,97,686,0.011834144592285156,145.9692840576172
1,1.0,diff_s2_ow1,98,693,0.011834144592285156,145.9692840576172
1,1.0,diff_s2_ow1,99,700,0.011834144592285156,145.9692840576172
1,1.0,diff_s2_ow1,100,707,0.011834144592285156,145.9692840576172
1,1.0,diff_s2_ow1,101,714,0.011834144592285156,145.9692840576172
1,1.0,diff_s2_ow1,102,721,0.011834144592285156,145.9692840576172
1,1.0,diff_s2_ow1,103,728,0.011834144592285156,145.9692840576172
1,1.0,diff_s2_ow1,104,735,0.011834144592285156,145.9692840576172
1,1.0,diff_s2_ow1,105,742,0.011834144592285156,145.9692840576172
1,1.0,diff_s2_ow1,106,749,0.011834144592285156,145.9692840576172
1,1.0,diff_s2_ow1,107,756,0.011834144592285156,145.9692840576172
1,1.0,diff_s2_ow1,108,763,0.011834144592285156,145.9692840576172
1,1.0,diff_s2_ow1,109,770,0.011834144592285156,145.9692840576172
1,1.0,diff_s2_ow1,110,777,0.011834144592285156,145.9692840576172
1,1.0,diff_s2_ow1,111,784,0.011834144592285156,145.9692840576172
1,1.0,diff_s2_ow1,112,791,0.011834144592285156,145.9692840576172
1,1.0,diff_s2_ow1,113,798,0.011834144592285156,145.9692840576172
1,1.0,diff_s2_ow1,114,805,0.011834144592285156,145.9692840576172
1,1.0,diff_s2_ow1,115,812,0.011834144592285156,145.9692840576172
1,1.0,diff_s2_ow1,116,819,0.011834144592285156,145.9692840576172
1,1.0,diff_s2_ow1,117,826,0.011834144592285156,145.9692840576172
1,1.0,diff_s2_ow1,118,833,0.011834144592285156,145.9692840576172
1,1.0,diff_s2_ow1,119,840,0.011834144592285156,145.9692840576172
1,1.0,diff_s2_ow1,120,847,0.011834144592285156,145.9692840576172
1,1.0,diff_s2_ow1,121,854,0.011834144592285156,145.9692840576172
1,1.0,diff_s2_ow1,122,861,0.011834144592285156,145.9692840576172
1,1.0,diff_s2_ow1,123,868,0.011834144592285156,145.9692840576172
1,1.0,diff_s2_ow1,124,875,0.011834144592285156,145.9692840576172
1,1.0,diff_s2_ow1,125,882,0.011834144592285156,145.9692840576172
1,1.0,diff_s2_ow1,126,889,0.011834144592285156,145.9692840576172
1,1.0,diff_s2_ow1,127,896,0.011834144592285156,145.9692840576172
1,1.0,diff_s2_ow1,128,903,0.011834144592285156,145.9692840576172
1,1.0,diff_s2_ow1,129,910,0.011834144592285156,145.9692840576172
1,1.0,diff_s2_ow1,130,917,0.011834144592285156,145.9692840576172
1,1.0,diff_s2_ow1,131,924,0.011834144592285156,145.9692840576172
1,1.0,diff_s2_ow1,132,931,0.011834144592285156,145.9692840576172
1,1.0,diff_s2_ow1,133,938,0.011834144592285156,145.9692840576172
1,1.0,diff_s2_ow1,134,945,0.011834144592285156,145.9692840576172
1,1.0,diff_s2_ow1,135,952,0.011834144592285156,145.9692840576172
1,1.0,diff_s2_ow1,136,959,0.011834144592285156,145.9692840576172
1,1.0,diff_s2_ow1,137,966,0.011834144592285156,145.9692840576172
1,1.0,diff_s2_ow1,138,973,0.011834144592285156,145.9692840576172
1,1.0,diff_s2_ow1,139,980,0.011834144592285156,145.9692840576172
1,1.0,diff_s2_ow1,140,987,0.011834144592285156,145.9692840576172
1,1.0,diff_s2_ow1,141,994,0.011834144592285156,145.9692840576172
1,1.0,diff_s2_ow1,142,1001,0.011834144592285156,145.9692840576172
1,1.0,diff_s2_ow1,143,1008,0.011834144592285156,145.9692840576172
1,1.0,diff_s2_ow1,144,1015,0.011834144592285156,145.9692840576172
1,1.0,diff_s2_ow1,145,1022,0.022015154361724854,175.02088928222656
1,1.0,diff_s2_ow1,146,1029,0.022015154361724854,175.02088928222656
1,1.0,diff_s2_ow1,147,1036,0.022015154361724854,175.02088928222656
1,1.0,diff_s2_ow1,148,1043,0.022015154361724854,175.02088928222656
1,1.0,diff_s2_ow1,149,1050,0.022015154361724854,175.02088928222656
1,1.0,diff_s2_ow1,150,1057,0.022015154361724854,175.02088928222656
1,1.0,diff_s2_ow1,151,1064,0.022015154361724854,175.02088928222656
1,1.0,diff_s2_ow1,152,1071,0.022015154361724854,175.02088928222656
1,1.0,diff_s2_ow1,153,1078,0.022015154361724854,175.02088928222656
1,1.0,diff_s2_ow1,154,1085,0.022015154361724854,175.02088928222656
1,1.0,diff_s2_ow1,155,1092,0.022015154361724854,175.02088928222656
1,1.0,diff_s2_ow1,156,1099,0.022015154361724854,175.02088928222656
1,1.0,diff_s2_ow1,157,1106,0.022015154361724854,175.02088928222656
1,1.0,diff_s2_ow1,158,1113,0.022015154361724854,175.02088928222656
1,1.0,diff_s2_ow1,159,1120,0.022015154361724854,175.02088928222656
1,1.0,diff_s2_ow1,160,1127,0.022015154361724854,175.02088928222656
1,1.0,diff_s2_ow1,161,1134,0.022015154361724854,175.02088928222656
1,1.0,diff_s2_ow1,162,1141,0.022015154361724854,175.02088928222656
1,1.0,diff_s2_ow1,163,1148,0.022015154361724854,175.02088928222656
1,1.0,diff_s2_ow1,164,1155,0.022015154361724854,175.02088928222656
1,1.0,diff_s2_ow1,165,1162,0.022015154361724854,175.02088928222656
1,1.0,diff_s2_ow1,166,1169,0.022015154361724854,175.02088928222656
1,1.0,diff_s2_ow1,167,1176,0.022015154361724854,175.02088928222656
1,1.0,diff_s2_ow1,168,1183,0.022015154361724854,175.02088928222656
1,1.0,diff_s2_ow1,169,1190,0.022015154361724854,175.02088928222656
1,1.0,diff_s2_ow1,170,1197,0.022015154361724854,175.02088928222656
1,1.0,diff_s2_ow1,171,1204,0.022015154361724854,175.02088928222656
1,1.0,diff_s2_ow1,172,1211,0.022015154361724854,175.02088928222656
1,1.0,diff_s2_ow1,173,1218,0.022015154361724854,175.02088928222656
1,1.0,diff_s2_ow1,174,1225,0.022015154361724854,175.02088928222656
1,1.0,diff_s2_ow1,175,1232,0.022015154361724854,175.02088928222656
1,1.0,diff_s2_ow1,176,1239,0.022015154361724854,175.02088928222656
1,1.0,diff_s2_ow1,177,1246,0.022015154361724854,175.02088928222656
1,1.0,diff_s2_ow1,178,1253,0.022015154361724854,175.02088928222656
1,1.0,diff_s2_ow1,179,1260,0.022015154361724854,175.02088928222656
1,1.0,diff_s2_ow1,180,1267,0.022015154361724854,175.02088928222656
1,1.0,diff_s2_ow1,181,1274,0.022015154361724854,175.02088928222656
1,1.0,diff_s2_ow1,182,1281,0.022015154361724854,175.02088928222656
1,1.0,diff_s2_ow1,183,1288,0.022015154361724854,175.02088928222656
1,1.0,diff_s2_ow1,184,1295,0.022015154361724854,175.02088928222656
1,1.0,diff_s2_ow1,185,1302,0.022015154361724854,175.02088928222656
1,1.0,diff_s2_ow1,186,1309,0.022015154361724854,175.02088928222656
1,1.0,diff_s2_ow1,187,1316,0.022015154361724854,175.02088928222656
1,1.0,diff_s2_ow1,188,1323,0.022015154361724854,175.02088928222656
1,1.0,diff_s2_ow1,189,1330,0.022015154361724854,175.02088928222656
1,1.0,diff_s2_ow1,190,1337,0.022015154361724854,175.02088928222656
1,1.0,diff_s2_ow1,191,1344,0.022015154361724854,175.02088928222656
1,1.0,diff_s2_ow1,192,1351,0.022015154361724854,175.02088928222656
1,1.0,diff_s2_ow1,193,1358,0.022015154361724854,175.02088928222656
1,1.0,diff_s2_ow1,194,1365,0.022015154361724854,175.02088928222656
1,1.0,diff_s2_ow1,195,1372,0.022015154361724854,175.02088928222656
1,1.0,diff_s2_ow1,196,1379,0.022015154361724854,175.02088928222656
1,1.0,diff_s2_ow1,197,1386,0.022015154361724854,175.02088928222656
1,1.0,diff_s2_ow1,198,1393,0.022015154361724854,175.02088928222656
1,1.0,diff_s2_ow1,199,1400,0.022015154361724854,175.02088928222656
1,1.0,diff_s2_ow1,200,1407,0.022015154361724854,175.02088928222656
1,1.0,diff_s2_ow1,201,1414,0.022015154361724854,175.02088928222656
1,1.0,diff_s2_ow1,202,1421,0.022015154361724854,175.02088928222656
1,1.0,diff_s2_ow1,203,1428,0.022015154361724854,175.02088928222656
1,1.0,diff_s2_ow1,204,1435,0.022015154361724854,175.02088928222656
1,1.0,diff_s2_ow1,205,1442,0.022015154361724854,175.02088928222656
1,1.0,diff_s2_ow1,206,1449,0.022015154361724854,175.02088928222656
1,1.0,diff_s2_ow1,207,1456,0.022015154361724854,175.02088928222656
1,1.0,diff_s2_ow1,208,1463,0.022015154361724854,175.02088928222656
1,1.0,diff_s2_ow1,209,1470,0.022015154361724854,175.02088928222656
1,1.0,diff_s2_ow1,210,1477,0.022015154361724854,175.02088928222656
1,1.0,diff_s2_ow1,211,1484,0.022015154361724854,175.02088928222656
1,1.0,diff_s2_ow1,212,1491,0.022015154361724854,175.02088928222656
1,1.0,diff_s2_ow1,213,1498,0.022015154361724854,175.02088928222656
1,1.0,diff_s2_ow1,214,1505,0.022015154361724854,175.02088928222656
1,1.0,diff_s2_ow1,215,1512,0.022015154361724854,175.02088928222656
1,1.0,diff_s2_ow1,216,1519,0.022015154361724854,175.02088928222656
1,1.0,diff_s2_ow1,217,1526,0.022015154361724854,175.02088928222656
1,1.0,diff_s2_ow1,218,1533,0.022015154361724854,175.02088928222656
1,1.0,diff_s2_ow1,219,1540,0.022015154361724854,175.02088928222656
1,1.0,diff_s2_ow1,220,1547,0.022015154361724854,175.02088928222656
1,1.0,diff_s2_ow1,221,1554,0.022015154361724854,175.02088928222656
1,1.0,diff_s2_ow1,222,1561,0.022015154361724854,175.02088928222656
1,1.0,diff_s2_ow1,223,1568,0.022015154361724854,175.02088928222656
1,1.0,diff_s2_ow1,224,1575,0.022015154361724854,175.02088928222656
1,1.0,diff_s2_ow1,225,1582,0.022015154361724854,175.02088928222656
1,1.0,diff_s2_ow1,226,1589,0.022015154361724854,175.02088928222656
1,1.0,diff_s2_ow1,227,1596,0.022015154361724854,175.02088928222656
1,1.0,diff_s2_ow1,228,1603,0.022015154361724854,175.02088928222656
1,1.0,diff_s2_ow1,229,1610,0.022015154361724854,175.02088928222656
1,1.0,diff_s2_ow1,230,1617,0.022015154361724854,175.02088928222656
1,1.0,diff_s2_ow1,231,1624,0.022015154361724854,175.02088928222656
1,1.0,diff_s2_ow1,232,1631,0.022015154361724854,175.02088928222656
1,1.0,diff_s2_ow1,233,1638,0.022015154361724854,175.02088928222656
1,1.0,diff_s2_ow1,234,1645,0.022015154361724854,175.02088928222656
1,1.0,diff_s2_ow1,235,1652,0.022015154361724854,175.02088928222656
1,1.0,diff_s2_ow1,236,1659,0.022015154361724854,175.02088928222656
1,1.0,diff_s2_ow1,237,1666,0.022015154361724854,175.02088928222656
1,1.0,diff_s2_ow1,238,1673,0.022015154361724854,175.02088928222656
1,1.0,diff_s2_ow1,239,1680,0.022015154361724854,175.02088928222656
1,1.0,diff_s2_ow1,240,1687,0.022015154361724854,175.02088928222656
1,1.0,diff_s2_ow1,241,1694,0.022015154361724854,175.02088928222656
1,1.0,diff_s2_ow1,242,1701,0.022015154361724854,175.02088928222656
1,1.0,diff_s2_ow1,243,1708,0.022015154361724854,175.02088928222656
1,1.0,diff_s2_ow1,244,1715,0.022015154361724854,175.02088928222656
1,1.0,diff_s2_ow1,245,1722,0.022015154361724854,175.02088928222656
1,1.0,diff_s2_ow1,246,1729,0.022015154361724854,175.02088928222656
1,1.0,diff_s2_ow1,247,1736,0.022015154361724854,175.02088928222656
1,1.0,diff_s2_ow1,248,1743,0.022015154361724854,175.02088928222656
1,1.0,diff_s2_ow1,249,1750,0.022015154361724854,175.02088928222656
1,1.0,diff_s2_ow1,250,1757,0.022015154361724854,175.02088928222656
1,1.0,diff_s2_ow1,251,1764,0.022015154361724854,175.02088928222656
1,1.0,diff_s2_ow1,252,1771,0.022015154361724854,175.02088928222656
1,1.0,diff_s2_ow1,253,1778,0.022015154361724854,175.02088928222656
1,1.0,diff_s2_ow1,254,1785,0.022015154361724854,175.02088928222656
1,1.0,diff_s2_ow1,255,1792,0.022015154361724854,175.02088928222656
1,1.0,diff_s2_ow1,256,1799,0.022015154361724854,175.02088928222656
1,1.0,diff_s2_ow1,257,1806,0.022015154361724854,175.02088928222656
1,1.0,diff_s2_ow1,258,1813,0.022015154361724854,175.02088928222656
1,1.0,diff_s2_ow1,259,1820,0.022015154361724854,175.02088928222656
1,1.0,diff_s2_ow1,260,1827,0.022015154361724854,175.02088928222656
1,1.0,diff_s2_ow1,261,1834,0.022015154361724854,175.02088928222656
1,1.0,diff_s2_ow1,262,1841,0.022015154361724854,175.02088928222656
1,1.0,diff_s2_ow1,263,1848,0.022015154361724854,175.02088928222656
1,1.0,diff_s2_ow1,264,1855,0.022015154361724854,175.02088928222656
1,1.0,diff_s2_ow1,265,1862,0.022015154361724854,175.02088928222656
1,1.0,diff_s2_ow1,266,1869,0.022015154361724854,175.02088928222656
1,1.0,diff_s2_ow1,267,1876,0.022015154361724854,175.02088928222656
1,1.0,diff_s2_ow1,268,1883,0.022015154361724854,175.02088928222656
1,1.0,diff_s2_ow1,269,1890,0.022015154361724854,175.02088928222656
1,1.0,diff_s2_ow1,270,1897,0.022015154361724854,175.02088928222656
1,1.0,diff_s2_ow1,271,1904,0.022015154361724854,175.02088928222656
1,1.0,diff_s2_ow1,272,1911,0.022015154361724854,175.02088928222656
1,1.0,diff_s2_ow1,273,1918,0.022015154361724854,175.02088928222656
1,1.0,diff_s2_ow1,274,1925,0.022015154361724854,175.02088928222656
1,1.0,diff_s2_ow1,275,1932,0.022015154361724854,175.02088928222656
1,1.0,diff_s2_ow1,276,1939,0.022015154361724854,175.02088928222656
1,1.0,diff_s2_ow1,277,1946,0.022015154361724854,175.02088928222656
1,1.0,diff_s2_ow1,278,1953,0.022015154361724854,175.02088928222656
1,1.0,diff_s2_ow1,279,1960,0.022015154361724854,175.02088928222656
1,1.0,diff_s2_ow1,280,1967,0.022015154361724854,175.02088928222656
1,1.0,diff_s2_ow1,281,1974,0.022015154361724854,175.02088928222656
1,1.0,diff_s2_ow1,282,1981,0.022015154361724854,175.02088928222656
1,1.0,diff_s2_ow1,283,1988,0.022015154361724854,175.02088928222656
1,1.0,diff_s2_ow1,284,1995,0.022015154361724854,175.02088928222656
1,1.0,diff_s2_ow1,285,2002,0.022015154361724854,175.02088928222656
1,1.0,diff_s2_ow1,286,2009,0.022015154361724854,175.02088928222656
1,1.0,diff_s2_ow1,287,2016,0.022015154361724854,175.02088928222656
1,1.0,diff_s2_ow1,288,2023,0.022015154361724854,175.02088928222656
1,1.0,diff_s2_ow1,289,2030,0.022015154361724854,175.02088928222656
1,1.0,diff_s2_ow1,290,2037,0.022015154361724854,175.02088928222656
1,1.0,diff_s2_ow1,291,2044,0.022015154361724854,175.02088928222656
1,1.0,diff_s2_ow1,292,2051,0.022015154361724854,175.02088928222656
1,1.0,diff_s2_ow1,293,2058,0.022015154361724854,175.02088928222656
1,1.0,diff_s2_ow1,294,2065,0.022015154361724854,175.02088928222656
1,1.0,diff_s2_ow1,295,2072,0.022015154361724854,175.02088928222656
1,1.0,diff_s2_ow1,296,2079,0.022015154361724854,175.02088928222656
1,1.0,diff_s2_ow1,297,2086,0.022015154361724854,175.02088928222656
1,1.0,diff_s2_ow1,298,2093,0.022015154361724854,175.02088928222656
1,1.0,diff_s2_ow1,299,2100,0.022015154361724854,175.02088928222656
1,1.0,diff_s2_ow1,300,2107,0.022015154361724854,175.02088928222656
1,1.0,diff_s2_ow1,301,2114,0.022015154361724854,175.02088928222656
1,1.0,diff_s2_ow1,302,2121,0.022015154361724854,175.02088928222656
1,1.0,diff_s2_ow1,303,2128,0.022015154361724854,175.02088928222656
1,1.0,diff_s2_ow1,304,2135,0.022015154361724854,175.02088928222656
1,1.0,diff_s2_ow1,305,2142,0.022015154361724854,175.02088928222656
1,1.0,diff_s2_ow1,306,2149,0.022015154361724854,175.02088928222656
1,1.0,diff_s2_ow1,307,2156,0.022015154361724854,175.02088928222656
1,1.0,diff_s2_ow1,308,2163,0.022015154361724854,175.02088928222656
1,1.0,diff_s2_ow1,309,2170,0.022015154361724854,175.02088928222656
1,1.0,diff_s2_ow1,310,2177,0.022015154361724854,175.02088928222656
1,1.0,diff_s2_ow1,311,2184,0.022015154361724854,175.02088928222656
1,1.0,diff_s2_ow1,312,2191,0.022015154361724854,175.02088928222656
1,1.0,diff_s2_ow1,313,2198,0.022015154361724854,175.02088928222656
1,1.0,diff_s2_ow1,314,2205,0.022015154361724854,175.02088928222656
1,1.0,diff_s2_ow1,315,2212,0.022015154361724854,175.02088928222656
1,1.0,diff_s2_ow1,316,2219,0.022015154361724854,175.02088928222656
1,1.0,diff_s2_ow1,317,2226,0.022015154361724854,175.02088928222656
1,1.0,diff_s2_ow1,318,2233,0.022015154361724854,175.02088928222656
1,1.0,diff_s2_ow1,319,2240,0.022015154361724854,175.02088928222656
1,1.0,diff_s2_ow1,320,2247,0.022015154361724854,175.02088928222656
1,1.0,diff_s2_ow1,321,2254,0.022015154361724854,175.02088928222656
1,1.0,diff_s2_ow1,322,2261,0.022015154361724854,175.02088928222656
1,1.0,diff_s2_ow1,323,2268,0.022015154361724854,175.02088928222656
1,1.0,diff_s2_ow1,324,2275,0.022015154361724854,175.02088928222656
1,1.0,diff_s2_ow1,325,2282,0.022015154361724854,175.02088928222656
1,1.0,diff_s2_ow1,326,2289,0.022015154361724854,175.02088928222656
1,1.0,diff_s2_ow1,327,2296,0.022015154361724854,175.02088928222656
1,1.0,diff_s2_ow1,328,2303,0.022015154361724854,175.02088928222656
1,1.0,diff_s2_ow1,329,2310,0.022015154361724854,175.02088928222656
1,1.0,diff_s2_ow1,330,2317,0.022015154361724854,175.02088928222656
1,1.0,diff_s2_ow1,331,2324,0.022015154361724854,175.02088928222656
1,1.0,diff_s2_ow1,332,2331,0.022015154361724854,175.02088928222656
1,1.0,diff_s2_ow1,333,2338,0.022015154361724854,175.02088928222656
1,1.0,diff_s2_ow1,334,2345,0.022015154361724854,175.02088928222656
1,1.0,diff_s2_ow1,335,2352,0.022015154361724854,175.02088928222656
1,1.0,diff_s2_ow1,336,2359,0.022015154361724854,175.02088928222656
1,1.0,diff_s2_ow1,337,2366,0.022015154361724854,175.02088928222656
1,1.0,diff_s2_ow1,338,2373,0.022015154361724854,175.02088928222656
1,1.0,diff_s2_ow1,339,2380,0.022015154361724854,175.02088928222656
1,1.0,diff_s2_ow1,340,2387,0.022015154361724854,175.02088928222656
1,1.0,diff_s2_ow1,341,2394,0.022015154361724854,175.02088928222656
1,1.0,diff_s2_ow1,342,2401,0.022015154361724854,175.02088928222656
1,1.0,diff_s2_ow1,343,2408,0.022015154361724854,175.02088928222656
1,1.0,diff_s2_ow1,344,2415,0.022015154361724854,175.02088928222656
1,1.0,diff_s2_ow1,345,2422,0.022015154361724854,175.02088928222656
1,1.0,diff_s2_ow1,346,2429,0.022015154361724854,175.02088928222656
1,1.0,diff_s2_ow1,347,2436,0.022015154361724854,175.02088928222656
1,1.0,diff_s2_ow1,348,2443,0.022015154361724854,175.02088928222656
1,1.0,diff_s2_ow1,349,2450,0.022015154361724854,175.02088928222656
1,1.0,diff_s2_ow1,350,2457,0.022015154361724854,175.02088928222656
1,1.0,diff_s2_ow1,351,2464,0.022015154361724854,175.02088928222656
1,1.0,diff_s2_ow1,352,2471,0.022015154361724854,175.02088928222656
1,1.0,diff_s2_ow1,353,2478,0.022015154361724854,175.02088928222656
1,1.0,diff_s2_ow1,354,2485,0.022015154361724854,175.02088928222656
1,1.0,diff_s2_ow1,355,2492,0.022015154361724854,175.02088928222656
1,1.0,diff_s2_ow1,356,2499,0.022015154361724854,175.02088928222656
1,1.0,diff_s2_ow1,357,2506,0.022015154361724854,175.02088928222656
1,1.0,diff_s2_ow1,358,2513,0.022015154361724854,175.02088928222656
1,1.0,diff_s2_ow1,359,2520,0.022015154361724854,175.02088928222656
1,1.0,diff_s2_ow1,360,2527,0.022015154361724854,175.02088928222656
1,1.0,diff_s2_ow1,361,2534,0.022015154361724854,175.02088928222656
1,1.0,diff_s2_ow1,362,2541,0.022015154361724854,175.02088928222656
1,1.0,diff_s2_ow1,363,2548,0.022015154361724854,175.02088928222656
1,1.0,diff_s2_ow1,364,2555,0.022015154361724854,175.02088928222656
1,1.0,diff_s2_ow1,365,2562,0.022015154361724854,175.02088928222656
1,1.0,diff_s2_ow1,366,2569,0.022015154361724854,175.02088928222656
1,1.0,diff_s2_ow1,367,2576,0.022015154361724854,175.02088928222656
1,1.0,diff_s2_ow1,368,2583,0.022015154361724854,175.02088928222656
1,1.0,diff_s2_ow1,369,2590,0.022015154361724854,175.02088928222656
1,1.0,diff_s2_ow1,370,2597,0.022015154361724854,175.02088928222656
1,1.0,diff_s2_ow1,371,2604,0.022015154361724854,175.02088928222656
1,1.0,diff_s2_ow1,372,2611,0.022015154361724854,175.02088928222656
1,1.0,diff_s2_ow1,373,2618,0.022015154361724854,175.02088928222656
1,1.0,diff_s2_ow1,374,2625,0.022015154361724854,175.02088928222656
1,1.0,diff_s2_ow1,375,2632,0.022015154361724854,175.02088928222656
1,1.0,diff_s2_ow1,376,2639,0.022015154361724854,175.02088928222656
1,1.0,diff_s2_ow1,377,2646,0.022015154361724854,175.02088928222656
1,1.0,diff_s2_ow1,378,2653,0.022015154361724854,175.02088928222656
1,1.0,diff_s2_ow1,379,2660,0.022015154361724854,175.02088928222656
1,1.0,diff_s2_ow1,380,2667,0.022015154361724854,175.02088928222656
1,1.0,diff_s2_ow1,381,2674,0.022015154361724854,175.02088928222656
1,1.0,diff_s2_ow1,382,2681,0.022015154361724854,175.02088928222656
1,1.0,diff_s2_ow1,383,2688,0.022015154361724854,175.02088928222656
1,1.0,diff_s2_ow1,384,2695,0.022015154361724854,175.02088928222656
1,1.0,diff_s2_ow1,385,2702,0.022015154361724854,175.02088928222656
1,1.0,diff_s2_ow1,386,2709,0.022015154361724854,175.02088928222656
1,1.0,diff_s2_ow1,387,2716,0.022015154361724854,175.02088928222656
1,1.0,diff_s2_ow1,388,2723,0.022015154361724854,175.02088928222656
1,1.0,diff_s2_ow1,389,2730,0.022015154361724854,175.02088928222656
1,1.0,diff_s2_ow1,390,2737,0.022015154361724854,175.02088928222656
1,1.0,diff_s2_ow1,391,2744,0.022015154361724854,175.02088928222656
1,1.0,diff_s2_ow1,392,2751,0.022015154361724854,175.02088928222656
1,1.0,diff_s2_ow1,393,2758,0.022015154361724854,175.02088928222656
1,1.0,diff_s2_ow1,394,2765,0.022015154361724854,175.02088928222656
1,1.0,diff_s2_ow1,395,2772,0.022015154361724854,175.02088928222656
1,1.0,diff_s2_ow1,396,2779,0.022015154361724854,175.02088928222656
1,1.0,diff_s2_ow1,397,2786,0.022015154361724854,175.02088928222656
1,1.0,diff_s2_ow1,398,2793,0.022015154361724854,175.02088928222656
1,1.0,diff_s2_ow1,399,2800,0.022015154361724854,175.02088928222656
1,1.0,diff_s2_ow1,400,2807,0.022015154361724854,175.02088928222656
1,1.0,diff_s2_ow1,401,2814,0.022015154361724854,175.02088928222656
1,1.0,diff_s2_ow1,402,2821,0.022015154361724854,175.02088928222656
1,1.0,diff_s2_ow1,403,2828,0.022015154361724854,175.02088928222656
1,1.0,diff_s2_ow1,404,2835,0.022015154361724854,175.02088928222656
1,1.0,diff_s2_ow1,405,2842,0.022015154361724854,175.02088928222656
1,1.0,diff_s2_ow1,406,2849,0.022015154361724854,175.02088928222656
1,1.0,diff_s2_ow1,407,2856,0.022015154361724854,175.02088928222656
1,1.0,diff_s2_ow1,408,2863,0.022015154361724854,175.02088928222656
1,1.0,diff_s2_ow1,409,2870,0.022015154361724854,175.02088928222656
1,1.0,diff_s2_ow1,410,2877,0.022015154361724854,175.02088928222656
1,1.0,diff_s2_ow1,411,2884,0.022015154361724854,175.02088928222656
1,1.0,diff_s2_ow1,412,2891,0.022015154361724854,175.02088928222656
1,1.0,diff_s2_ow1,413,2898,0.022015154361724854,175.02088928222656
1,1.0,diff_s2_ow1,414,2905,0.022015154361724854,175.02088928222656
1,1.0,diff_s2_ow1,415,2912,0.022015154361724854,175.02088928222656
1,1.0,diff_s2_ow1,416,2919,0.022015154361724854,175.02088928222656
1,1.0,diff_s2_ow1,417,2926,0.022015154361724854,175.02088928222656
1,1.0,diff_s2_ow1,418,2933,0.022015154361724854,175.02088928222656
1,1.0,diff_s2_ow1,419,2940,0.022015154361724854,175.02088928222656
1,1.0,diff_s2_ow1,420,2947,0.022015154361724854,175.02088928222656
1,1.0,diff_s2_ow1,421,2954,0.022015154361724854,175.02088928222656
1,1.0,diff_s2_ow1,422,2961,0.022015154361724854,175.02088928222656
1,1.0,diff_s2_ow1,423,2968,0.022015154361724854,175.02088928222656
1,1.0,diff_s2_ow1,424,2975,0.022015154361724854,175.02088928222656
1,1.0,diff_s2_ow1,425,2982,0.022015154361724854,175.02088928222656
1,1.0,diff_s2_ow1,426,2989,0.022015154361724854,175.02088928222656
1,1.0,diff_s2_ow1,427,2996,0.022015154361724854,175.02088928222656
1,1.0,diff_s2_ow1,428,3003,0.022015154361724854,175.02088928222656
1,1.0,diff_s2_ow1,429,3010,0.022015154361724854,175.02088928222656
1,1.0,diff_s2_ow1,430,3017,0.022015154361724854,175.02088928222656
1,1.0,diff_s2_ow1,431,3024,0.022015154361724854,175.02088928222656
1,1.0,diff_s2_ow1,432,3031,0.022015154361724854,175.02088928222656
1,1.0,diff_s2_ow1,433,3038,0.022015154361724854,175.02088928222656
1,1.0,diff_s2_ow1,434,3045,0.022015154361724854,175.02088928222656
1,1.0,diff_s2_ow1,435,3052,0.022015154361724854,175.02088928222656
1,1.0,diff_s2_ow1,436,3059,0.022015154361724854,175.02088928222656
1,1.0,diff_s2_ow1,437,3066,0.022015154361724854,175.02088928222656
1,1.0,diff_s2_ow1,438,3073,0.022015154361724854,175.02088928222656
1,1.0,diff_s2_ow1,439,3080,0.022015154361724854,175.02088928222656
1,1.0,diff_s2_ow1,440,3087,0.022015154361724854,175.02088928222656
1,1.0,diff_s2_ow1,441,3094,0.022015154361724854,175.02088928222656
1,1.0,diff_s2_ow1,442,3101,0.022015154361724854,175.02088928222656
1,1.0,diff_s2_ow1,443,3108,0.022015154361724854,175.02088928222656
1,1.0,diff_s2_ow1,444,3115,0.022015154361724854,175.02088928222656
1,1.0,diff_s2_ow1,445,3122,0.022015154361724854,175.02088928222656
1,1.0,diff_s2_ow1,446,3129,0.022015154361724854,175.02088928222656
1,1.0,diff_s2_ow1,447,3136,0.022015154361724854,175.02088928222656
1,1.0,diff_s2_ow1,448,3143,0.022015154361724854,175.02088928222656
1,1.0,diff_s2_ow1,449,3150,0.022015154361724854,175.02088928222656
1,1.0,diff_s2_ow1,450,3157,0.022015154361724854,175.02088928222656
1,1.0,diff_s2_ow1,451,3164,0.022015154361724854,175.02088928222656
1,1.0,diff_s2_ow1,452,3171,0.022015154361724854,175.02088928222656
1,1.0,diff_s2_ow1,453,3178,0.022015154361724854,175.02088928222656
1,1.0,diff_s2_ow1,454,3185,0.022015154361724854,175.02088928222656
1,1.0,diff_s2_ow1,455,3192,0.022015154361724854,175.02088928222656
1,1.0,diff_s2_ow1,456,3199,0.022015154361724854,175.02088928222656
1,1.0,diff_s2_ow1,457,3206,0.022015154361724854,175.02088928222656
1,1.0,diff_s2_ow1,458,3213,0.022015154361724854,175.02088928222656
1,1.0,diff_s2_ow1,459,3220,0.022015154361724854,175.02088928222656
1,1.0,diff_s2_ow1,460,3227,0.022015154361724854,175.02088928222656
1,1.0,diff_s2_ow1,461,3234,0.022015154361724854,175.02088928222656
1,1.0,diff_s2_ow1,462,3241,0.022015154361724854,175.02088928222656
1,1.0,diff_s2_ow1,463,3248,0.022015154361724854,175.02088928222656
1,1.0,diff_s2_ow1,464,3255,0.022015154361724854,175.02088928222656
1,1.0,diff_s2_ow1,465,3262,0.022015154361724854,175.02088928222656
1,1.0,diff_s2_ow1,466,3269,0.022015154361724854,175.02088928222656
1,1.0,diff_s2_ow1,467,3276,0.022015154361724854,175.02088928222656
1,1.0,diff_s2_ow1,468,3283,0.022015154361724854,175.02088928222656
1,1.0,diff_s2_ow1,469,3290,0.022015154361724854,175.02088928222656
1,1.0,diff_s2_ow1,470,3297,0.022015154361724854,175.02088928222656
1,1.0,diff_s2_ow1,471,3304,0.022015154361724854,175.02088928222656
1,1.0,diff_s2_ow1,472,3311,0.022015154361724854,175.02088928222656
1,1.0,diff_s2_ow1,473,3318,0.022015154361724854,175.02088928222656
1,1.0,diff_s2_ow1,474,3325,0.022015154361724854,175.02088928222656
1,1.0,diff_s2_ow1,475,3332,0.022015154361724854,175.02088928222656
1,1.0,diff_s2_ow1,476,3339,0.022015154361724854,175.02088928222656
1,1.0,diff_s2_ow1,477,3346,0.022015154361724854,175.02088928222656
1,1.0,diff_s2_ow1,478,3353,0.022015154361724854,175.02088928222656
1,1.0,diff_s2_ow1,479,3360,0.022015154361724854,175.02088928222656
1,1.0,diff_s2_ow1,480,3367,0.022015154361724854,175.02088928222656
1,1.0,diff_s2_ow1,481,3374,0.022015154361724854,175.02088928222656
1,1.0,diff_s2_ow1,482,3381,0.022015154361724854,175.02088928222656
1,1.0,diff_s2_ow1,483,3388,0.022015154361724854,175.02088928222656
1,1.0,diff_s2_ow1,484,3395,0.022015154361724854,175.02088928222656
1,1.0,diff_s2_ow1,485,3402,0.022015154361724854,175.02088928222656
1,1.0,diff_s2_ow1,486,3409,0.022015154361724854,175.02088928222656
1,1.0,diff_s2_ow1,487,3416,0.022015154361724854,175.02088928222656
1,1.0,diff_s2_ow1,488,3423,0.022015154361724854,175.02088928222656
1,1.0,diff_s2_ow1,489,3430,0.022015154361724854,175.02088928222656
1,1.0,diff_s2_ow1,490,3437,0.022015154361724854,175.02088928222656
1,1.0,diff_s2_ow1,491,3444,0.022015154361724854,175.02088928222656
1,1.0,diff_s2_ow1,492,3451,0.022015154361724854,175.02088928222656
1,1.0,diff_s2_ow1,493,3458,0.022015154361724854,175.02088928222656
1,1.0,diff_s2_ow1,494,3465,0.022015154361724854,175.02088928222656
1,1.0,diff_s2_ow1,495,3472,0.022015154361724854,175.02088928222656
1,1.0,diff_s2_ow1,496,3479,0.022015154361724854,175.02088928222656
1,1.0,diff_s2_ow1,497,3486,0.022015154361724854,175.02088928222656
1,1.0,diff_s2_ow1,498,3493,0.022015154361724854,175.02088928222656
1,1.0,diff_s2_ow1,499,3500,0.022015154361724854,175.02088928222656
1,2.0,hard,0,7,0.001985111662531014,164.3519744873047
1,2.0,hard,1,14,0.0024999999999999467,164.92727661132812
1,2.0,hard,2,21,0.0024999999999999467,164.92727661132812
1,2.0,hard,3,28,0.0024999999999999467,164.92727661132812
1,2.0,hard,4,35,0.0024999999999999467,164.92727661132812
1,2.0,hard,5,42,0.0024999999999999467,164.92727661132812
1,2.0,hard,6,49,0.0024999999999999467,164.92727661132812
1,2.0,hard,7,56,0.0024999999999999467,164.92727661132812
1,2.0,hard,8,63,0.0024999999999999467,164.92727661132812
1,2.0,hard,9,70,0.0024999999999999467,164.92727661132812
1,2.0,hard,10,77,0.0024999999999999467,164.92727661132812
1,2.0,hard,11,84,0.0024999999999999467,164.92727661132812
1,2.0,hard,12,91,0.0024999999999999467,164.92727661132812
1,2.0,hard,13,98,0.0024999999999999467,164.92727661132812
1,2.0,hard,14,105,0.00512820512820511,144.6107177734375
1,2.0,hard,15,112,0.00512820512820511,144.6107177734375
1,2.0,hard,16,119,0.00512820512820511,144.6107177734375
1,2.0,hard,17,126,0.00512820512820511,144.6107177734375
1,2.0,hard,18,133,0.00512820512820511,144.6107177734375
1,2.0,hard,19,140,0.00512820512820511,144.6107177734375
1,2.0,hard,20,147,0.00512820512820511,144.6107177734375
1,2.0,hard,21,154,0.00512820512820511,144.6107177734375
1,2.0,hard,22,161,0.00512820512820511,144.6107177734375
1,2.0,hard,23,168,0.00512820512820511,144.6107177734375
1,2.0,hard,24,175,0.00512820512820511,144.6107177734375
1,2.0,hard,25,182,0.00512820512820511,144.6107177734375
1,2.0,hard,26,189,0.00512820512820511,144.6107177734375
1,2.0,hard,27,196,0.00512820512820511,144.6107177734375
1,2.0,hard,28,203,0.00512820512820511,144.6107177734375
1,2.0,hard,29,210,0.00512820512820511,144.6107177734375
1,2.0,hard,30,217,0.00512820512820511,144.6107177734375
1,2.0,hard,31,224,0.00512820512820511,144.6107177734375
1,2.0,hard,32,231,0.00512820512820511,144.6107177734375
1,2.0,hard,33,238,0.00512820512820511,144.6107177734375
1,2.0,hard,34,245,0.00512820512820511,144.6107177734375
1,2.0,hard,35,252,0.00512820512820511,144.6107177734375
1,2.0,hard,36,259,0.00512820512820511,144.6107177734375
1,2.0,hard,37,266,0.00512820512820511,144.6107177734375
1,2.0,hard,38,273,0.00512820512820511,144.6107177734375
1,2.0,hard,39,280,0.00512820512820511,144.6107177734375
1,2.0,hard,40,287,0.00512820512820511,144.6107177734375
1,2.0,hard,41,294,0.00512820512820511,144.6107177734375
1,2.0,hard,42,301,0.00512820512820511,144.6107177734375
1,2.0,hard,43,308,0.00512820512820511,144.6107177734375
1,2.0,hard,44,315,0.00512820512820511,144.6107177734375
1,2.0,hard,45,322,0.00512820512820511,144.6107177734375
1,2.0,hard,46,329,0.00512820512820511,144.6107177734375
1,2.0,hard,47,336,0.00512820512820511,144.6107177734375
1,2.0,hard,48,343,0.00512820512820511,144.6107177734375
1,2.0,hard,49,350,0.00512820512820511,144.6107177734375
1,2.0,hard,50,357,0.00512820512820511,144.6107177734375
1,2.0,hard,51,364,0.00512820512820511,144.6107177734375
1,2.0,hard,52,371,0.00512820512820511,144.6107177734375
1,2.0,hard,53,378,0.00512820512820511,144.6107177734375
1,2.0,hard,54,385,0.00512820512820511,144.6107177734375
1,2.0,hard,55,392,0.00512820512820511,144.6107177734375
1,2.0,hard,56,399,0.00512820512820511,144.6107177734375
1,2.0,hard,57,406,0.00512820512820511,144.6107177734375
1,2.0,hard,58,413,0.00512820512820511,144.6107177734375
1,2.0,hard,59,420,0.00512820512820511,144.6107177734375
1,2.0,hard,60,427,0.00512820512820511,144.6107177734375
1,2.0,hard,61,434,0.00512820512820511,144.6107177734375
1,2.0,hard,62,441,0.00512820512820511,144.6107177734375
1,2.0,hard,63,448,0.00512820512820511,144.6107177734375
1,2.0,hard,64,455,0.00512820512820511,144.6107177734375
1,2.0,hard,65,462,0.00512820512820511,144.6107177734375
1,2.0,hard,66,469,0.00512820512820511,144.6107177734375
1,2.0,hard,67,476,0.00512820512820511,144.6107177734375
1,2.0,hard,68,483,0.00512820512820511,144.6107177734375
1,2.0,hard,69,490,0.00512820512820511,144.6107177734375
1,2.0,hard,70,497,0.00512820512820511,144.6107177734375
1,2.0,hard,71,504,0.00512820512820511,144.6107177734375
1,2.0,hard,72,511,0.00512820512820511,144.6107177734375
1,2.0,hard,73,518,0.00512820512820511,144.6107177734375
1,2.0,hard,74,525,0.00512820512820511,144.6107177734375
1,2.0,hard,75,532,0.00512820512820511,144.6107177734375
1,2.0,hard,76,539,0.00512820512820511,144.6107177734375
1,2.0,hard,77,546,0.00512820512820511,144.6107177734375
1,2.0,hard,78,553,0.00512820512820511,144.6107177734375
1,2.0,hard,79,560,0.00512820512820511,144.6107177734375
1,2.0,hard,80,567,0.00512820512820511,144.6107177734375
1,2.0,hard,81,574,0.00512820512820511,144.6107177734375
1,2.0,hard,82,581,0.00512820512820511,144.6107177734375
1,2.0,hard,83,588,0.00512820512820511,144.6107177734375
1,2.0,hard,84,595,0.00512820512820511,144.6107177734375
1,2.0,hard,85,602,0.00512820512820511,144.6107177734375
1,2.0,hard,86,609,0.00512820512820511,144.6107177734375
1,2.0,hard,87,616,0.00512820512820511,144.6107177734375
1,2.0,hard,88,623,0.00512820512820511,144.6107177734375
1,2.0,hard,89,630,0.00512820512820511,144.6107177734375
1,2.0,hard,90,637,0.00512820512820511,144.6107177734375
1,2.0,hard,91,644,0.00512820512820511,144.6107177734375
1,2.0,hard,92,651,0.00512820512820511,144.6107177734375
1,2.0,hard,93,658,0.00512820512820511,144.6107177734375
1,2.0,hard,94,665,0.00512820512820511,144.6107177734375
1,2.0,hard,95,672,0.00512820512820511,144.6107177734375
1,2.0,hard,96,679,0.00512820512820511,144.6107177734375
1,2.0,hard,97,686,0.00512820512820511,144.6107177734375
1,2.0,hard,98,693,0.00512820512820511,144.6107177734375
1,2.0,hard,99,700,0.00512820512820511,144.6107177734375
1,2.0,hard,100,707,0.00512820512820511,144.6107177734375
1,2.0,hard,101,714,0.00512820512820511,144.6107177734375
1,2.0,hard,102,721,0.00512820512820511,144.6107177734375
1,2.0,hard,103,728,0.00512820512820511,144.6107177734375
1,2.0,hard,104,735,0.00512820512820511,144.6107177734375
1,2.0,hard,105,742,0.00512820512820511,144.6107177734375
1,2.0,hard,106,749,0.00512820512820511,144.6107177734375
1,2.0,hard,107,756,0.00512820512820511,144.6107177734375
1,2.0,hard,108,763,0.00512820512820511,144.6107177734375
1,2.0,hard,109,770,0.00512820512820511,144.6107177734375
1,2.0,hard,110,777,0.00512820512820511,144.6107177734375
1,2.0,hard,111,784,0.00512820512820511,144.6107177734375
1,2.0,hard,112,791,0.00512820512820511,144.6107177734375
1,2.0,hard,113,798,0.00512820512820511,144.6107177734375
1,2.0,hard,114,805,0.00512820512820511,144.6107177734375
1,2.0,hard,115,812,0.00512820512820511,144.6107177734375
1,2.0,hard,116,819,0.00512820512820511,144.6107177734375
1,2.0,hard,117,826,0.00512820512820511,144.6107177734375
1,2.0,hard,118,833,0.00512820512820511,144.6107177734375
1,2.0,hard,119,840,0.00512820512820511,144.6107177734375
1,2.0,hard,120,847,0.00512820512820511,144.6107177734375
1,2.0,hard,121,854,0.00512820512820511,144.6107177734375
1,2.0,hard,122,861,0.00512820512820511,144.6107177734375
1,2.0,hard,123,868,0.00512820512820511,144.6107177734375
1,2.0,hard,124,875,0.00512820512820511,144.6107177734375
1,2.0,hard,125,882,0.00512820512820511,144.6107177734375
1,2.0,hard,126,889,0.00512820512820511,144.6107177734375
1,2.0,hard,127,896,0.00512820512820511,144.6107177734375
1,2.0,hard,128,903,0.00512820512820511,144.6107177734375
1,2.0,hard,129,910,0.00512820512820511,144.6107177734375
1,2.0,hard,130,917,0.00512820512820511,144.6107177734375
1,2.0,hard,131,924,0.00512820512820511,144.6107177734375
1,2.0,hard,132,931,0.00512820512820511,144.6107177734375
1,2.0,hard,133,938,0.00512820512820511,144.6107177734375
1,2.0,hard,134,945,0.00512820512820511,144.6107177734375
1,2.0,hard,135,952,0.00512820512820511,144.6107177734375
1,2.0,hard,136,959,0.00512820512820511,144.6107177734375
1,2.0,hard,137,966,0.00512820512820511,144.6107177734375
1,2.0,hard,138,973,0.00512820512820511,144.6107177734375
1,2.0,hard,139,980,0.00512820512820511,144.6107177734375
1,2.0,hard,140,987,0.00512820512820511,144.6107177734375
1,2.0,hard,141,994,0.00512820512820511,144.6107177734375
1,2.0,hard,142,1001,0.00512820512820511,144.6107177734375
1,2.0,hard,143,1008,0.00512820512820511,144.6107177734375
1,2.0,hard,144,1015,0.00512820512820511,144.6107177734375
1,2.0,hard,145,1022,0.00512820512820511,144.6107177734375
1,2.0,hard,146,1029,0.00512820512820511,144.6107177734375
1,2.0,hard,147,1036,0.00512820512820511,144.6107177734375
1,2.0,hard,148,1043,0.00512820512820511,144.6107177734375
1,2.0,hard,149,1050,0.00512820512820511,144.6107177734375
1,2.0,hard,150,1057,0.00512820512820511,144.6107177734375
1,2.0,hard,151,1064,0.00512820512820511,144.6107177734375
1,2.0,hard,152,1071,0.00512820512820511,144.6107177734375
1,2.0,hard,153,1078,0.00512820512820511,144.6107177734375
1,2.0,hard,154,1085,0.00512820512820511,144.6107177734375
1,2.0,hard,155,1092,0.00512820512820511,144.6107177734375
1,2.0,hard,156,1099,0.00512820512820511,144.6107177734375
1,2.0,hard,157,1106,0.00512820512820511,144.6107177734375
1,2.0,hard,158,1113,0.00512820512820511,144.6107177734375
1,2.0,hard,159,1120,0.00512820512820511,144.6107177734375
1,2.0,hard,160,1127,0.00512820512820511,144.6107177734375
1,2.0,hard,161,1134,0.00512820512820511,144.6107177734375
1,2.0,hard,162,1141,0.00512820512820511,144.6107177734375
1,2.0,hard,163,1148,0.00512820512820511,144.6107177734375
1,2.0,hard,164,1155,0.00512820512820511,144.6107177734375
1,2.0,hard,165,1162,0.00512820512820511,144.6107177734375
1,2.0,hard,166,1169,0.00512820512820511,144.6107177734375
1,2.0,hard,167,1176,0.00512820512820511,144.6107177734375
1,2.0,hard,168,1183,0.00512820512820511,144.6107177734375
1,2.0,hard,169,1190,0.00512820512820511,144.6107177734375
1,2.0,hard,170,1197,0.00512820512820511,144.6107177734375
1,2.0,hard,171,1204,0.00512820512820511,144.6107177734375
1,2.0,hard,172,1211,0.00512820512820511,144.6107177734375
1,2.0,hard,173,1218,0.00512820512820511,144.6107177734375
1,2.0,hard,174,1225,0.00512820512820511,144.6107177734375
1,2.0,hard,175,1232,0.00512820512820511,144.6107177734375
1,2.0,hard,176,1239,0.00512820512820511,144.6107177734375
1,2.0,hard,177,1246,0.00512820512820511,144.6107177734375
1,2.0,hard,178,1253,0.00512820512820511,144.6107177734375
1,2.0,hard,179,1260,0.00512820512820511,144.6107177734375
1,2.0,hard,180,1267,0.00512820512820511,144.6107177734375
1,2.0,hard,181,1274,0.00512820512820511,144.6107177734375
1,2.0,hard,182,1281,0.00512820512820511,144.6107177734375
1,2.0,hard,183,1288,0.00512820512820511,144.6107177734375
1,2.0,hard,184,1295,0.00512820512820511,144.6107177734375
1,2.0,hard,185,1302,0.00512820512820511,144.6107177734375
1,2.0,hard,186,1309,0.00512820512820511,144.6107177734375
1,2.0,hard,187,1316,0.00512820512820511,144.6107177734375
1,2.0,hard,188,1323,0.00512820512820511,144.6107177734375
1,2.0,hard,189,1330,0.00512820512820511,144.6107177734375
1,2.0,hard,190,1337,0.00512820512820511,144.6107177734375
1,2.0,hard,191,1344,0.00512820512820511,144.6107177734375
1,2.0,hard,192,1351,0.00512820512820511,144.6107177734375
1,2.0,hard,193,1358,0.00512820512820511,144.6107177734375
1,2.0,hard,194,1365,0.00512820512820511,144.6107177734375
1,2.0,hard,195,1372,0.00512820512820511,144.6107177734375
1,2.0,hard,196,1379,0.00512820512820511,144.6107177734375
1,2.0,hard,197,1386,0.00512820512820511,144.6107177734375
1,2.0,hard,198,1393,0.00512820512820511,144.6107177734375
1,2.0,hard,199,1400,0.00512820512820511,144.6107177734375
1,2.0,hard,200,1407,0.00512820512820511,144.6107177734375
1,2.0,hard,201,1414,0.00512820512820511,144.6107177734375
1,2.0,hard,202,1421,0.00512820512820511,144.6107177734375
1,2.0,hard,203,1428,0.00512820512820511,144.6107177734375
1,2.0,hard,204,1435,0.00512820512820511,144.6107177734375
1,2.0,hard,205,1442,0.00512820512820511,144.6107177734375
1,2.0,hard,206,1449,0.00512820512820511,144.6107177734375
1,2.0,hard,207,1456,0.00512820512820511,144.6107177734375
1,2.0,hard,208,1463,0.00512820512820511,144.6107177734375
1,2.0,hard,209,1470,0.00512820512820511,144.6107177734375
1,2.0,hard,210,1477,0.00512820512820511,144.6107177734375
1,2.0,hard,211,1484,0.00512820512820511,144.6107177734375
1,2.0,hard,212,1491,0.00512820512820511,144.6107177734375
1,2.0,hard,213,1498,0.00512820512820511,144.6107177734375
1,2.0,hard,214,1505,0.00512820512820511,144.6107177734375
1,2.0,hard,215,1512,0.00512820512820511,144.6107177734375
1,2.0,hard,216,1519,0.00512820512820511,144.6107177734375
1,2.0,hard,217,1526,0.00512820512820511,144.6107177734375
1,2.0,hard,218,1533,0.00512820512820511,144.6107177734375
1,2.0,hard,219,1540,0.00512820512820511,144.6107177734375
1,2.0,hard,220,1547,0.00512820512820511,144.6107177734375
1,2.0,hard,221,1554,0.00512820512820511,144.6107177734375
1,2.0,hard,222,1561,0.00512820512820511,144.6107177734375
1,2.0,hard,223,1568,0.00512820512820511,144.6107177734375
1,2.0,hard,224,1575,0.00512820512820511,144.6107177734375
1,2.0,hard,225,1582,0.00512820512820511,144.6107177734375
1,2.0,hard,226,1589,0.00512820512820511,144.6107177734375
1,2.0,hard,227,1596,0.00512820512820511,144.6107177734375
1,2.0,hard,228,1603,0.00512820512820511,144.6107177734375
1,2.0,hard,229,1610,0.00512820512820511,144.6107177734375
1,2.0,hard,230,1617,0.00512820512820511,144.6107177734375
1,2.0,hard,231,1624,0.00512820512820511,144.6107177734375
1,2.0,hard,232,1631,0.00512820512820511,144.6107177734375
1,2.0,hard,233,1638,0.00512820512820511,144.6107177734375
1,2.0,hard,234,1645,0.00512820512820511,144.6107177734375
1,2.0,hard,235,1652,0.00512820512820511,144.6107177734375
1,2.0,hard,236,1659,0.00512820512820511,144.6107177734375
1,2.0,hard,237,1666,0.00512820512820511,144.6107177734375
1,2.0,hard,238,1673,0.00512820512820511,144.6107177734375
1,2.0,hard,239,1680,0.00512820512820511,144.6107177734375
1,2.0,hard,240,1687,0.00512820512820511,144.6107177734375
1,2.0,hard,241,1694,0.00512820512820511,144.6107177734375
1,2.0,hard,242,1701,0.00512820512820511,144.6107177734375
1,2.0,hard,243,1708,0.00512820512820511,144.6107177734375
1,2.0,hard,244,1715,0.00512820512820511,144.6107177734375
1,2.0,hard,245,1722,0.00512820512820511,144.6107177734375
1,2.0,hard,246,1729,0.00512820512820511,144.6107177734375
1,2.0,hard,247,1736,0.00512820512820511,144.6107177734375
1,2.0,hard,248,1743,0.00512820512820511,144.6107177734375
1,2.0,hard,249,1750,0.00512820512820511,144.6107177734375
1,2.0,hard,250,1757,0.00512820512820511,144.6107177734375
1,2.0,hard,251,1764,0.00512820512820511,144.6107177734375
1,2.0,hard,252,1771,0.00512820512820511,144.6107177734375
1,2.0,hard,253,1778,0.00512820512820511,144.6107177734375
1,2.0,hard,254,1785,0.00512820512820511,144.6107177734375
1,2.0,hard,255,1792,0.00512820512820511,144.6107177734375
1,2.0,hard,256,1799,0.00512820512820511,144.6107177734375
1,2.0,hard,257,1806,0.00512820512820511,144.6107177734375
1,2.0,hard,258,1813,0.00512820512820511,144.6107177734375
1,2.0,hard,259,1820,0.00512820512820511,144.6107177734375
1,2.0,hard,260,1827,0.00512820512820511,144.6107177734375
1,2.0,hard,261,1834,0.00512820512820511,144.6107177734375
1,2.0,hard,262,1841,0.00512820512820511,144.6107177734375
1,2.0,hard,263,1848,0.00512820512820511,144.6107177734375
1,2.0,hard,264,1855,0.00512820512820511,144.6107177734375
1,2.0,hard,265,1862,0.00512820512820511,144.6107177734375
1,2.0,hard,266,1869,0.00512820512820511,144.6107177734375
1,2.0,hard,267,1876,0.00512820512820511,144.6107177734375
1,2.0,hard,268,1883,0.00512820512820511,144.6107177734375
1,2.0,hard,269,1890,0.00512820512820511,144.6107177734375
1,2.0,hard,270,1897,0.00512820512820511,144.6107177734375
1,2.0,hard,271,1904,0.00512820512820511,144.6107177734375
1,2.0,hard,272,1911,0.00512820512820511,144.6107177734375
1,2.0,hard,273,1918,0.00512820512820511,144.6107177734375
1,2.0,hard,274,1925,0.00512820512820511,144.6107177734375
1,2.0,hard,275,1932,0.00512820512820511,144.6107177734375
1,2.0,hard,276,1939,0.00512820512820511,144.6107177734375
1,2.0,hard,277,1946,0.00512820512820511,144.6107177734375
1,2.0,hard,278,1953,0.00512820512820511,144.6107177734375
1,2.0,hard,279,1960,0.00512820512820511,144.6107177734375
1,2.0,hard,280,1967,0.00512820512820511,144.6107177734375
1,2.0,hard,281,1974,0.00512820512820511,144.6107177734375
1,2.0,hard,282,1981,0.00512820512820511,144.6107177734375
1,2.0,hard,283,1988,0.00512820512820511,144.6107177734375
1,2.0,hard,284,1995,0.00512820512820511,144.6107177734375
1,2.0,hard,285,2002,0.00512820512820511,144.6107177734375
1,2.0,hard,286,2009,0.00512820512820511,144.6107177734375
1,2.0,hard,287,2016,0.00512820512820511,144.6107177734375
1,2.0,hard,288,2023,0.00512820512820511,144.6107177734375
1,2.0,hard,289,2030,0.00512820512820511,144.6107177734375
1,2.0,hard,290,2037,0.00512820512820511,144.6107177734375
1,2.0,hard,291,2044,0.00512820512820511,144.6107177734375
1,2.0,hard,292,2051,0.00512820512820511,144.6107177734375
1,2.0,hard,293,2058,0.00512820512820511,144.6107177734375
1,2.0,hard,294,2065,0.00512820512820511,144.6107177734375
1,2.0,hard,295,2072,0.00512820512820511,144.6107177734375
1,2.0,hard,296,2079,0.00512820512820511,144.6107177734375
1,2.0,hard,297,2086,0.00512820512820511,144.6107177734375
1,2.0,hard,298,2093,0.00512820512820511,144.6107177734375
1,2.0,hard,299,2100,0.00512820512820511,144.6107177734375
1,2.0,hard,300,2107,0.00512820512820511,144.6107177734375
1,2.0,hard,301,2114,0.00512820512820511,144.6107177734375
1,2.0,hard,302,2121,0.00512820512820511,144.6107177734375
1,2.0,hard,303,2128,0.00512820512820511,144.6107177734375
1,2.0,hard,304,2135,0.00512820512820511,144.6107177734375
1,2.0,hard,305,2142,0.00512820512820511,144.6107177734375
1,2.0,hard,306,2149,0.00512820512820511,144.6107177734375
1,2.0,hard,307,2156,0.00512820512820511,144.6107177734375
1,2.0,hard,308,2163,0.00512820512820511,144.6107177734375
1,2.0,hard,309,2170,0.00512820512820511,144.6107177734375
1,2.0,hard,310,2177,0.00512820512820511,144.6107177734375
1,2.0,hard,311,2184,0.00512820512820511,144.6107177734375
1,2.0,hard,312,2191,0.00512820512820511,144.6107177734375
1,2.0,hard,313,2198,0.00512820512820511,144.6107177734375
1,2.0,hard,314,2205,0.00512820512820511,144.6107177734375
1,2.0,hard,315,2212,0.00512820512820511,144.6107177734375
1,2.0,hard,316,2219,0.00512820512820511,144.6107177734375
1,2.0,hard,317,2226,0.00512820512820511,144.6107177734375
1,2.0,hard,318,2233,0.00512820512820511,144.6107177734375
1,2.0,hard,319,2240,0.00512820512820511,144.6107177734375
1,2.0,hard,320,2247,0.00512820512820511,144.6107177734375
1,2.0,hard,321,2254,0.00512820512820511,144.6107177734375
1,2.0,hard,322,2261,0.00512820512820511,144.6107177734375
1,2.0,hard,323,2268,0.00512820512820511,144.6107177734375
1,2.0,hard,324,2275,0.00512820512820511,144.6107177734375
1,2.0,hard,325,2282,0.00512820512820511,144.6107177734375
1,2.0,hard,326,2289,0.00512820512820511,144.6107177734375
1,2.0,hard,327,2296,0.00512820512820511,144.6107177734375
1,2.0,hard,328,2303,0.00512820512820511,144.6107177734375
1,2.0,hard,329,2310,0.00512820512820511,144.6107177734375
1,2.0,hard,330,2317,0.00512820512820511,144.6107177734375
1,2.0,hard,331,2324,0.00512820512820511,144.6107177734375
1,2.0,hard,332,2331,0.00512820512820511,144.6107177734375
1,2.0,hard,333,2338,0.00512820512820511,144.6107177734375
1,2.0,hard,334,2345,0.00512820512820511,144.6107177734375
1,2.0,hard,335,2352,0.00512820512820511,144.6107177734375
1,2.0,hard,336,2359,0.00512820512820511,144.6107177734375
1,2.0,hard,337,2366,0.00512820512820511,144.6107177734375
1,2.0,hard,338,2373,0.00512820512820511,144.6107177734375
1,2.0,hard,339,2380,0.00512820512820511,144.6107177734375
1,2.0,hard,340,2387,0.00512820512820511,144.6107177734375
1,2.0,hard,341,2394,0.00512820512820511,144.6107177734375
1,2.0,hard,342,2401,0.00512820512820511,144.6107177734375
1,2.0,hard,343,2408,0.00512820512820511,144.6107177734375
1,2.0,hard,344,2415,0.00512820512820511,144.6107177734375
1,2.0,hard,345,2422,0.00512820512820511,144.6107177734375
1,2.0,hard,346,2429,0.00512820512820511,144.6107177734375
1,2.0,hard,347,2436,0.00512820512820511,144.6107177734375
1,2.0,hard,348,2443,0.00512820512820511,144.6107177734375
1,2.0,hard,349,2450,0.00512820512820511,144.6107177734375
1,2.0,hard,350,2457,0.00512820512820511,144.6107177734375
1,2.0,hard,351,2464,0.00512820512820511,144.6107177734375
1,2.0,hard,352,2471,0.00512820512820511,144.6107177734375
1,2.0,hard,353,2478,0.00512820512820511,144.6107177734375
1,2.0,hard,354,2485,0.00512820512820511,144.6107177734375
1,2.0,hard,355,2492,0.00512820512820511,144.6107177734375
1,2.0,hard,356,2499,0.00512820512820511,144.6107177734375
1,2.0,hard,357,2506,0.00512820512820511,144.6107177734375
1,2.0,hard,358,2513,0.00512820512820511,144.6107177734375
1,2.0,hard,359,2520,0.00512820512820511,144.6107177734375
1,2.0,hard,360,2527,0.00512820512820511,144.6107177734375
1,2.0,hard,361,2534,0.00512820512820511,144.6107177734375
1,2.0,hard,362,2541,0.00512820512820511,144.6107177734375
1,2.0,hard,363,2548,0.00512820512820511,144.6107177734375
1,2.0,hard,364,2555,0.00512820512820511,144.6107177734375
1,2.0,hard,365,2562,0.00512820512820511,144.6107177734375
1,2.0,hard,366,2569,0.00512820512820511,144.6107177734375
1,2.0,hard,367,2576,0.00512820512820511,144.6107177734375
1,2.0,hard,368,2583,0.00512820512820511,144.6107177734375
1,2.0,hard,369,2590,0.00512820512820511,144.6107177734375
1,2.0,hard,370,2597,0.00512820512820511,144.6107177734375
1,2.0,hard,371,2604,0.00512820512820511,144.6107177734375
1,2.0,hard,372,2611,0.00512820512820511,144.6107177734375
1,2.0,hard,373,2618,0.00512820512820511,144.6107177734375
1,2.0,hard,374,2625,0.00512820512820511,144.6107177734375
1,2.0,hard,375,2632,0.00512820512820511,144.6107177734375
1,2.0,hard,376,2639,0.00512820512820511,144.6107177734375
1,2.0,hard,377,2646,0.00512820512820511,144.6107177734375
1,2.0,hard,378,2653,0.00512820512820511,144.6107177734375
1,2.0,hard,379,2660,0.00512820512820511,144.6107177734375
1,2.0,hard,380,2667,0.00512820512820511,144.6107177734375
1,2.0,hard,381,2674,0.00512820512820511,144.6107177734375
1,2.0,diff_s2_ow1,0,7,0.0046569108963012695,164.3519744873047
1,2.0,diff_s2_ow1,1,14,0.008312404155731201,169.92434692382812
1,2.0,diff_s2_ow1,2,21,0.008312404155731201,169.92434692382812
1,2.0,diff_s2_ow1,3,28,0.008312404155731201,169.92434692382812
1,2.0,diff_s2_ow1,4,35,0.008312404155731201,169.92434692382812
1,2.0,diff_s2_ow1,5,42,0.008312404155731201,169.92434692382812
1,2.0,diff_s2_ow1,6,49,0.008312404155731201,169.92434692382812
1,2.0,diff_s2_ow1,7,56,0.008312404155731201,169.92434692382812
1,2.0,diff_s2_ow1,8,63,0.008705854415893555,116.14117431640625
1,2.0,diff_s2_ow1,9,70,0.008705854415893555,116.14117431640625
1,2.0,diff_s2_ow1,10,77,0.008705854415893555,116.14117431640625
1,2.0,diff_s2_ow1,11,84,0.008705854415893555,116.14117431640625
1,2.0,diff_s2_ow1,12,91,0.008705854415893555,116.14117431640625
1,2.0,diff_s2_ow1,13,98,0.008705854415893555,116.14117431640625
1,2.0,diff_s2_ow1,14,105,0.008705854415893555,116.14117431640625
1,2.0,diff_s2_ow1,15,112,0.008705854415893555,116.14117431640625
1,2.0,diff_s2_ow1,16,119,0.008705854415893555,116.14117431640625
1,2.0,diff_s2_ow1,17,126,0.008705854415893555,116.14117431640625
1,2.0,diff_s2_ow1,18,133,0.008705854415893555,116.14117431640625
1,2.0,diff_s2_ow1,19,140,0.008705854415893555,116.14117431640625
1,2.0,diff_s2_ow1,20,147,0.009160876274108887,175.31732177734375
1,2.0,diff_s2_ow1,21,154,0.009160876274108887,175.31732177734375
1,2.0,diff_s2_ow1,22,161,0.009160876274108887,175.31732177734375
1,2.0,diff_s2_ow1,23,168,0.009160876274108887,175.31732177734375
1,2.0,diff_s2_ow1,24,175,0.009160876274108887,175.31732177734375
1,2.0,diff_s2_ow1,25,182,0.011046171188354492,162.9646453857422
1,2.0,diff_s2_ow1,26,189,0.011046171188354492,162.9646453857422
1,2.0,diff_s2_ow1,27,196,0.011046171188354492,162.9646453857422
1,2.0,diff_s2_ow1,28,203,0.011046171188354492,162.9646453857422
1,2.0,diff_s2_ow1,29,210,0.011046171188354492,162.9646453857422
1,2.0,diff_s2_ow1,30,217,0.011046171188354492,162.9646453857422
1,2.0,diff_s2_ow1,31,224,0.011046171188354492,162.9646453857422
1,2.0,diff_s2_ow1,32,231,0.011046171188354492,162.9646453857422
1,2.0,diff_s2_ow1,33,238,0.017098665237426758,167.94105529785156
1,2.0,diff_s2_ow1,34,245,0.017098665237426758,167.94105529785156
1,2.0,diff_s2_ow1,35,252,0.017098665237426758,167.94105529785156
1,2.0,diff_s2_ow1,36,259,0.017098665237426758,167.94105529785156
1,2.0,diff_s2_ow1,37,266,0.017098665237426758,167.94105529785156
1,2.0,diff_s2_ow1,38,273,0.017098665237426758,167.94105529785156
1,2.0,diff_s2_ow1,39,280,0.017098665237426758,167.94105529785156
1,2.0,diff_s2_ow1,40,287,0.02568674087524414,163.46726989746094
1,2.0,diff_s2_ow1,41,294,0.02568674087524414,163.46726989746094
1,2.0,diff_s2_ow1,42,301,0.02568674087524414,163.46726989746094
1,2.0,diff_s2_ow1,43,308,0.02568674087524414,163.46726989746094
1,2.0,diff_s2_ow1,44,315,0.02568674087524414,163.46726989746094
1,2.0,diff_s2_ow1,45,322,0.02568674087524414,163.46726989746094
1,2.0,diff_s2_ow1,46,329,0.02568674087524414,163.46726989746094
1,2.0,diff_s2_ow1,47,336,0.02568674087524414,163.46726989746094
1,2.0,diff_s2_ow1,48,343,0.02568674087524414,163.46726989746094
1,2.0,diff_s2_ow1,49,350,0.02568674087524414,163.46726989746094
1,2.0,diff_s2_ow1,50,357,0.02568674087524414,163.46726989746094
1,2.0,diff_s2_ow1,51,364,0.02568674087524414,163.46726989746094
1,2.0,diff_s2_ow1,52,371,0.02568674087524414,163.46726989746094
1,2.0,diff_s2_ow1,53,378,0.02568674087524414,163.46726989746094
1,2.0,diff_s2_ow1,54,385,0.02568674087524414,163.46726989746094
1,2.0,diff_s2_ow1,55,392,0.02568674087524414,163.46726989746094
1,2.0,diff_s2_ow1,56,399,0.02568674087524414,163.46726989746094
1,2.0,diff_s2_ow1,57,406,0.02568674087524414,163.46726989746094
1,2.0,diff_s2_ow1,58,413,0.02568674087524414,163.46726989746094
1,2.0,diff_s2_ow1,59,420,0.02568674087524414,163.46726989746094
1,2.0,diff_s2_ow1,60,427,0.02568674087524414,163.46726989746094
1,2.0,diff_s2_ow1,61,434,0.02568674087524414,163.46726989746094
1,2.0,diff_s2_ow1,62,441,0.02568674087524414,163.46726989746094
1,2.0,diff_s2_ow1,63,448,0.02568674087524414,163.46726989746094
1,2.0,diff_s2_ow1,64,455,0.02568674087524414,163.46726989746094
1,2.0,diff_s2_ow1,65,462,0.02568674087524414,163.46726989746094
1,2.0,diff_s2_ow1,66,469,0.02568674087524414,163.46726989746094
1,2.0,diff_s2_ow1,67,476,0.02568674087524414,163.46726989746094
1,2.0,diff_s2_ow1,68,483,0.02568674087524414,163.46726989746094
1,2.0,diff_s2_ow1,69,490,0.02568674087524414,163.46726989746094
1,2.0,diff_s2_ow1,70,497,0.02568674087524414,163.46726989746094
1,2.0,diff_s2_ow1,71,504,0.02568674087524414,163.46726989746094
1,2.0,diff_s2_ow1,72,511,0.02568674087524414,163.46726989746094
1,2.0,diff_s2_ow1,73,518,0.02568674087524414,163.46726989746094
1,2.0,diff_s2_ow1,74,525,0.02568674087524414,163.46726989746094
1,2.0,diff_s2_ow1,75,532,0.02568674087524414,163.46726989746094
1,2.0,diff_s2_ow1,76,539,0.02568674087524414,163.46726989746094
1,2.0,diff_s2_ow1,77,546,0.02568674087524414,163.46726989746094
1,2.0,diff_s2_ow1,78,553,0.02568674087524414,163.46726989746094
1,2.0,diff_s2_ow1,79,560,0.02568674087524414,163.46726989746094
1,2.0,diff_s2_ow1,80,567,0.02568674087524414,163.46726989746094
1,2.0,diff_s2_ow1,81,574,0.02568674087524414,163.46726989746094
1,2.0,diff_s2_ow1,82,581,0.02568674087524414,163.46726989746094
1,2.0,diff_s2_ow1,83,588,0.02568674087524414,163.46726989746094
1,2.0,diff_s2_ow1,84,595,0.02568674087524414,163.46726989746094
1,2.0,diff_s2_ow1,85,602,0.02568674087524414,163.46726989746094
1,2.0,diff_s2_ow1,86,609,0.02568674087524414,163.46726989746094
1,2.0,diff_s2_ow1,87,616,0.02568674087524414,163.46726989746094
1,2.0,diff_s2_ow1,88,623,0.02568674087524414,163.46726989746094
1,2.0,diff_s2_ow1,89,630,0.02568674087524414,163.46726989746094
1,2.0,diff_s2_ow1,90,637,0.02568674087524414,163.46726989746094
1,2.0,diff_s2_ow1,91,644,0.02568674087524414,163.46726989746094
1,2.0,diff_s2_ow1,92,651,0.02568674087524414,163.46726989746094
1,2.0,diff_s2_ow1,93,658,0.02568674087524414,163.46726989746094
1,2.0,diff_s2_ow1,94,665,0.02568674087524414,163.46726989746094
1,2.0,diff_s2_ow1,95,672,0.02568674087524414,163.46726989746094
1,2.0,diff_s2_ow1,96,679,0.04417961835861206,178.7522735595703
1,2.0,diff_s2_ow1,97,686,0.04417961835861206,178.7522735595703
1,2.0,diff_s2_ow1,98,693,0.04417961835861206,178.7522735595703
1,2.0,diff_s2_ow1,99,700,0.04417961835861206,178.7522735595703
1,2.0,diff_s2_ow1,100,707,0.04417961835861206,178.7522735595703
1,2.0,diff_s2_ow1,101,714,0.04417961835861206,178.7522735595703
1,2.0,diff_s2_ow1,102,721,0.04417961835861206,178.7522735595703
1,2.0,diff_s2_ow1,103,728,0.04417961835861206,178.7522735595703
1,2.0,diff_s2_ow1,104,735,0.04417961835861206,178.7522735595703
1,2.0,diff_s2_ow1,105,742,0.04417961835861206,178.7522735595703
1,2.0,diff_s2_ow1,106,749,0.04417961835861206,178.7522735595703
1,2.0,diff_s2_ow1,107,756,0.04417961835861206,178.7522735595703
1,2.0,diff_s2_ow1,108,763,0.04417961835861206,178.7522735595703
1,2.0,diff_s2_ow1,109,770,0.04417961835861206,178.7522735595703
1,2.0,diff_s2_ow1,110,777,0.04417961835861206,178.7522735595703
1,2.0,diff_s2_ow1,111,784,0.04417961835861206,178.7522735595703
1,2.0,diff_s2_ow1,112,791,0.04417961835861206,178.7522735595703
1,2.0,diff_s2_ow1,113,798,0.04417961835861206,178.7522735595703
1,2.0,diff_s2_ow1,114,805,0.04417961835861206,178.7522735595703
1,2.0,diff_s2_ow1,115,812,0.04417961835861206,178.7522735595703
1,2.0,diff_s2_ow1,116,819,0.04417961835861206,178.7522735595703
1,2.0,diff_s2_ow1,117,826,0.04417961835861206,178.7522735595703
1,2.0,diff_s2_ow1,118,833,0.04417961835861206,178.7522735595703
1,2.0,diff_s2_ow1,119,840,0.04417961835861206,178.7522735595703
1,2.0,diff_s2_ow1,120,847,0.04417961835861206,178.7522735595703
1,2.0,diff_s2_ow1,121,854,0.04417961835861206,178.7522735595703
1,2.0,diff_s2_ow1,122,861,0.04417961835861206,178.7522735595703
1,2.0,diff_s2_ow1,123,868,0.04417961835861206,178.7522735595703
1,2.0,diff_s2_ow1,124,875,0.04417961835861206,178.7522735595703
1,2.0,diff_s2_ow1,125,882,0.04417961835861206,178.7522735595703
1,2.0,diff_s2_ow1,126,889,0.04417961835861206,178.7522735595703
1,2.0,diff_s2_ow1,127,896,0.04417961835861206,178.7522735595703
1,2.0,diff_s2_ow1,128,903,0.04417961835861206,178.7522735595703
1,2.0,diff_s2_ow1,129,910,0.04417961835861206,178.7522735595703
1,2.0,diff_s2_ow1,130,917,0.04417961835861206,178.7522735595703
1,2.0,diff_s2_ow1,131,924,0.04417961835861206,178.7522735595703
1,2.0,diff_s2_ow1,132,931,0.04417961835861206,178.7522735595703
1,2.0,diff_s2_ow1,133,938,0.04417961835861206,178.7522735595703
1,2.0,diff_s2_ow1,134,945,0.04417961835861206,178.7522735595703
1,2.0,diff_s2_ow1,135,952,0.04417961835861206,178.7522735595703
1,2.0,diff_s2_ow1,136,959,0.04417961835861206,178.7522735595703
1,2.0,diff_s2_ow1,137,966,0.04417961835861206,178.7522735595703
1,2.0,diff_s2_ow1,138,973,0.04417961835861206,178.7522735595703
1,2.0,diff_s2_ow1,139,980,0.04417961835861206,178.7522735595703
1,2.0,diff_s2_ow1,140,987,0.04417961835861206,178.7522735595703
1,2.0,diff_s2_ow1,141,994,0.04417961835861206,178.7522735595703
1,2.0,diff_s2_ow1,142,1001,0.04417961835861206,178.7522735595703
1,2.0,diff_s2_ow1,143,1008,0.04417961835861206,178.7522735595703
1,2.0,diff_s2_ow1,144,1015,0.04417961835861206,178.7522735595703
1,2.0,diff_s2_ow1,145,1022,0.04417961835861206,178.7522735595703
1,2.0,diff_s2_ow1,146,1029,0.04417961835861206,178.7522735595703
1,2.0,diff_s2_ow1,147,1036,0.04417961835861206,178.7522735595703
1,2.0,diff_s2_ow1,148,1043,0.04417961835861206,178.7522735595703
1,2.0,diff_s2_ow1,149,1050,0.04417961835861206,178.7522735595703
1,2.0,diff_s2_ow1,150,1057,0.04417961835861206,178.7522735595703
1,2.0,diff_s2_ow1,151,1064,0.04417961835861206,178.7522735595703
1,2.0,diff_s2_ow1,152,1071,0.04417961835861206,178.7522735595703
1,2.0,diff_s2_ow1,153,1078,0.04417961835861206,178.7522735595703
1,2.0,diff_s2_ow1,154,1085,0.04417961835861206,178.7522735595703
1,2.0,diff_s2_ow1,155,1092,0.04417961835861206,178.7522735595703
1,2.0,diff_s2_ow1,156,1099,0.04417961835861206,178.7522735595703
1,2.0,diff_s2_ow1,157,1106,0.04417961835861206,178.7522735595703
1,2.0,diff_s2_ow1,158,1113,0.04417961835861206,178.7522735595703
1,2.0,diff_s2_ow1,159,1120,0.04417961835861206,178.7522735595703
1,2.0,diff_s2_ow1,160,1127,0.04417961835861206,178.7522735595703
1,2.0,diff_s2_ow1,161,1134,0.04417961835861206,178.7522735595703
1,2.0,diff_s2_ow1,162,1141,0.04417961835861206,178.7522735595703
1,2.0,diff_s2_ow1,163,1148,0.04417961835861206,178.7522735595703
1,2.0,diff_s2_ow1,164,1155,0.04417961835861206,178.7522735595703
1,2.0,diff_s2_ow1,165,1162,0.04417961835861206,178.7522735595703
1,2.0,diff_s2_ow1,166,1169,0.04417961835861206,178.7522735595703
1,2.0,diff_s2_ow1,167,1176,0.04417961835861206,178.7522735595703
1,2.0,diff_s2_ow1,168,1183,0.04417961835861206,178.7522735595703
1,2.0,diff_s2_ow1,169,1190,0.04417961835861206,178.7522735595703
1,2.0,diff_s2_ow1,170,1197,0.04417961835861206,178.7522735595703
1,2.0,diff_s2_ow1,171,1204,0.04417961835861206,178.7522735595703
1,2.0,diff_s2_ow1,172,1211,0.04417961835861206,178.7522735595703
1,2.0,diff_s2_ow1,173,1218,0.04417961835861206,178.7522735595703
1,2.0,diff_s2_ow1,174,1225,0.04417961835861206,178.7522735595703
1,2.0,diff_s2_ow1,175,1232,0.04417961835861206,178.7522735595703
1,2.0,diff_s2_ow1,176,1239,0.04417961835861206,178.7522735595703
1,2.0,diff_s2_ow1,177,1246,0.04417961835861206,178.7522735595703
1,2.0,diff_s2_ow1,178,1253,0.04417961835861206,178.7522735595703
1,2.0,diff_s2_ow1,179,1260,0.04417961835861206,178.7522735595703
1,2.0,diff_s2_ow1,180,1267,0.04417961835861206,178.7522735595703
1,2.0,diff_s2_ow1,181,1274,0.04417961835861206,178.7522735595703
1,2.0,diff_s2_ow1,182,1281,0.04417961835861206,178.7522735595703
1,2.0,diff_s2_ow1,183,1288,0.04417961835861206,178.7522735595703
1,2.0,diff_s2_ow1,184,1295,0.04417961835861206,178.7522735595703
1,2.0,diff_s2_ow1,185,1302,0.04417961835861206,178.7522735595703
1,2.0,diff_s2_ow1,186,1309,0.04417961835861206,178.7522735595703
1,2.0,diff_s2_ow1,187,1316,0.04417961835861206,178.7522735595703
1,2.0,diff_s2_ow1,188,1323,0.04417961835861206,178.7522735595703
1,2.0,diff_s2_ow1,189,1330,0.04417961835861206,178.7522735595703
1,2.0,diff_s2_ow1,190,1337,0.04417961835861206,178.7522735595703
1,2.0,diff_s2_ow1,191,1344,0.04417961835861206,178.7522735595703
1,2.0,diff_s2_ow1,192,1351,0.04417961835861206,178.7522735595703
1,2.0,diff_s2_ow1,193,1358,0.04417961835861206,178.7522735595703
1,2.0,diff_s2_ow1,194,1365,0.04417961835861206,178.7522735595703
1,2.0,diff_s2_ow1,195,1372,0.04417961835861206,178.7522735595703
1,2.0,diff_s2_ow1,196,1379,0.04417961835861206,178.7522735595703
1,2.0,diff_s2_ow1,197,1386,0.04417961835861206,178.7522735595703
1,2.0,diff_s2_ow1,198,1393,0.04417961835861206,178.7522735595703
1,2.0,diff_s2_ow1,199,1400,0.04417961835861206,178.7522735595703
1,2.0,diff_s2_ow1,200,1407,0.04417961835861206,178.7522735595703
1,2.0,diff_s2_ow1,201,1414,0.04417961835861206,178.7522735595703
1,2.0,diff_s2_ow1,202,1421,0.04417961835861206,178.7522735595703
1,2.0,diff_s2_ow1,203,1428,0.04417961835861206,178.7522735595703
1,2.0,diff_s2_ow1,204,1435,0.04417961835861206,178.7522735595703
1,2.0,diff_s2_ow1,205,1442,0.04417961835861206,178.7522735595703
1,2.0,diff_s2_ow1,206,1449,0.04417961835861206,178.7522735595703
1,2.0,diff_s2_ow1,207,1456,0.04417961835861206,178.7522735595703
1,2.0,diff_s2_ow1,208,1463,0.04417961835861206,178.7522735595703
1,2.0,diff_s2_ow1,209,1470,0.04417961835861206,178.7522735595703
1,2.0,diff_s2_ow1,210,1477,0.04417961835861206,178.7522735595703
1,2.0,diff_s2_ow1,211,1484,0.04417961835861206,178.7522735595703
1,2.0,diff_s2_ow1,212,1491,0.04417961835861206,178.7522735595703
1,2.0,diff_s2_ow1,213,1498,0.04417961835861206,178.7522735595703
1,2.0,diff_s2_ow1,214,1505,0.04417961835861206,178.7522735595703
1,2.0,diff_s2_ow1,215,1512,0.04417961835861206,178.7522735595703
1,2.0,diff_s2_ow1,216,1519,0.04417961835861206,178.7522735595703
1,2.0,diff_s2_ow1,217,1526,0.04417961835861206,178.7522735595703
1,2.0,diff_s2_ow1,218,1533,0.04417961835861206,178.7522735595703
1,2.0,diff_s2_ow1,219,1540,0.04417961835861206,178.7522735595703
1,2.0,diff_s2_ow1,220,1547,0.04417961835861206,178.7522735595703
1,2.0,diff_s2_ow1,221,1554,0.04417961835861206,178.7522735595703
1,2.0,diff_s2_ow1,222,1561,0.04417961835861206,178.7522735595703
1,2.0,diff_s2_ow1,223,1568,0.04417961835861206,178.7522735595703
1,2.0,diff_s2_ow1,224,1575,0.04417961835861206,178.7522735595703
1,2.0,diff_s2_ow1,225,1582,0.04417961835861206,178.7522735595703
1,2.0,diff_s2_ow1,226,1589,0.04417961835861206,178.7522735595703
1,2.0,diff_s2_ow1,227,1596,0.04417961835861206,178.7522735595703
1,2.0,diff_s2_ow1,228,1603,0.04417961835861206,178.7522735595703
1,2.0,diff_s2_ow1,229,1610,0.04417961835861206,178.7522735595703
1,2.0,diff_s2_ow1,230,1617,0.04417961835861206,178.7522735595703
1,2.0,diff_s2_ow1,231,1624,0.04417961835861206,178.7522735595703
1,2.0,diff_s2_ow1,232,1631,0.04417961835861206,178.7522735595703
1,2.0,diff_s2_ow1,233,1638,0.04417961835861206,178.7522735595703
1,2.0,diff_s2_ow1,234,1645,0.04417961835861206,178.7522735595703
1,2.0,diff_s2_ow1,235,1652,0.04417961835861206,178.7522735595703
1,2.0,diff_s2_ow1,236,1659,0.04417961835861206,178.7522735595703
1,2.0,diff_s2_ow1,237,1666,0.04417961835861206,178.7522735595703
1,2.0,diff_s2_ow1,238,1673,0.04417961835861206,178.7522735595703
1,2.0,diff_s2_ow1,239,1680,0.04417961835861206,178.7522735595703
1,2.0,diff_s2_ow1,240,1687,0.04417961835861206,178.7522735595703
1,2.0,diff_s2_ow1,241,1694,0.04417961835861206,178.7522735595703
1,2.0,diff_s2_ow1,242,1701,0.04417961835861206,178.7522735595703
1,2.0,diff_s2_ow1,243,1708,0.04417961835861206,178.7522735595703
1,2.0,diff_s2_ow1,244,1715,0.04417961835861206,178.7522735595703
1,2.0,diff_s2_ow1,245,1722,0.04417961835861206,178.7522735595703
1,2.0,diff_s2_ow1,246,1729,0.04417961835861206,178.7522735595703
1,2.0,diff_s2_ow1,247,1736,0.04417961835861206,178.7522735595703
1,2.0,diff_s2_ow1,248,1743,0.04417961835861206,178.7522735595703
1,2.0,diff_s2_ow1,249,1750,0.04417961835861206,178.7522735595703
1,2.0,diff_s2_ow1,250,1757,0.04417961835861206,178.7522735595703
1,2.0,diff_s2_ow1,251,1764,0.04417961835861206,178.7522735595703
1,2.0,diff_s2_ow1,252,1771,0.04417961835861206,178.7522735595703
1,2.0,diff_s2_ow1,253,1778,0.04417961835861206,178.7522735595703
1,2.0,diff_s2_ow1,254,1785,0.04417961835861206,178.7522735595703
1,2.0,diff_s2_ow1,255,1792,0.04417961835861206,178.7522735595703
1,2.0,diff_s2_ow1,256,1799,0.04417961835861206,178.7522735595703
1,2.0,diff_s2_ow1,257,1806,0.04417961835861206,178.7522735595703
1,2.0,diff_s2_ow1,258,1813,0.04417961835861206,178.7522735595703
1,2.0,diff_s2_ow1,259,1820,0.04417961835861206,178.7522735595703
1,2.0,diff_s2_ow1,260,1827,0.04417961835861206,178.7522735595703
1,2.0,diff_s2_ow1,261,1834,0.04417961835861206,178.7522735595703
1,2.0,diff_s2_ow1,262,1841,0.04417961835861206,178.7522735595703
1,2.0,diff_s2_ow1,263,1848,0.04417961835861206,178.7522735595703
1,2.0,diff_s2_ow1,264,1855,0.04417961835861206,178.7522735595703
1,2.0,diff_s2_ow1,265,1862,0.04417961835861206,178.7522735595703
1,2.0,diff_s2_ow1,266,1869,0.04417961835861206,178.7522735595703
1,2.0,diff_s2_ow1,267,1876,0.04417961835861206,178.7522735595703
1,2.0,diff_s2_ow1,268,1883,0.04417961835861206,178.7522735595703
1,2.0,diff_s2_ow1,269,1890,0.04417961835861206,178.7522735595703
1,2.0,diff_s2_ow1,270,1897,0.04417961835861206,178.7522735595703
1,2.0,diff_s2_ow1,271,1904,0.04417961835861206,178.7522735595703
1,2.0,diff_s2_ow1,272,1911,0.04417961835861206,178.7522735595703
1,2.0,diff_s2_ow1,273,1918,0.04417961835861206,178.7522735595703
1,2.0,diff_s2_ow1,274,1925,0.04417961835861206,178.7522735595703
1,2.0,diff_s2_ow1,275,1932,0.04417961835861206,178.7522735595703
1,2.0,diff_s2_ow1,276,1939,0.04417961835861206,178.7522735595703
1,2.0,diff_s2_ow1,277,1946,0.04417961835861206,178.7522735595703
1,2.0,diff_s2_ow1,278,1953,0.04417961835861206,178.7522735595703
1,2.0,diff_s2_ow1,279,1960,0.04417961835861206,178.7522735595703
1,2.0,diff_s2_ow1,280,1967,0.04417961835861206,178.7522735595703
1,2.0,diff_s2_ow1,281,1974,0.04417961835861206,178.7522735595703
1,2.0,diff_s2_ow1,282,1981,0.04417961835861206,178.7522735595703
1,2.0,diff_s2_ow1,283,1988,0.04417961835861206,178.7522735595703
1,2.0,diff_s2_ow1,284,1995,0.04417961835861206,178.7522735595703
1,2.0,diff_s2_ow1,285,2002,0.04417961835861206,178.7522735595703
1,2.0,diff_s2_ow1,286,2009,0.04417961835861206,178.7522735595703
1,2.0,diff_s2_ow1,287,2016,0.04417961835861206,178.7522735595703
1,2.0,diff_s2_ow1,288,2023,0.04417961835861206,178.7522735595703
1,2.0,diff_s2_ow1,289,2030,0.04417961835861206,178.7522735595703
1,2.0,diff_s2_ow1,290,2037,0.04417961835861206,178.7522735595703
1,2.0,diff_s2_ow1,291,2044,0.04417961835861206,178.7522735595703
1,2.0,diff_s2_ow1,292,2051,0.04417961835861206,178.7522735595703
1,2.0,diff_s2_ow1,293,2058,0.04417961835861206,178.7522735595703
1,2.0,diff_s2_ow1,294,2065,0.04417961835861206,178.7522735595703
1,2.0,diff_s2_ow1,295,2072,0.04417961835861206,178.7522735595703
1,2.0,diff_s2_ow1,296,2079,0.04417961835861206,178.7522735595703
1,2.0,diff_s2_ow1,297,2086,0.04417961835861206,178.7522735595703
1,2.0,diff_s2_ow1,298,2093,0.04417961835861206,178.7522735595703
1,2.0,diff_s2_ow1,299,2100,0.04417961835861206,178.7522735595703
1,2.0,diff_s2_ow1,300,2107,0.04417961835861206,178.7522735595703
1,2.0,diff_s2_ow1,301,2114,0.04417961835861206,178.7522735595703
1,2.0,diff_s2_ow1,302,2121,0.04417961835861206,178.7522735595703
1,2.0,diff_s2_ow1,303,2128,0.04417961835861206,178.7522735595703
1,2.0,diff_s2_ow1,304,2135,0.04417961835861206,178.7522735595703
1,2.0,diff_s2_ow1,305,2142,0.04417961835861206,178.7522735595703
1,2.0,diff_s2_ow1,306,2149,0.04417961835861206,178.7522735595703
1,2.0,diff_s2_ow1,307,2156,0.04417961835861206,178.7522735595703
1,2.0,diff_s2_ow1,308,2163,0.04417961835861206,178.7522735595703
1,2.0,diff_s2_ow1,309,2170,0.04417961835861206,178.7522735595703
1,2.0,diff_s2_ow1,310,2177,0.04417961835861206,178.7522735595703
1,2.0,diff_s2_ow1,311,2184,0.04417961835861206,178.7522735595703
1,2.0,diff_s2_ow1,312,2191,0.04417961835861206,178.7522735595703
1,2.0,diff_s2_ow1,313,2198,0.04417961835861206,178.7522735595703
1,2.0,diff_s2_ow1,314,2205,0.04417961835861206,178.7522735595703
1,2.0,diff_s2_ow1,315,2212,0.04417961835861206,178.7522735595703
1,2.0,diff_s2_ow1,316,2219,0.04417961835861206,178.7522735595703
1,2.0,diff_s2_ow1,317,2226,0.04417961835861206,178.7522735595703
1,2.0,diff_s2_ow1,318,2233,0.04417961835861206,178.7522735595703
1,2.0,diff_s2_ow1,319,2240,0.04417961835861206,178.7522735595703
1,2.0,diff_s2_ow1,320,2247,0.04417961835861206,178.7522735595703
1,2.0,diff_s2_ow1,321,2254,0.04417961835861206,178.7522735595703
1,2.0,diff_s2_ow1,322,2261,0.04417961835861206,178.7522735595703
1,2.0,diff_s2_ow1,323,2268,0.04417961835861206,178.7522735595703
1,2.0,diff_s2_ow1,324,2275,0.04417961835861206,178.7522735595703
1,2.0,diff_s2_ow1,325,2282,0.04417961835861206,178.7522735595703
1,2.0,diff_s2_ow1,326,2289,0.04417961835861206,178.7522735595703
1,2.0,diff_s2_ow1,327,2296,0.04417961835861206,178.7522735595703
1,2.0,diff_s2_ow1,328,2303,0.04417961835861206,178.7522735595703
1,2.0,diff_s2_ow1,329,2310,0.04417961835861206,178.7522735595703
1,2.0,diff_s2_ow1,330,2317,0.04417961835861206,178.7522735595703
1,2.0,diff_s2_ow1,331,2324,0.04417961835861206,178.7522735595703
1,2.0,diff_s2_ow1,332,2331,0.04417961835861206,178.7522735595703
1,2.0,diff_s2_ow1,333,2338,0.04417961835861206,178.7522735595703
1,2.0,diff_s2_ow1,334,2345,0.04417961835861206,178.7522735595703
1,2.0,diff_s2_ow1,335,2352,0.04417961835861206,178.7522735595703
1,2.0,diff_s2_ow1,336,2359,0.04417961835861206,178.7522735595703
1,2.0,diff_s2_ow1,337,2366,0.04417961835861206,178.7522735595703
1,2.0,diff_s2_ow1,338,2373,0.04417961835861206,178.7522735595703
1,2.0,diff_s2_ow1,339,2380,0.04417961835861206,178.7522735595703
1,2.0,diff_s2_ow1,340,2387,0.04417961835861206,178.7522735595703
1,2.0,diff_s2_ow1,341,2394,0.04417961835861206,178.7522735595703
1,2.0,diff_s2_ow1,342,2401,0.04417961835861206,178.7522735595703
1,2.0,diff_s2_ow1,343,2408,0.04417961835861206,178.7522735595703
1,2.0,diff_s2_ow1,344,2415,0.04417961835861206,178.7522735595703
1,2.0,diff_s2_ow1,345,2422,0.04417961835861206,178.7522735595703
1,2.0,diff_s2_ow1,346,2429,0.04417961835861206,178.7522735595703
1,2.0,diff_s2_ow1,347,2436,0.04417961835861206,178.7522735595703
1,2.0,diff_s2_ow1,348,2443,0.04417961835861206,178.7522735595703
1,2.0,diff_s2_ow1,349,2450,0.04417961835861206,178.7522735595703
1,2.0,diff_s2_ow1,350,2457,0.04417961835861206,178.7522735595703
1,2.0,diff_s2_ow1,351,2464,0.04417961835861206,178.7522735595703
1,2.0,diff_s2_ow1,352,2471,0.04417961835861206,178.7522735595703
1,2.0,diff_s2_ow1,353,2478,0.04417961835861206,178.7522735595703
1,2.0,diff_s2_ow1,354,2485,0.04417961835861206,178.7522735595703
1,2.0,diff_s2_ow1,355,2492,0.04417961835861206,178.7522735595703
1,2.0,diff_s2_ow1,356,2499,0.04417961835861206,178.7522735595703
1,2.0,diff_s2_ow1,357,2506,0.04417961835861206,178.7522735595703
1,2.0,diff_s2_ow1,358,2513,0.04417961835861206,178.7522735595703
1,2.0,diff_s2_ow1,359,2520,0.04417961835861206,178.7522735595703
1,2.0,diff_s2_ow1,360,2527,0.04417961835861206,178.7522735595703
1,2.0,diff_s2_ow1,361,2534,0.04417961835861206,178.7522735595703
1,2.0,diff_s2_ow1,362,2541,0.04417961835861206,178.7522735595703
1,2.0,diff_s2_ow1,363,2548,0.04417961835861206,178.7522735595703
1,2.0,diff_s2_ow1,364,2555,0.04417961835861206,178.7522735595703
1,2.0,diff_s2_ow1,365,2562,0.04417961835861206,178.7522735595703
1,2.0,diff_s2_ow1,366,2569,0.04417961835861206,178.7522735595703
1,2.0,diff_s2_ow1,367,2576,0.04417961835861206,178.7522735595703
1,2.0,diff_s2_ow1,368,2583,0.04417961835861206,178.7522735595703
1,2.0,diff_s2_ow1,369,2590,0.04417961835861206,178.7522735595703
1,2.0,diff_s2_ow1,370,2597,0.04417961835861206,178.7522735595703
1,2.0,diff_s2_ow1,371,2604,0.04417961835861206,178.7522735595703
1,2.0,diff_s2_ow1,372,2611,0.04417961835861206,178.7522735595703
1,2.0,diff_s2_ow1,373,2618,0.04417961835861206,178.7522735595703
1,2.0,diff_s2_ow1,374,2625,0.04417961835861206,178.7522735595703
1,2.0,diff_s2_ow1,375,2632,0.04417961835861206,178.7522735595703
1,2.0,diff_s2_ow1,376,2639,0.04417961835861206,178.7522735595703
1,2.0,diff_s2_ow1,377,2646,0.04417961835861206,178.7522735595703
1,2.0,diff_s2_ow1,378,2653,0.04417961835861206,178.7522735595703
1,2.0,diff_s2_ow1,379,2660,0.04417961835861206,178.7522735595703
1,2.0,diff_s2_ow1,380,2667,0.04417961835861206,178.7522735595703
1,2.0,diff_s2_ow1,381,2674,0.04417961835861206,178.7522735595703
1,2.0,diff_s2_ow1,382,2681,0.04417961835861206,178.7522735595703
1,2.0,diff_s2_ow1,383,2688,0.04417961835861206,178.7522735595703
1,2.0,diff_s2_ow1,384,2695,0.04417961835861206,178.7522735595703
1,2.0,diff_s2_ow1,385,2702,0.04417961835861206,178.7522735595703
1,2.0,diff_s2_ow1,386,2709,0.04417961835861206,178.7522735595703
1,2.0,diff_s2_ow1,387,2716,0.04417961835861206,178.7522735595703
1,2.0,diff_s2_ow1,388,2723,0.04417961835861206,178.7522735595703
1,2.0,diff_s2_ow1,389,2730,0.04417961835861206,178.7522735595703
1,2.0,diff_s2_ow1,390,2737,0.04417961835861206,178.7522735595703
1,2.0,diff_s2_ow1,391,2744,0.04417961835861206,178.7522735595703
1,2.0,diff_s2_ow1,392,2751,0.04417961835861206,178.7522735595703
1,2.0,diff_s2_ow1,393,2758,0.04417961835861206,178.7522735595703
1,2.0,diff_s2_ow1,394,2765,0.04417961835861206,178.7522735595703
1,2.0,diff_s2_ow1,395,2772,0.04417961835861206,178.7522735595703
1,2.0,diff_s2_ow1,396,2779,0.04417961835861206,178.7522735595703
1,2.0,diff_s2_ow1,397,2786,0.04417961835861206,178.7522735595703
1,2.0,diff_s2_ow1,398,2793,0.04417961835861206,178.7522735595703
1,2.0,diff_s2_ow1,399,2800,0.04417961835861206,178.7522735595703
1,2.0,diff_s2_ow1,400,2807,0.04417961835861206,178.7522735595703
1,2.0,diff_s2_ow1,401,2814,0.04417961835861206,178.7522735595703
1,2.0,diff_s2_ow1,402,2821,0.04417961835861206,178.7522735595703
1,2.0,diff_s2_ow1,403,2828,0.04417961835861206,178.7522735595703
1,2.0,diff_s2_ow1,404,2835,0.059779465198516846,74.8750991821289
1,2.0,diff_s2_ow1,405,2842,0.059779465198516846,74.8750991821289
1,2.0,diff_s2_ow1,406,2849,0.059779465198516846,74.8750991821289
1,2.0,diff_s2_ow1,407,2856,0.059779465198516846,74.8750991821289
1,2.0,diff_s2_ow1,408,2863,0.059779465198516846,74.8750991821289
1,2.0,diff_s2_ow1,409,2870,0.059779465198516846,74.8750991821289
1,2.0,diff_s2_ow1,410,2877,0.059779465198516846,74.8750991821289
1,2.0,diff_s2_ow1,411,2884,0.059779465198516846,74.8750991821289
1,2.0,diff_s2_ow1,412,2891,0.059779465198516846,74.8750991821289
1,2.0,diff_s2_ow1,413,2898,0.059779465198516846,74.8750991821289
1,2.0,diff_s2_ow1,414,2905,0.059779465198516846,74.8750991821289
1,5.0,hard,0,7,0.0,120.42960357666016
1,5.0,hard,1,14,0.0,120.42960357666016
1,5.0,hard,2,21,0.0,120.42960357666016
1,5.0,hard,3,28,0.0,120.42960357666016
1,5.0,hard,4,35,0.0,120.42960357666016
1,5.0,hard,5,42,0.0,120.42960357666016
1,5.0,hard,6,49,0.00041356492969391034,49.00718307495117
1,5.0,hard,7,56,0.00041356492969391034,49.00718307495117
1,5.0,hard,8,63,0.00041356492969391034,49.00718307495117
1,5.0,hard,9,70,0.00041356492969391034,49.00718307495117
1,5.0,hard,10,77,0.00041356492969391034,49.00718307495117
1,5.0,hard,11,84,0.00041356492969391034,49.00718307495117
1,5.0,hard,12,91,0.00041356492969391034,49.00718307495117
1,5.0,hard,13,98,0.00041356492969391034,49.00718307495117
1,5.0,hard,14,105,0.00041356492969391034,49.00718307495117
1,5.0,hard,15,112,0.00041356492969391034,49.00718307495117
1,5.0,hard,16,119,0.00041356492969391034,49.00718307495117
1,5.0,hard,17,126,0.00041356492969391034,49.00718307495117
1,5.0,hard,18,133,0.0036167512690354897,101.34370422363281
1,5.0,hard,19,140,0.0036167512690354897,101.34370422363281
1,5.0,hard,20,147,0.0036167512690354897,101.34370422363281
1,5.0,hard,21,154,0.0036167512690354897,101.34370422363281
1,5.0,hard,22,161,0.0036167512690354897,101.34370422363281
1,5.0,hard,23,168,0.0036167512690354897,101.34370422363281
1,5.0,hard,24,175,0.006920199501246893,164.79832458496094
1,5.0,hard,25,182,0.006920199501246893,164.79832458496094
1,5.0,hard,26,189,0.006920199501246893,164.79832458496094
1,5.0,hard,27,196,0.006920199501246893,164.79832458496094
1,5.0,hard,28,203,0.006920199501246893,164.79832458496094
1,5.0,hard,29,210,0.006920199501246893,164.79832458496094
1,5.0,hard,30,217,0.006920199501246893,164.79832458496094
1,5.0,hard,31,224,0.006920199501246893,164.79832458496094
1,5.0,hard,32,231,0.006920199501246893,164.79832458496094
1,5.0,hard,33,238,0.006920199501246893,164.79832458496094
1,5.0,hard,34,245,0.006920199501246893,164.79832458496094
1,5.0,hard,35,252,0.006920199501246893,164.79832458496094
1,5.0,hard,36,259,0.006920199501246893,164.79832458496094
1,5.0,hard,37,266,0.006920199501246893,164.79832458496094
1,5.0,hard,38,273,0.006920199501246893,164.79832458496094
1,5.0,hard,39,280,0.006920199501246893,164.79832458496094
1,5.0,hard,40,287,0.006920199501246893,164.79832458496094
1,5.0,hard,41,294,0.006920199501246893,164.79832458496094
1,5.0,hard,42,301,0.006920199501246893,164.79832458496094
1,5.0,hard,43,308,0.006920199501246893,164.79832458496094
1,5.0,hard,44,315,0.006920199501246893,164.79832458496094
1,5.0,hard,45,322,0.006920199501246893,164.79832458496094
1,5.0,hard,46,329,0.006920199501246893,164.79832458496094
1,5.0,hard,47,336,0.006920199501246893,164.79832458496094
1,5.0,hard,48,343,0.006920199501246893,164.79832458496094
1,5.0,hard,49,350,0.006920199501246893,164.79832458496094
1,5.0,hard,50,357,0.006920199501246893,164.79832458496094
1,5.0,hard,51,364,0.006920199501246893,164.79832458496094
1,5.0,hard,52,371,0.006920199501246893,164.79832458496094
1,5.0,hard,53,378,0.006920199501246893,164.79832458496094
1,5.0,hard,54,385,0.006920199501246893,164.79832458496094
1,5.0,hard,55,392,0.006920199501246893,164.79832458496094
1,5.0,hard,56,399,0.006920199501246893,164.79832458496094
1,5.0,hard,57,406,0.006920199501246893,164.79832458496094
1,5.0,hard,58,413,0.006920199501246893,164.79832458496094
1,5.0,hard,59,420,0.006920199501246893,164.79832458496094
1,5.0,hard,60,427,0.006920199501246893,164.79832458496094
1,5.0,hard,61,434,0.006920199501246893,164.79832458496094
1,5.0,hard,62,441,0.006920199501246893,164.79832458496094
1,5.0,hard,63,448,0.006920199501246893,164.79832458496094
1,5.0,hard,64,455,0.006920199501246893,164.79832458496094
1,5.0,hard,65,462,0.006920199501246893,164.79832458496094
1,5.0,hard,66,469,0.006920199501246893,164.79832458496094
1,5.0,hard,67,476,0.006920199501246893,164.79832458496094
1,5.0,hard,68,483,0.006920199501246893,164.79832458496094
1,5.0,hard,69,490,0.006920199501246893,164.79832458496094
1,5.0,hard,70,497,0.006920199501246893,164.79832458496094
1,5.0,hard,71,504,0.006920199501246893,164.79832458496094
1,5.0,hard,72,511,0.006920199501246893,164.79832458496094
1,5.0,hard,73,518,0.006920199501246893,164.79832458496094
1,5.0,hard,74,525,0.006920199501246893,164.79832458496094
1,5.0,hard,75,532,0.006920199501246893,164.79832458496094
1,5.0,hard,76,539,0.006920199501246893,164.79832458496094
1,5.0,hard,77,546,0.006920199501246893,164.79832458496094
1,5.0,hard,78,553,0.006920199501246893,164.79832458496094
1,5.0,hard,79,560,0.006920199501246893,164.79832458496094
1,5.0,hard,80,567,0.006920199501246893,164.79832458496094
1,5.0,hard,81,574,0.006920199501246893,164.79832458496094
1,5.0,hard,82,581,0.006920199501246893,164.79832458496094
1,5.0,hard,83,588,0.006920199501246893,164.79832458496094
1,5.0,hard,84,595,0.006920199501246893,164.79832458496094
1,5.0,hard,85,602,0.006920199501246893,164.79832458496094
1,5.0,hard,86,609,0.006920199501246893,164.79832458496094
1,5.0,hard,87,616,0.006920199501246893,164.79832458496094
1,5.0,hard,88,623,0.006920199501246893,164.79832458496094
1,5.0,hard,89,630,0.006920199501246893,164.79832458496094
1,5.0,hard,90,637,0.006920199501246893,164.79832458496094
1,5.0,hard,91,644,0.006920199501246893,164.79832458496094
1,5.0,hard,92,651,0.006920199501246893,164.79832458496094
1,5.0,hard,93,658,0.006920199501246893,164.79832458496094
1,5.0,hard,94,665,0.006920199501246893,164.79832458496094
1,5.0,hard,95,672,0.006920199501246893,164.79832458496094
1,5.0,hard,96,679,0.006920199501246893,164.79832458496094
1,5.0,hard,97,686,0.006920199501246893,164.79832458496094
1,5.0,hard,98,693,0.006920199501246893,164.79832458496094
1,5.0,hard,99,700,0.006920199501246893,164.79832458496094
1,5.0,hard,100,707,0.006920199501246893,164.79832458496094
1,5.0,hard,101,714,0.006920199501246893,164.79832458496094
1,5.0,hard,102,721,0.006920199501246893,164.79832458496094
1,5.0,hard,103,728,0.006920199501246893,164.79832458496094
1,5.0,hard,104,735,0.006920199501246893,164.79832458496094
1,5.0,hard,105,742,0.006920199501246893,164.79832458496094
1,5.0,hard,106,749,0.006920199501246893,164.79832458496094
1,5.0,hard,107,756,0.006920199501246893,164.79832458496094
1,5.0,hard,108,763,0.006920199501246893,164.79832458496094
1,5.0,hard,109,770,0.006920199501246893,164.79832458496094
1,5.0,hard,110,777,0.006920199501246893,164.79832458496094
1,5.0,hard,111,784,0.006920199501246893,164.79832458496094
1,5.0,hard,112,791,0.006920199501246893,164.79832458496094
1,5.0,hard,113,798,0.006920199501246893,164.79832458496094
1,5.0,hard,114,805,0.006920199501246893,164.79832458496094
1,5.0,hard,115,812,0.006920199501246893,164.79832458496094
1,5.0,hard,116,819,0.006920199501246893,164.79832458496094
1,5.0,hard,117,826,0.006920199501246893,164.79832458496094
1,5.0,hard,118,833,0.006920199501246893,164.79832458496094
1,5.0,hard,119,840,0.006920199501246893,164.79832458496094
1,5.0,hard,120,847,0.006920199501246893,164.79832458496094
1,5.0,hard,121,854,0.006920199501246893,164.79832458496094
1,5.0,hard,122,861,0.006920199501246893,164.79832458496094
1,5.0,hard,123,868,0.006920199501246893,164.79832458496094
1,5.0,hard,124,875,0.006920199501246893,164.79832458496094
1,5.0,hard,125,882,0.006920199501246893,164.79832458496094
1,5.0,hard,126,889,0.006920199501246893,164.79832458496094
1,5.0,hard,127,896,0.006920199501246893,164.79832458496094
1,5.0,hard,128,903,0.006920199501246893,164.79832458496094
1,5.0,hard,129,910,0.006920199501246893,164.79832458496094
1,5.0,hard,130,917,0.006920199501246893,164.79832458496094
1,5.0,hard,131,924,0.006920199501246893,164.79832458496094
1,5.0,hard,132,931,0.006920199501246893,164.79832458496094
1,5.0,hard,133,938,0.006920199501246893,164.79832458496094
1,5.0,hard,134,945,0.006920199501246893,164.79832458496094
1,5.0,hard,135,952,0.006920199501246893,164.79832458496094
1,5.0,hard,136,959,0.006920199501246893,164.79832458496094
1,5.0,hard,137,966,0.006920199501246893,164.79832458496094
1,5.0,hard,138,973,0.006920199501246893,164.79832458496094
1,5.0,hard,139,980,0.006920199501246893,164.79832458496094
1,5.0,hard,140,987,0.006920199501246893,164.79832458496094
1,5.0,hard,141,994,0.006920199501246893,164.79832458496094
1,5.0,hard,142,1001,0.006920199501246893,164.79832458496094
1,5.0,hard,143,1008,0.006920199501246893,164.79832458496094
1,5.0,hard,144,1015,0.006920199501246893,164.79832458496094
1,5.0,hard,145,1022,0.006920199501246893,164.79832458496094
1,5.0,hard,146,1029,0.006920199501246893,164.79832458496094
1,5.0,hard,147,1036,0.006920199501246893,164.79832458496094
1,5.0,hard,148,1043,0.006920199501246893,164.79832458496094
1,5.0,hard,149,1050,0.006920199501246893,164.79832458496094
1,5.0,hard,150,1057,0.006920199501246893,164.79832458496094
1,5.0,hard,151,1064,0.006920199501246893,164.79832458496094
1,5.0,hard,152,1071,0.006920199501246893,164.79832458496094
1,5.0,hard,153,1078,0.006920199501246893,164.79832458496094
1,5.0,hard,154,1085,0.006920199501246893,164.79832458496094
1,5.0,hard,155,1092,0.006920199501246893,164.79832458496094
1,5.0,hard,156,1099,0.006920199501246893,164.79832458496094
1,5.0,hard,157,1106,0.006920199501246893,164.79832458496094
1,5.0,hard,158,1113,0.006920199501246893,164.79832458496094
1,5.0,hard,159,1120,0.006920199501246893,164.79832458496094
1,5.0,hard,160,1127,0.006920199501246893,164.79832458496094
1,5.0,hard,161,1134,0.006920199501246893,164.79832458496094
1,5.0,hard,162,1141,0.006920199501246893,164.79832458496094
1,5.0,hard,163,1148,0.006920199501246893,164.79832458496094
1,5.0,hard,164,1155,0.006920199501246893,164.79832458496094
1,5.0,hard,165,1162,0.006920199501246893,164.79832458496094
1,5.0,hard,166,1169,0.006920199501246893,164.79832458496094
1,5.0,hard,167,1176,0.006920199501246893,164.79832458496094
1,5.0,hard,168,1183,0.006920199501246893,164.79832458496094
1,5.0,hard,169,1190,0.006920199501246893,164.79832458496094
1,5.0,hard,170,1197,0.006920199501246893,164.79832458496094
1,5.0,hard,171,1204,0.006920199501246893,164.79832458496094
1,5.0,hard,172,1211,0.006920199501246893,164.79832458496094
1,5.0,hard,173,1218,0.006920199501246893,164.79832458496094
1,5.0,hard,174,1225,0.006920199501246893,164.79832458496094
1,5.0,hard,175,1232,0.006920199501246893,164.79832458496094
1,5.0,hard,176,1239,0.006920199501246893,164.79832458496094
1,5.0,hard,177,1246,0.006920199501246893,164.79832458496094
1,5.0,hard,178,1253,0.006920199501246893,164.79832458496094
1,5.0,hard,179,1260,0.006920199501246893,164.79832458496094
1,5.0,hard,180,1267,0.006920199501246893,164.79832458496094
1,5.0,hard,181,1274,0.006920199501246893,164.79832458496094
1,5.0,hard,182,1281,0.006920199501246893,164.79832458496094
1,5.0,hard,183,1288,0.006920199501246893,164.79832458496094
1,5.0,hard,184,1295,0.006920199501246893,164.79832458496094
1,5.0,hard,185,1302,0.006920199501246893,164.79832458496094
1,5.0,hard,186,1309,0.006920199501246893,164.79832458496094
1,5.0,hard,187,1316,0.006920199501246893,164.79832458496094
1,5.0,hard,188,1323,0.006920199501246893,164.79832458496094
1,5.0,hard,189,1330,0.006920199501246893,164.79832458496094
1,5.0,hard,190,1337,0.006920199501246893,164.79832458496094
1,5.0,hard,191,1344,0.006920199501246893,164.79832458496094
1,5.0,hard,192,1351,0.006920199501246893,164.79832458496094
1,5.0,hard,193,1358,0.006920199501246893,164.79832458496094
1,5.0,hard,194,1365,0.006920199501246893,164.79832458496094
1,5.0,hard,195,1372,0.006920199501246893,164.79832458496094
1,5.0,hard,196,1379,0.006920199501246893,164.79832458496094
1,5.0,hard,197,1386,0.006920199501246893,164.79832458496094
1,5.0,hard,198,1393,0.006920199501246893,164.79832458496094
1,5.0,hard,199,1400,0.006920199501246893,164.79832458496094
1,5.0,hard,200,1407,0.006920199501246893,164.79832458496094
1,5.0,hard,201,1414,0.006920199501246893,164.79832458496094
1,5.0,hard,202,1421,0.006920199501246893,164.79832458496094
1,5.0,hard,203,1428,0.006920199501246893,164.79832458496094
1,5.0,hard,204,1435,0.006920199501246893,164.79832458496094
1,5.0,hard,205,1442,0.006920199501246893,164.79832458496094
1,5.0,hard,206,1449,0.006920199501246893,164.79832458496094
1,5.0,hard,207,1456,0.006920199501246893,164.79832458496094
1,5.0,hard,208,1463,0.006920199501246893,164.79832458496094
1,5.0,hard,209,1470,0.006920199501246893,164.79832458496094
1,5.0,hard,210,1477,0.006920199501246893,164.79832458496094
1,5.0,hard,211,1484,0.006920199501246893,164.79832458496094
1,5.0,hard,212,1491,0.006920199501246893,164.79832458496094
1,5.0,hard,213,1498,0.006920199501246893,164.79832458496094
1,5.0,hard,214,1505,0.006920199501246893,164.79832458496094
1,5.0,hard,215,1512,0.006920199501246893,164.79832458496094
1,5.0,hard,216,1519,0.006920199501246893,164.79832458496094
1,5.0,hard,217,1526,0.006920199501246893,164.79832458496094
1,5.0,hard,218,1533,0.006920199501246893,164.79832458496094
1,5.0,hard,219,1540,0.006920199501246893,164.79832458496094
1,5.0,hard,220,1547,0.006920199501246893,164.79832458496094
1,5.0,hard,221,1554,0.006920199501246893,164.79832458496094
1,5.0,hard,222,1561,0.006920199501246893,164.79832458496094
1,5.0,hard,223,1568,0.006920199501246893,164.79832458496094
1,5.0,hard,224,1575,0.006920199501246893,164.79832458496094
1,5.0,hard,225,1582,0.006920199501246893,164.79832458496094
1,5.0,hard,226,1589,0.006920199501246893,164.79832458496094
1,5.0,hard,227,1596,0.006920199501246893,164.79832458496094
1,5.0,hard,228,1603,0.006920199501246893,164.79832458496094
1,5.0,hard,229,1610,0.006920199501246893,164.79832458496094
1,5.0,hard,230,1617,0.006920199501246893,164.79832458496094
1,5.0,hard,231,1624,0.006920199501246893,164.79832458496094
1,5.0,hard,232,1631,0.006920199501246893,164.79832458496094
1,5.0,hard,233,1638,0.006920199501246893,164.79832458496094
1,5.0,hard,234,1645,0.006920199501246893,164.79832458496094
1,5.0,hard,235,1652,0.006920199501246893,164.79832458496094
1,5.0,hard,236,1659,0.006920199501246893,164.79832458496094
1,5.0,hard,237,1666,0.006920199501246893,164.79832458496094
1,5.0,hard,238,1673,0.006920199501246893,164.79832458496094
1,5.0,hard,239,1680,0.006920199501246893,164.79832458496094
1,5.0,hard,240,1687,0.006920199501246893,164.79832458496094
1,5.0,hard,241,1694,0.006920199501246893,164.79832458496094
1,5.0,hard,242,1701,0.006920199501246893,164.79832458496094
1,5.0,hard,243,1708,0.006920199501246893,164.79832458496094
1,5.0,hard,244,1715,0.006920199501246893,164.79832458496094
1,5.0,hard,245,1722,0.006920199501246893,164.79832458496094
1,5.0,hard,246,1729,0.006920199501246893,164.79832458496094
1,5.0,hard,247,1736,0.006920199501246893,164.79832458496094
1,5.0,hard,248,1743,0.006920199501246893,164.79832458496094
1,5.0,hard,249,1750,0.006920199501246893,164.79832458496094
1,5.0,hard,250,1757,0.006920199501246893,164.79832458496094
1,5.0,hard,251,1764,0.006920199501246893,164.79832458496094
1,5.0,hard,252,1771,0.006920199501246893,164.79832458496094
1,5.0,hard,253,1778,0.006920199501246893,164.79832458496094
1,5.0,hard,254,1785,0.006920199501246893,164.79832458496094
1,5.0,hard,255,1792,0.006920199501246893,164.79832458496094
1,5.0,hard,256,1799,0.006920199501246893,164.79832458496094
1,5.0,hard,257,1806,0.006920199501246893,164.79832458496094
1,5.0,hard,258,1813,0.006920199501246893,164.79832458496094
1,5.0,hard,259,1820,0.006920199501246893,164.79832458496094
1,5.0,hard,260,1827,0.006920199501246893,164.79832458496094
1,5.0,hard,261,1834,0.006920199501246893,164.79832458496094
1,5.0,hard,262,1841,0.006920199501246893,164.79832458496094
1,5.0,hard,263,1848,0.006920199501246893,164.79832458496094
1,5.0,hard,264,1855,0.006920199501246893,164.79832458496094
1,5.0,hard,265,1862,0.006920199501246893,164.79832458496094
1,5.0,hard,266,1869,0.006920199501246893,164.79832458496094
1,5.0,hard,267,1876,0.006920199501246893,164.79832458496094
1,5.0,hard,268,1883,0.006920199501246893,164.79832458496094
1,5.0,hard,269,1890,0.006920199501246893,164.79832458496094
1,5.0,hard,270,1897,0.006920199501246893,164.79832458496094
1,5.0,hard,271,1904,0.006920199501246893,164.79832458496094
1,5.0,hard,272,1911,0.006920199501246893,164.79832458496094
1,5.0,hard,273,1918,0.006920199501246893,164.79832458496094
1,5.0,hard,274,1925,0.006920199501246893,164.79832458496094
1,5.0,hard,275,1932,0.006920199501246893,164.79832458496094
1,5.0,hard,276,1939,0.006920199501246893,164.79832458496094
1,5.0,hard,277,1946,0.006920199501246893,164.79832458496094
1,5.0,hard,278,1953,0.006920199501246893,164.79832458496094
1,5.0,hard,279,1960,0.006920199501246893,164.79832458496094
1,5.0,hard,280,1967,0.006920199501246893,164.79832458496094
1,5.0,hard,281,1974,0.006920199501246893,164.79832458496094
1,5.0,hard,282,1981,0.006920199501246893,164.79832458496094
1,5.0,hard,283,1988,0.006920199501246893,164.79832458496094
1,5.0,hard,284,1995,0.006920199501246893,164.79832458496094
1,5.0,hard,285,2002,0.006920199501246893,164.79832458496094
1,5.0,hard,286,2009,0.006920199501246893,164.79832458496094
1,5.0,hard,287,2016,0.006920199501246893,164.79832458496094
1,5.0,hard,288,2023,0.006920199501246893,164.79832458496094
1,5.0,hard,289,2030,0.006920199501246893,164.79832458496094
1,5.0,hard,290,2037,0.006920199501246893,164.79832458496094
1,5.0,hard,291,2044,0.006920199501246893,164.79832458496094
1,5.0,hard,292,2051,0.006920199501246893,164.79832458496094
1,5.0,hard,293,2058,0.006920199501246893,164.79832458496094
1,5.0,hard,294,2065,0.006920199501246893,164.79832458496094
1,5.0,hard,295,2072,0.006920199501246893,164.79832458496094
1,5.0,hard,296,2079,0.006920199501246893,164.79832458496094
1,5.0,hard,297,2086,0.006920199501246893,164.79832458496094
1,5.0,hard,298,2093,0.006920199501246893,164.79832458496094
1,5.0,hard,299,2100,0.006920199501246893,164.79832458496094
1,5.0,hard,300,2107,0.006920199501246893,164.79832458496094
1,5.0,hard,301,2114,0.006920199501246893,164.79832458496094
1,5.0,hard,302,2121,0.006920199501246893,164.79832458496094
1,5.0,hard,303,2128,0.006920199501246893,164.79832458496094
1,5.0,hard,304,2135,0.006920199501246893,164.79832458496094
1,5.0,hard,305,2142,0.006920199501246893,164.79832458496094
1,5.0,hard,306,2149,0.006920199501246893,164.79832458496094
1,5.0,hard,307,2156,0.006920199501246893,164.79832458496094
1,5.0,hard,308,2163,0.006920199501246893,164.79832458496094
1,5.0,hard,309,2170,0.006920199501246893,164.79832458496094
1,5.0,hard,310,2177,0.006920199501246893,164.79832458496094
1,5.0,hard,311,2184,0.006920199501246893,164.79832458496094
1,5.0,hard,312,2191,0.006920199501246893,164.79832458496094
1,5.0,hard,313,2198,0.006920199501246893,164.79832458496094
1,5.0,hard,314,2205,0.006920199501246893,164.79832458496094
1,5.0,hard,315,2212,0.006920199501246893,164.79832458496094
1,5.0,hard,316,2219,0.006920199501246893,164.79832458496094
1,5.0,hard,317,2226,0.006920199501246893,164.79832458496094
1,5.0,hard,318,2233,0.006920199501246893,164.79832458496094
1,5.0,hard,319,2240,0.006920199501246893,164.79832458496094
1,5.0,hard,320,2247,0.006920199501246893,164.79832458496094
1,5.0,hard,321,2254,0.006920199501246893,164.79832458496094
1,5.0,hard,322,2261,0.006920199501246893,164.79832458496094
1,5.0,hard,323,2268,0.006920199501246893,164.79832458496094
1,5.0,hard,324,2275,0.006920199501246893,164.79832458496094
1,5.0,hard,325,2282,0.006920199501246893,164.79832458496094
1,5.0,hard,326,2289,0.006920199501246893,164.79832458496094
1,5.0,hard,327,2296,0.006920199501246893,164.79832458496094
1,5.0,hard,328,2303,0.006920199501246893,164.79832458496094
1,5.0,hard,329,2310,0.006920199501246893,164.79832458496094
1,5.0,hard,330,2317,0.006920199501246893,164.79832458496094
1,5.0,hard,331,2324,0.006920199501246893,164.79832458496094
1,5.0,hard,332,2331,0.006920199501246893,164.79832458496094
1,5.0,hard,333,2338,0.006920199501246893,164.79832458496094
1,5.0,hard,334,2345,0.006920199501246893,164.79832458496094
1,5.0,hard,335,2352,0.006920199501246893,164.79832458496094
1,5.0,hard,336,2359,0.006920199501246893,164.79832458496094
1,5.0,hard,337,2366,0.006920199501246893,164.79832458496094
1,5.0,hard,338,2373,0.006920199501246893,164.79832458496094
1,5.0,hard,339,2380,0.006920199501246893,164.79832458496094
1,5.0,hard,340,2387,0.006920199501246893,164.79832458496094
1,5.0,hard,341,2394,0.006920199501246893,164.79832458496094
1,5.0,hard,342,2401,0.006920199501246893,164.79832458496094
1,5.0,hard,343,2408,0.006920199501246893,164.79832458496094
1,5.0,hard,344,2415,0.006920199501246893,164.79832458496094
1,5.0,hard,345,2422,0.006920199501246893,164.79832458496094
1,5.0,hard,346,2429,0.006920199501246893,164.79832458496094
1,5.0,hard,347,2436,0.006920199501246893,164.79832458496094
1,5.0,hard,348,2443,0.006920199501246893,164.79832458496094
1,5.0,hard,349,2450,0.006920199501246893,164.79832458496094
1,5.0,hard,350,2457,0.006920199501246893,164.79832458496094
1,5.0,hard,351,2464,0.006920199501246893,164.79832458496094
1,5.0,hard,352,2471,0.006920199501246893,164.79832458496094
1,5.0,hard,353,2478,0.006920199501246893,164.79832458496094
1,5.0,hard,354,2485,0.006920199501246893,164.79832458496094
1,5.0,hard,355,2492,0.006920199501246893,164.79832458496094
1,5.0,hard,356,2499,0.006920199501246893,164.79832458496094
1,5.0,hard,357,2506,0.006920199501246893,164.79832458496094
1,5.0,hard,358,2513,0.006920199501246893,164.79832458496094
1,5.0,hard,359,2520,0.006920199501246893,164.79832458496094
1,5.0,hard,360,2527,0.006920199501246893,164.79832458496094
1,5.0,hard,361,2534,0.006920199501246893,164.79832458496094
1,5.0,hard,362,2541,0.006920199501246893,164.79832458496094
1,5.0,hard,363,2548,0.006920199501246893,164.79832458496094
1,5.0,hard,364,2555,0.006920199501246893,164.79832458496094
1,5.0,hard,365,2562,0.006920199501246893,164.79832458496094
1,5.0,hard,366,2569,0.006920199501246893,164.79832458496094
1,5.0,hard,367,2576,0.006920199501246893,164.79832458496094
1,5.0,hard,368,2583,0.006920199501246893,164.79832458496094
1,5.0,hard,369,2590,0.006920199501246893,164.79832458496094
1,5.0,hard,370,2597,0.006920199501246893,164.79832458496094
1,5.0,hard,371,2604,0.006920199501246893,164.79832458496094
1,5.0,hard,372,2611,0.006920199501246893,164.79832458496094
1,5.0,hard,373,2618,0.006920199501246893,164.79832458496094
1,5.0,hard,374,2625,0.006920199501246893,164.79832458496094
1,5.0,hard,375,2632,0.006920199501246893,164.79832458496094
1,5.0,hard,376,2639,0.006920199501246893,164.79832458496094
1,5.0,hard,377,2646,0.006920199501246893,164.79832458496094
1,5.0,hard,378,2653,0.006920199501246893,164.79832458496094
1,5.0,hard,379,2660,0.006920199501246893,164.79832458496094
1,5.0,hard,380,2667,0.006920199501246893,164.79832458496094
1,5.0,hard,381,2674,0.006920199501246893,164.79832458496094
1,5.0,hard,382,2681,0.006920199501246893,164.79832458496094
1,5.0,hard,383,2688,0.006920199501246893,164.79832458496094
1,5.0,hard,384,2695,0.006920199501246893,164.79832458496094
1,5.0,hard,385,2702,0.006920199501246893,164.79832458496094
1,5.0,hard,386,2709,0.006920199501246893,164.79832458496094
1,5.0,hard,387,2716,0.006920199501246893,164.79832458496094
1,5.0,hard,388,2723,0.006920199501246893,164.79832458496094
1,5.0,hard,389,2730,0.006920199501246893,164.79832458496094
1,5.0,hard,390,2737,0.006920199501246893,164.79832458496094
1,5.0,hard,391,2744,0.006920199501246893,164.79832458496094
1,5.0,hard,392,2751,0.006920199501246893,164.79832458496094
1,5.0,hard,393,2758,0.006920199501246893,164.79832458496094
1,5.0,hard,394,2765,0.006920199501246893,164.79832458496094
1,5.0,hard,395,2772,0.006920199501246893,164.79832458496094
1,5.0,hard,396,2779,0.006920199501246893,164.79832458496094
1,5.0,hard,397,2786,0.006920199501246893,164.79832458496094
1,5.0,hard,398,2793,0.006920199501246893,164.79832458496094
1,5.0,hard,399,2800,0.006920199501246893,164.79832458496094
1,5.0,hard,400,2807,0.006920199501246893,164.79832458496094
1,5.0,hard,401,2814,0.006920199501246893,164.79832458496094
1,5.0,hard,402,2821,0.006920199501246893,164.79832458496094
1,5.0,hard,403,2828,0.006920199501246893,164.79832458496094
1,5.0,hard,404,2835,0.006920199501246893,164.79832458496094
1,5.0,hard,405,2842,0.006920199501246893,164.79832458496094
1,5.0,hard,406,2849,0.006920199501246893,164.79832458496094
1,5.0,hard,407,2856,0.006920199501246893,164.79832458496094
1,5.0,hard,408,2863,0.006920199501246893,164.79832458496094
1,5.0,hard,409,2870,0.006920199501246893,164.79832458496094
1,5.0,hard,410,2877,0.006920199501246893,164.79832458496094
1,5.0,hard,411,2884,0.006920199501246893,164.79832458496094
1,5.0,hard,412,2891,0.006920199501246893,164.79832458496094
1,5.0,hard,413,2898,0.006920199501246893,164.79832458496094
1,5.0,hard,414,2905,0.006920199501246893,164.79832458496094
1,5.0,hard,415,2912,0.006920199501246893,164.79832458496094
1,5.0,hard,416,2919,0.006920199501246893,164.79832458496094
1,5.0,hard,417,2926,0.006920199501246893,164.79832458496094
1,5.0,hard,418,2933,0.006920199501246893,164.79832458496094
1,5.0,hard,419,2940,0.006920199501246893,164.79832458496094
1,5.0,hard,420,2947,0.006920199501246893,164.79832458496094
1,5.0,hard,421,2954,0.006920199501246893,164.79832458496094
1,5.0,hard,422,2961,0.006920199501246893,164.79832458496094
1,5.0,hard,423,2968,0.006920199501246893,164.79832458496094
1,5.0,hard,424,2975,0.006920199501246893,164.79832458496094
1,5.0,hard,425,2982,0.006920199501246893,164.79832458496094
1,5.0,hard,426,2989,0.006920199501246893,164.79832458496094
1,5.0,hard,427,2996,0.006920199501246893,164.79832458496094
1,5.0,hard,428,3003,0.006920199501246893,164.79832458496094
1,5.0,hard,429,3010,0.006920199501246893,164.79832458496094
1,5.0,hard,430,3017,0.006920199501246893,164.79832458496094
1,5.0,hard,431,3024,0.006920199501246893,164.79832458496094
1,5.0,hard,432,3031,0.006920199501246893,164.79832458496094
1,5.0,hard,433,3038,0.006920199501246893,164.79832458496094
1,5.0,hard,434,3045,0.006920199501246893,164.79832458496094
1,5.0,hard,435,3052,0.006920199501246893,164.79832458496094
1,5.0,hard,436,3059,0.006920199501246893,164.79832458496094
1,5.0,hard,437,3066,0.006920199501246893,164.79832458496094
1,5.0,hard,438,3073,0.006920199501246893,164.79832458496094
1,5.0,hard,439,3080,0.006920199501246893,164.79832458496094
1,5.0,hard,440,3087,0.006920199501246893,164.79832458496094
1,5.0,hard,441,3094,0.006920199501246893,164.79832458496094
1,5.0,hard,442,3101,0.006920199501246893,164.79832458496094
1,5.0,hard,443,3108,0.006920199501246893,164.79832458496094
1,5.0,hard,444,3115,0.006920199501246893,164.79832458496094
1,5.0,hard,445,3122,0.006920199501246893,164.79832458496094
1,5.0,hard,446,3129,0.006920199501246893,164.79832458496094
1,5.0,hard,447,3136,0.006920199501246893,164.79832458496094
1,5.0,hard,448,3143,0.006920199501246893,164.79832458496094
1,5.0,hard,449,3150,0.006920199501246893,164.79832458496094
1,5.0,hard,450,3157,0.006920199501246893,164.79832458496094
1,5.0,hard,451,3164,0.006920199501246893,164.79832458496094
1,5.0,hard,452,3171,0.006920199501246893,164.79832458496094
1,5.0,hard,453,3178,0.006920199501246893,164.79832458496094
1,5.0,hard,454,3185,0.006920199501246893,164.79832458496094
1,5.0,hard,455,3192,0.006920199501246893,164.79832458496094
1,5.0,hard,456,3199,0.006920199501246893,164.79832458496094
1,5.0,hard,457,3206,0.006920199501246893,164.79832458496094
1,5.0,hard,458,3213,0.006920199501246893,164.79832458496094
1,5.0,hard,459,3220,0.006920199501246893,164.79832458496094
1,5.0,hard,460,3227,0.006920199501246893,164.79832458496094
1,5.0,hard,461,3234,0.006920199501246893,164.79832458496094
1,5.0,hard,462,3241,0.006920199501246893,164.79832458496094
1,5.0,hard,463,3248,0.006920199501246893,164.79832458496094
1,5.0,hard,464,3255,0.006920199501246893,164.79832458496094
1,5.0,hard,465,3262,0.006920199501246893,164.79832458496094
1,5.0,hard,466,3269,0.006920199501246893,164.79832458496094
1,5.0,hard,467,3276,0.006920199501246893,164.79832458496094
1,5.0,hard,468,3283,0.006920199501246893,164.79832458496094
1,5.0,hard,469,3290,0.006920199501246893,164.79832458496094
1,5.0,hard,470,3297,0.006920199501246893,164.79832458496094
1,5.0,hard,471,3304,0.006920199501246893,164.79832458496094
1,5.0,hard,472,3311,0.006920199501246893,164.79832458496094
1,5.0,hard,473,3318,0.006920199501246893,164.79832458496094
1,5.0,hard,474,3325,0.006920199501246893,164.79832458496094
1,5.0,hard,475,3332,0.006920199501246893,164.79832458496094
1,5.0,hard,476,3339,0.006920199501246893,164.79832458496094
1,5.0,hard,477,3346,0.006920199501246893,164.79832458496094
1,5.0,hard,478,3353,0.006920199501246893,164.79832458496094
1,5.0,hard,479,3360,0.006920199501246893,164.79832458496094
1,5.0,hard,480,3367,0.006920199501246893,164.79832458496094
1,5.0,hard,481,3374,0.006920199501246893,164.79832458496094
1,5.0,hard,482,3381,0.006920199501246893,164.79832458496094
1,5.0,hard,483,3388,0.006920199501246893,164.79832458496094
1,5.0,hard,484,3395,0.006920199501246893,164.79832458496094
1,5.0,hard,485,3402,0.006920199501246893,164.79832458496094
1,5.0,hard,486,3409,0.006920199501246893,164.79832458496094
1,5.0,hard,487,3416,0.006920199501246893,164.79832458496094
1,5.0,hard,488,3423,0.006920199501246893,164.79832458496094
1,5.0,hard,489,3430,0.006920199501246893,164.79832458496094
1,5.0,hard,490,3437,0.006920199501246893,164.79832458496094
1,5.0,hard,491,3444,0.006920199501246893,164.79832458496094
1,5.0,hard,492,3451,0.006920199501246893,164.79832458496094
1,5.0,hard,493,3458,0.006920199501246893,164.79832458496094
1,5.0,hard,494,3465,0.006920199501246893,164.79832458496094
1,5.0,hard,495,3472,0.006920199501246893,164.79832458496094
1,5.0,hard,496,3479,0.006920199501246893,164.79832458496094
1,5.0,hard,497,3486,0.006920199501246893,164.79832458496094
1,5.0,hard,498,3493,0.006920199501246893,164.79832458496094
1,5.0,hard,499,3500,0.006920199501246893,164.79832458496094
1,5.0,diff_s2_ow1,0,7,0.005518198013305664,124.79611206054688
1,5.0,diff_s2_ow1,1,14,0.016232848167419434,143.6724853515625
1,5.0,diff_s2_ow1,2,21,0.016232848167419434,143.6724853515625
1,5.0,diff_s2_ow1,3,28,0.016232848167419434,143.6724853515625
1,5.0,diff_s2_ow1,4,35,0.016232848167419434,143.6724853515625
1,5.0,diff_s2_ow1,5,42,0.016232848167419434,143.6724853515625
1,5.0,diff_s2_ow1,6,49,0.016232848167419434,143.6724853515625
1,5.0,diff_s2_ow1,7,56,0.016232848167419434,143.6724853515625
1,5.0,diff_s2_ow1,8,63,0.016232848167419434,143.6724853515625
1,5.0,diff_s2_ow1,9,70,0.016232848167419434,143.6724853515625
1,5.0,diff_s2_ow1,10,77,0.016232848167419434,143.6724853515625
1,5.0,diff_s2_ow1,11,84,0.016232848167419434,143.6724853515625
1,5.0,diff_s2_ow1,12,91,0.016232848167419434,143.6724853515625
1,5.0,diff_s2_ow1,13,98,0.016232848167419434,143.6724853515625
1,5.0,diff_s2_ow1,14,105,0.016232848167419434,143.6724853515625
1,5.0,diff_s2_ow1,15,112,0.016232848167419434,143.6724853515625
1,5.0,diff_s2_ow1,16,119,0.016232848167419434,143.6724853515625
1,5.0,diff_s2_ow1,17,126,0.016232848167419434,143.6724853515625
1,5.0,diff_s2_ow1,18,133,0.016232848167419434,143.6724853515625
1,5.0,diff_s2_ow1,19,140,0.016232848167419434,143.6724853515625
1,5.0,diff_s2_ow1,20,147,0.016232848167419434,143.6724853515625
1,5.0,diff_s2_ow1,21,154,0.016232848167419434,143.6724853515625
1,5.0,diff_s2_ow1,22,161,0.016232848167419434,143.6724853515625
1,5.0,diff_s2_ow1,23,168,0.016232848167419434,143.6724853515625
1,5.0,diff_s2_ow1,24,175,0.016232848167419434,143.6724853515625
1,5.0,diff_s2_ow1,25,182,0.016232848167419434,143.6724853515625
1,5.0,diff_s2_ow1,26,189,0.016232848167419434,143.6724853515625
1,5.0,diff_s2_ow1,27,196,0.016232848167419434,143.6724853515625
1,5.0,diff_s2_ow1,28,203,0.016232848167419434,143.6724853515625
1,5.0,diff_s2_ow1,29,210,0.016232848167419434,143.6724853515625
1,5.0,diff_s2_ow1,30,217,0.016232848167419434,143.6724853515625
1,5.0,diff_s2_ow1,31,224,0.016232848167419434,143.6724853515625
1,5.0,diff_s2_ow1,32,231,0.016232848167419434,143.6724853515625
1,5.0,diff_s2_ow1,33,238,0.016232848167419434,143.6724853515625
1,5.0,diff_s2_ow1,34,245,0.016232848167419434,143.6724853515625
1,5.0,diff_s2_ow1,35,252,0.016232848167419434,143.6724853515625
1,5.0,diff_s2_ow1,36,259,0.016232848167419434,143.6724853515625
1,5.0,diff_s2_ow1,37,266,0.016232848167419434,143.6724853515625
1,5.0,diff_s2_ow1,38,273,0.016232848167419434,143.6724853515625
1,5.0,diff_s2_ow1,39,280,0.016232848167419434,143.6724853515625
1,5.0,diff_s2_ow1,40,287,0.016232848167419434,143.6724853515625
1,5.0,diff_s2_ow1,41,294,0.016232848167419434,143.6724853515625
1,5.0,diff_s2_ow1,42,301,0.016232848167419434,143.6724853515625
1,5.0,diff_s2_ow1,43,308,0.016232848167419434,143.6724853515625
1,5.0,diff_s2_ow1,44,315,0.016232848167419434,143.6724853515625
1,5.0,diff_s2_ow1,45,322,0.016232848167419434,143.6724853515625
1,5.0,diff_s2_ow1,46,329,0.016232848167419434,143.6724853515625
1,5.0,diff_s2_ow1,47,336,0.016232848167419434,143.6724853515625
1,5.0,diff_s2_ow1,48,343,0.027010798454284668,178.824462890625
1,5.0,diff_s2_ow1,49,350,0.027010798454284668,178.824462890625
1,5.0,diff_s2_ow1,50,357,0.027010798454284668,178.824462890625
1,5.0,diff_s2_ow1,51,364,0.027010798454284668,178.824462890625
1,5.0,diff_s2_ow1,52,371,0.027010798454284668,178.824462890625
1,5.0,diff_s2_ow1,53,378,0.027010798454284668,178.824462890625
1,5.0,diff_s2_ow1,54,385,0.027010798454284668,178.824462890625
1,5.0,diff_s2_ow1,55,392,0.027010798454284668,178.824462890625
1,5.0,diff_s2_ow1,56,399,0.027010798454284668,178.824462890625
1,5.0,diff_s2_ow1,57,406,0.027010798454284668,178.824462890625
1,5.0,diff_s2_ow1,58,413,0.027010798454284668,178.824462890625
1,5.0,diff_s2_ow1,59,420,0.027010798454284668,178.824462890625
1,5.0,diff_s2_ow1,60,427,0.027010798454284668,178.824462890625
1,5.0,diff_s2_ow1,61,434,0.027010798454284668,178.824462890625
1,5.0,diff_s2_ow1,62,441,0.027010798454284668,178.824462890625
1,5.0,diff_s2_ow1,63,448,0.027010798454284668,178.824462890625
1,5.0,diff_s2_ow1,64,455,0.027010798454284668,178.824462890625
1,5.0,diff_s2_ow1,65,462,0.027010798454284668,178.824462890625
1,5.0,diff_s2_ow1,66,469,0.027010798454284668,178.824462890625
1,5.0,diff_s2_ow1,67,476,0.027010798454284668,178.824462890625
1,5.0,diff_s2_ow1,68,483,0.027010798454284668,178.824462890625
1,5.0,diff_s2_ow1,69,490,0.027010798454284668,178.824462890625
1,5.0,diff_s2_ow1,70,497,0.027010798454284668,178.824462890625
1,5.0,diff_s2_ow1,71,504,0.027010798454284668,178.824462890625
1,5.0,diff_s2_ow1,72,511,0.027010798454284668,178.824462890625
1,5.0,diff_s2_ow1,73,518,0.027010798454284668,178.824462890625
1,5.0,diff_s2_ow1,74,525,0.027010798454284668,178.824462890625
1,5.0,diff_s2_ow1,75,532,0.027010798454284668,178.824462890625
1,5.0,diff_s2_ow1,76,539,0.027010798454284668,178.824462890625
1,5.0,diff_s2_ow1,77,546,0.027010798454284668,178.824462890625
1,5.0,diff_s2_ow1,78,553,0.027010798454284668,178.824462890625
1,5.0,diff_s2_ow1,79,560,0.027010798454284668,178.824462890625
1,5.0,diff_s2_ow1,80,567,0.027010798454284668,178.824462890625
1,5.0,diff_s2_ow1,81,574,0.027010798454284668,178.824462890625
1,5.0,diff_s2_ow1,82,581,0.027010798454284668,178.824462890625
1,5.0,diff_s2_ow1,83,588,0.027010798454284668,178.824462890625
1,5.0,diff_s2_ow1,84,595,0.027010798454284668,178.824462890625
1,5.0,diff_s2_ow1,85,602,0.027010798454284668,178.824462890625
1,5.0,diff_s2_ow1,86,609,0.027010798454284668,178.824462890625
1,5.0,diff_s2_ow1,87,616,0.027010798454284668,178.824462890625
1,5.0,diff_s2_ow1,88,623,0.027010798454284668,178.824462890625
1,5.0,diff_s2_ow1,89,630,0.027010798454284668,178.824462890625
1,5.0,diff_s2_ow1,90,637,0.027010798454284668,178.824462890625
1,5.0,diff_s2_ow1,91,644,0.027010798454284668,178.824462890625
1,5.0,diff_s2_ow1,92,651,0.027010798454284668,178.824462890625
1,5.0,diff_s2_ow1,93,658,0.027010798454284668,178.824462890625
1,5.0,diff_s2_ow1,94,665,0.027010798454284668,178.824462890625
1,5.0,diff_s2_ow1,95,672,0.027010798454284668,178.824462890625
1,5.0,diff_s2_ow1,96,679,0.027010798454284668,178.824462890625
1,5.0,diff_s2_ow1,97,686,0.027010798454284668,178.824462890625
1,5.0,diff_s2_ow1,98,693,0.027010798454284668,178.824462890625
1,5.0,diff_s2_ow1,99,700,0.027010798454284668,178.824462890625
1,5.0,diff_s2_ow1,100,707,0.027010798454284668,178.824462890625
1,5.0,diff_s2_ow1,101,714,0.027010798454284668,178.824462890625
1,5.0,diff_s2_ow1,102,721,0.027010798454284668,178.824462890625
1,5.0,diff_s2_ow1,103,728,0.027010798454284668,178.824462890625
1,5.0,diff_s2_ow1,104,735,0.027010798454284668,178.824462890625
1,5.0,diff_s2_ow1,105,742,0.027010798454284668,178.824462890625
1,5.0,diff_s2_ow1,106,749,0.027010798454284668,178.824462890625
1,5.0,diff_s2_ow1,107,756,0.027010798454284668,178.824462890625
1,5.0,diff_s2_ow1,108,763,0.027010798454284668,178.824462890625
1,5.0,diff_s2_ow1,109,770,0.027010798454284668,178.824462890625
1,5.0,diff_s2_ow1,110,777,0.027010798454284668,178.824462890625
1,5.0,diff_s2_ow1,111,784,0.027010798454284668,178.824462890625
1,5.0,diff_s2_ow1,112,791,0.027010798454284668,178.824462890625
1,5.0,diff_s2_ow1,113,798,0.027010798454284668,178.824462890625
1,5.0,diff_s2_ow1,114,805,0.027010798454284668,178.824462890625
1,5.0,diff_s2_ow1,115,812,0.027010798454284668,178.824462890625
1,5.0,diff_s2_ow1,116,819,0.027010798454284668,178.824462890625
1,5.0,diff_s2_ow1,117,826,0.027010798454284668,178.824462890625
1,5.0,diff_s2_ow1,118,833,0.027010798454284668,178.824462890625
1,5.0,diff_s2_ow1,119,840,0.027010798454284668,178.824462890625
1,5.0,diff_s2_ow1,120,847,0.027010798454284668,178.824462890625
1,5.0,diff_s2_ow1,121,854,0.027010798454284668,178.824462890625
1,5.0,diff_s2_ow1,122,861,0.027010798454284668,178.824462890625
1,5.0,diff_s2_ow1,123,868,0.027010798454284668,178.824462890625
1,5.0,diff_s2_ow1,124,875,0.027010798454284668,178.824462890625
1,5.0,diff_s2_ow1,125,882,0.027010798454284668,178.824462890625
1,5.0,diff_s2_ow1,126,889,0.027010798454284668,178.824462890625
1,5.0,diff_s2_ow1,127,896,0.027010798454284668,178.824462890625
1,5.0,diff_s2_ow1,128,903,0.027010798454284668,178.824462890625
1,5.0,diff_s2_ow1,129,910,0.027010798454284668,178.824462890625
1,5.0,diff_s2_ow1,130,917,0.027010798454284668,178.824462890625
1,5.0,diff_s2_ow1,131,924,0.027010798454284668,178.824462890625
1,5.0,diff_s2_ow1,132,931,0.027010798454284668,178.824462890625
1,5.0,diff_s2_ow1,133,938,0.027010798454284668,178.824462890625
1,5.0,diff_s2_ow1,134,945,0.027010798454284668,178.824462890625
1,5.0,diff_s2_ow1,135,952,0.027010798454284668,178.824462890625
1,5.0,diff_s2_ow1,136,959,0.027010798454284668,178.824462890625
1,5.0,diff_s2_ow1,137,966,0.027010798454284668,178.824462890625
1,5.0,diff_s2_ow1,138,973,0.027010798454284668,178.824462890625
1,5.0,diff_s2_ow1,139,980,0.027010798454284668,178.824462890625
1,5.0,diff_s2_ow1,140,987,0.027010798454284668,178.824462890625
1,5.0,diff_s2_ow1,141,994,0.027010798454284668,178.824462890625
1,5.0,diff_s2_ow1,142,1001,0.027010798454284668,178.824462890625
1,5.0,diff_s2_ow1,143,1008,0.027010798454284668,178.824462890625
1,5.0,diff_s2_ow1,144,1015,0.027010798454284668,178.824462890625
1,5.0,diff_s2_ow1,145,1022,0.027010798454284668,178.824462890625
1,5.0,diff_s2_ow1,146,1029,0.027010798454284668,178.824462890625
1,5.0,diff_s2_ow1,147,1036,0.027010798454284668,178.824462890625
1,5.0,diff_s2_ow1,148,1043,0.027010798454284668,178.824462890625
1,5.0,diff_s2_ow1,149,1050,0.027010798454284668,178.824462890625
1,5.0,diff_s2_ow1,150,1057,0.027010798454284668,178.824462890625
1,5.0,diff_s2_ow1,151,1064,0.027010798454284668,178.824462890625
1,5.0,diff_s2_ow1,152,1071,0.027010798454284668,178.824462890625
1,5.0,diff_s2_ow1,153,1078,0.027010798454284668,178.824462890625
1,5.0,diff_s2_ow1,154,1085,0.027010798454284668,178.824462890625
1,5.0,diff_s2_ow1,155,1092,0.027010798454284668,178.824462890625
1,5.0,diff_s2_ow1,156,1099,0.027010798454284668,178.824462890625
1,5.0,diff_s2_ow1,157,1106,0.027010798454284668,178.824462890625
1,5.0,diff_s2_ow1,158,1113,0.027010798454284668,178.824462890625
1,5.0,diff_s2_ow1,159,1120,0.027010798454284668,178.824462890625
1,5.0,diff_s2_ow1,160,1127,0.027010798454284668,178.824462890625
1,5.0,diff_s2_ow1,161,1134,0.027010798454284668,178.824462890625
1,5.0,diff_s2_ow1,162,1141,0.027010798454284668,178.824462890625
1,5.0,diff_s2_ow1,163,1148,0.027010798454284668,178.824462890625
1,5.0,diff_s2_ow1,164,1155,0.027010798454284668,178.824462890625
1,5.0,diff_s2_ow1,165,1162,0.027010798454284668,178.824462890625
1,5.0,diff_s2_ow1,166,1169,0.027010798454284668,178.824462890625
1,5.0,diff_s2_ow1,167,1176,0.027010798454284668,178.824462890625
1,5.0,diff_s2_ow1,168,1183,0.027010798454284668,178.824462890625
1,5.0,diff_s2_ow1,169,1190,0.027010798454284668,178.824462890625
1,5.0,diff_s2_ow1,170,1197,0.027010798454284668,178.824462890625
1,5.0,diff_s2_ow1,171,1204,0.027010798454284668,178.824462890625
1,5.0,diff_s2_ow1,172,1211,0.027010798454284668,178.824462890625
1,5.0,diff_s2_ow1,173,1218,0.027010798454284668,178.824462890625
1,5.0,diff_s2_ow1,174,1225,0.027010798454284668,178.824462890625
1,5.0,diff_s2_ow1,175,1232,0.027010798454284668,178.824462890625
1,5.0,diff_s2_ow1,176,1239,0.027010798454284668,178.824462890625
1,5.0,diff_s2_ow1,177,1246,0.027010798454284668,178.824462890625
1,5.0,diff_s2_ow1,178,1253,0.027010798454284668,178.824462890625
1,5.0,diff_s2_ow1,179,1260,0.027010798454284668,178.824462890625
1,5.0,diff_s2_ow1,180,1267,0.027010798454284668,178.824462890625
1,5.0,diff_s2_ow1,181,1274,0.027010798454284668,178.824462890625
1,5.0,diff_s2_ow1,182,1281,0.027010798454284668,178.824462890625
1,5.0,diff_s2_ow1,183,1288,0.027010798454284668,178.824462890625
1,5.0,diff_s2_ow1,184,1295,0.027010798454284668,178.824462890625
1,5.0,diff_s2_ow1,185,1302,0.027010798454284668,178.824462890625
1,5.0,diff_s2_ow1,186,1309,0.027010798454284668,178.824462890625
1,5.0,diff_s2_ow1,187,1316,0.027010798454284668,178.824462890625
1,5.0,diff_s2_ow1,188,1323,0.027010798454284668,178.824462890625
1,5.0,diff_s2_ow1,189,1330,0.027010798454284668,178.824462890625
1,5.0,diff_s2_ow1,190,1337,0.027010798454284668,178.824462890625
1,5.0,diff_s2_ow1,191,1344,0.027010798454284668,178.824462890625
1,5.0,diff_s2_ow1,192,1351,0.027010798454284668,178.824462890625
1,5.0,diff_s2_ow1,193,1358,0.027010798454284668,178.824462890625
1,5.0,diff_s2_ow1,194,1365,0.027010798454284668,178.824462890625
1,5.0,diff_s2_ow1,195,1372,0.027010798454284668,178.824462890625
1,5.0,diff_s2_ow1,196,1379,0.027010798454284668,178.824462890625
1,5.0,diff_s2_ow1,197,1386,0.027010798454284668,178.824462890625
1,5.0,diff_s2_ow1,198,1393,0.027010798454284668,178.824462890625
1,5.0,diff_s2_ow1,199,1400,0.027010798454284668,178.824462890625
1,5.0,diff_s2_ow1,200,1407,0.027010798454284668,178.824462890625
1,5.0,diff_s2_ow1,201,1414,0.027010798454284668,178.824462890625
1,5.0,diff_s2_ow1,202,1421,0.027010798454284668,178.824462890625
1,5.0,diff_s2_ow1,203,1428,0.027010798454284668,178.824462890625
1,5.0,diff_s2_ow1,204,1435,0.027010798454284668,178.824462890625
1,5.0,diff_s2_ow1,205,1442,0.027010798454284668,178.824462890625
1,5.0,diff_s2_ow1,206,1449,0.027010798454284668,178.824462890625
1,5.0,diff_s2_ow1,207,1456,0.027010798454284668,178.824462890625
1,5.0,diff_s2_ow1,208,1463,0.027010798454284668,178.824462890625
1,5.0,diff_s2_ow1,209,1470,0.027010798454284668,178.824462890625
1,5.0,diff_s2_ow1,210,1477,0.027010798454284668,178.824462890625
1,5.0,diff_s2_ow1,211,1484,0.027010798454284668,178.824462890625
1,5.0,diff_s2_ow1,212,1491,0.027010798454284668,178.824462890625
1,5.0,diff_s2_ow1,213,1498,0.027010798454284668,178.824462890625
1,5.0,diff_s2_ow1,214,1505,0.027010798454284668,178.824462890625
1,5.0,diff_s2_ow1,215,1512,0.027010798454284668,178.824462890625
1,5.0,diff_s2_ow1,216,1519,0.027010798454284668,178.824462890625
1,5.0,diff_s2_ow1,217,1526,0.027010798454284668,178.824462890625
2,1.0,hard,0,7,0.0,29.40237808227539
2,1.0,hard,1,14,0.0,29.40237808227539
2,1.0,hard,2,21,0.0,29.40237808227539
2,1.0,hard,3,28,0.0,29.40237808227539
2,1.0,hard,4,35,0.0,29.40237808227539
2,1.0,hard,5,42,0.0,29.40237808227539
2,1.0,hard,6,49,0.0,29.40237808227539
2,1.0,hard,7,56,0.0,29.40237808227539
2,1.0,hard,8,63,0.0,29.40237808227539
2,1.0,hard,9,70,0.0,29.40237808227539
2,1.0,hard,10,77,0.0,29.40237808227539
2,1.0,hard,11,84,0.0,29.40237808227539
2,1.0,hard,12,91,0.0,29.40237808227539
2,1.0,hard,13,98,0.0,29.40237808227539
2,1.0,hard,14,105,0.0012499999999999734,62.86038589477539
2,1.0,hard,15,112,0.0012499999999999734,62.86038589477539
2,1.0,hard,16,119,0.0012499999999999734,62.86038589477539
2,1.0,hard,17,126,0.0012499999999999734,62.86038589477539
2,1.0,hard,18,133,0.0012499999999999734,62.86038589477539
2,1.0,hard,19,140,0.0012499999999999734,62.86038589477539
2,1.0,hard,20,147,0.0012499999999999734,62.86038589477539
2,1.0,hard,21,154,0.0012499999999999734,62.86038589477539
2,1.0,hard,22,161,0.0012499999999999734,62.86038589477539
2,1.0,hard,23,168,0.0012499999999999734,62.86038589477539
2,1.0,hard,24,175,0.0012499999999999734,62.86038589477539
2,1.0,hard,25,182,0.0012499999999999734,62.86038589477539
2,1.0,hard,26,189,0.0012499999999999734,62.86038589477539
2,1.0,hard,27,196,0.0012499999999999734,62.86038589477539
2,1.0,hard,28,203,0.0012499999999999734,62.86038589477539
2,1.0,hard,29,210,0.0012499999999999734,62.86038589477539
2,1.0,hard,30,217,0.0012499999999999734,62.86038589477539
2,1.0,hard,31,224,0.0012499999999999734,62.86038589477539
2,1.0,hard,32,231,0.001879699248120259,104.11602020263672
2,1.0,hard,33,238,0.001879699248120259,104.11602020263672
2,1.0,hard,34,245,0.001879699248120259,104.11602020263672
2,1.0,hard,35,252,0.001879699248120259,104.11602020263672
2,1.0,hard,36,259,0.001879699248120259,104.11602020263672
2,1.0,hard,37,266,0.001879699248120259,104.11602020263672
2,1.0,hard,38,273,0.001879699248120259,104.11602020263672
2,1.0,hard,39,280,0.001879699248120259,104.11602020263672
2,1.0,hard,40,287,0.001879699248120259,104.11602020263672
2,1.0,hard,41,294,0.001879699248120259,104.11602020263672
2,1.0,hard,42,301,0.001879699248120259,104.11602020263672
2,1.0,hard,43,308,0.001879699248120259,104.11602020263672
2,1.0,hard,44,315,0.001879699248120259,104.11602020263672
2,1.0,hard,45,322,0.001879699248120259,104.11602020263672
2,1.0,hard,46,329,0.001879699248120259,104.11602020263672
2,1.0,hard,47,336,0.001879699248120259,104.11602020263672
2,1.0,hard,48,343,0.001879699248120259,104.11602020263672
2,1.0,hard,49,350,0.001879699248120259,104.11602020263672
2,1.0,hard,50,357,0.001879699248120259,104.11602020263672
2,1.0,hard,51,364,0.001879699248120259,104.11602020263672
2,1.0,hard,52,371,0.001879699248120259,104.11602020263672
2,1.0,hard,53,378,0.001879699248120259,104.11602020263672
2,1.0,hard,54,385,0.001879699248120259,104.11602020263672
2,1.0,hard,55,392,0.001879699248120259,104.11602020263672
2,1.0,hard,56,399,0.001879699248120259,104.11602020263672
2,1.0,hard,57,406,0.001879699248120259,104.11602020263672
2,1.0,hard,58,413,0.001879699248120259,104.11602020263672
2,1.0,hard,59,420,0.001879699248120259,104.11602020263672
2,1.0,hard,60,427,0.001879699248120259,104.11602020263672
2,1.0,hard,61,434,0.001879699248120259,104.11602020263672
2,1.0,hard,62,441,0.001879699248120259,104.11602020263672
2,1.0,hard,63,448,0.001879699248120259,104.11602020263672
2,1.0,hard,64,455,0.001879699248120259,104.11602020263672
2,1.0,hard,65,462,0.001879699248120259,104.11602020263672
2,1.0,hard,66,469,0.0029093931837074205,86.11422729492188
2,1.0,hard,67,476,0.0029093931837074205,86.11422729492188
2,1.0,hard,68,483,0.0029093931837074205,86.11422729492188
2,1.0,hard,69,490,0.0029093931837074205,86.11422729492188
2,1.0,hard,70,497,0.0029093931837074205,86.11422729492188
2,1.0,hard,71,504,0.0029093931837074205,86.11422729492188
2,1.0,hard,72,511,0.0029093931837074205,86.11422729492188
2,1.0,hard,73,518,0.0029093931837074205,86.11422729492188
2,1.0,hard,74,525,0.0029093931837074205,86.11422729492188
2,1.0,hard,75,532,0.0029093931837074205,86.11422729492188
2,1.0,hard,76,539,0.0029093931837074205,86.11422729492188
2,1.0,hard,77,546,0.0029093931837074205,86.11422729492188
2,1.0,hard,78,553,0.0029093931837074205,86.11422729492188
2,1.0,hard,79,560,0.0029093931837074205,86.11422729492188
2,1.0,hard,80,567,0.003667481662591676,111.9356918334961
2,1.0,hard,81,574,0.003667481662591676,111.9356918334961
2,1.0,hard,82,581,0.003667481662591676,111.9356918334961
2,1.0,hard,83,588,0.003667481662591676,111.9356918334961
2,1.0,hard,84,595,0.003667481662591676,111.9356918334961
2,1.0,hard,85,602,0.003667481662591676,111.9356918334961
2,1.0,hard,86,609,0.003667481662591676,111.9356918334961
2,1.0,hard,87,616,0.003667481662591676,111.9356918334961
2,1.0,hard,88,623,0.003667481662591676,111.9356918334961
2,1.0,hard,89,630,0.003667481662591676,111.9356918334961
2,1.0,hard,90,637,0.003667481662591676,111.9356918334961
2,1.0,hard,91,644,0.003667481662591676,111.9356918334961
2,1.0,hard,92,651,0.003667481662591676,111.9356918334961
2,1.0,hard,93,658,0.003667481662591676,111.9356918334961
2,1.0,hard,94,665,0.003667481662591676,111.9356918334961
2,1.0,hard,95,672,0.003667481662591676,111.9356918334961
2,1.0,hard,96,679,0.003667481662591676,111.9356918334961
2,1.0,hard,97,686,0.003667481662591676,111.9356918334961
2,1.0,hard,98,693,0.003667481662591676,111.9356918334961
2,1.0,hard,99,700,0.003667481662591676,111.9356918334961
2,1.0,hard,100,707,0.003667481662591676,111.9356918334961
2,1.0,hard,101,714,0.003667481662591676,111.9356918334961
2,1.0,hard,102,721,0.003667481662591676,111.9356918334961
2,1.0,hard,103,728,0.003667481662591676,111.9356918334961
2,1.0,hard,104,735,0.003667481662591676,111.9356918334961
2,1.0,hard,105,742,0.003667481662591676,111.9356918334961
2,1.0,hard,106,749,0.003667481662591676,111.9356918334961
2,1.0,hard,107,756,0.003667481662591676,111.9356918334961
2,1.0,hard,108,763,0.003667481662591676,111.9356918334961
2,1.0,hard,109,770,0.003667481662591676,111.9356918334961
2,1.0,hard,110,777,0.003667481662591676,111.9356918334961
2,1.0,hard,111,784,0.003667481662591676,111.9356918334961
2,1.0,hard,112,791,0.003667481662591676,111.9356918334961
2,1.0,hard,113,798,0.003667481662591676,111.9356918334961
2,1.0,hard,114,805,0.003667481662591676,111.9356918334961
2,1.0,hard,115,812,0.003667481662591676,111.9356918334961
2,1.0,hard,116,819,0.003667481662591676,111.9356918334961
2,1.0,hard,117,826,0.003667481662591676,111.9356918334961
2,1.0,hard,118,833,0.003667481662591676,111.9356918334961
2,1.0,hard,119,840,0.003667481662591676,111.9356918334961
2,1.0,hard,120,847,0.003667481662591676,111.9356918334961
2,1.0,hard,121,854,0.003667481662591676,111.9356918334961
2,1.0,hard,122,861,0.003667481662591676,111.9356918334961
2,1.0,hard,123,868,0.003667481662591676,111.9356918334961
2,1.0,hard,124,875,0.003667481662591676,111.9356918334961
2,1.0,hard,125,882,0.003667481662591676,111.9356918334961
2,1.0,hard,126,889,0.003667481662591676,111.9356918334961
2,1.0,hard,127,896,0.003667481662591676,111.9356918334961
2,1.0,hard,128,903,0.003667481662591676,111.9356918334961
2,1.0,hard,129,910,0.003667481662591676,111.9356918334961
2,1.0,hard,130,917,0.003667481662591676,111.9356918334961
2,1.0,hard,131,924,0.003667481662591676,111.9356918334961
2,1.0,hard,132,931,0.003667481662591676,111.9356918334961
2,1.0,hard,133,938,0.003667481662591676,111.9356918334961
2,1.0,hard,134,945,0.003667481662591676,111.9356918334961
2,1.0,hard,135,952,0.003667481662591676,111.9356918334961
2,1.0,hard,136,959,0.003667481662591676,111.9356918334961
2,1.0,hard,137,966,0.003667481662591676,111.9356918334961
2,1.0,hard,138,973,0.003667481662591676,111.9356918334961
2,1.0,hard,139,980,0.003667481662591676,111.9356918334961
2,1.0,hard,140,987,0.003667481662591676,111.9356918334961
2,1.0,hard,141,994,0.003667481662591676,111.9356918334961
2,1.0,hard,142,1001,0.003667481662591676,111.9356918334961
2,1.0,hard,143,1008,0.003667481662591676,111.9356918334961
2,1.0,hard,144,1015,0.003667481662591676,111.9356918334961
2,1.0,hard,145,1022,0.003667481662591676,111.9356918334961
2,1.0,hard,146,1029,0.003667481662591676,111.9356918334961
2,1.0,hard,147,1036,0.003667481662591676,111.9356918334961
2,1.0,hard,148,1043,0.003667481662591676,111.9356918334961
2,1.0,hard,149,1050,0.003667481662591676,111.9356918334961
2,1.0,hard,150,1057,0.003667481662591676,111.9356918334961
2,1.0,hard,151,1064,0.003667481662591676,111.9356918334961
2,1.0,hard,152,1071,0.003667481662591676,111.9356918334961
2,1.0,hard,153,1078,0.003667481662591676,111.9356918334961
2,1.0,hard,154,1085,0.003667481662591676,111.9356918334961
2,1.0,hard,155,1092,0.003667481662591676,111.9356918334961
2,1.0,hard,156,1099,0.003667481662591676,111.9356918334961
2,1.0,hard,157,1106,0.003667481662591676,111.9356918334961
2,1.0,hard,158,1113,0.003667481662591676,111.9356918334961
2,1.0,hard,159,1120,0.003667481662591676,111.9356918334961
2,1.0,hard,160,1127,0.003667481662591676,111.9356918334961
2,1.0,hard,161,1134,0.003667481662591676,111.9356918334961
2,1.0,hard,162,1141,0.003667481662591676,111.9356918334961
2,1.0,hard,163,1148,0.003667481662591676,111.9356918334961
2,1.0,hard,164,1155,0.003667481662591676,111.9356918334961
2,1.0,hard,165,1162,0.003667481662591676,111.9356918334961
2,1.0,hard,166,1169,0.003667481662591676,111.9356918334961
2,1.0,hard,167,1176,0.003667481662591676,111.9356918334961
2,1.0,hard,168,1183,0.003667481662591676,111.9356918334961
2,1.0,hard,169,1190,0.003667481662591676,111.9356918334961
2,1.0,hard,170,1197,0.003667481662591676,111.9356918334961
2,1.0,hard,171,1204,0.003667481662591676,111.9356918334961
2,1.0,hard,172,1211,0.003667481662591676,111.9356918334961
2,1.0,hard,173,1218,0.003667481662591676,111.9356918334961
2,1.0,hard,174,1225,0.003667481662591676,111.9356918334961
2,1.0,hard,175,1232,0.003667481662591676,111.9356918334961
2,1.0,hard,176,1239,0.003667481662591676,111.9356918334961
2,1.0,hard,177,1246,0.003667481662591676,111.9356918334961
2,1.0,hard,178,1253,0.003667481662591676,111.9356918334961
2,1.0,hard,179,1260,0.003667481662591676,111.9356918334961
2,1.0,hard,180,1267,0.003667481662591676,111.9356918334961
2,1.0,hard,181,1274,0.003667481662591676,111.9356918334961
2,1.0,hard,182,1281,0.003667481662591676,111.9356918334961
2,1.0,hard,183,1288,0.003667481662591676,111.9356918334961
2,1.0,hard,184,1295,0.003667481662591676,111.9356918334961
2,1.0,hard,185,1302,0.003667481662591676,111.9356918334961
2,1.0,hard,186,1309,0.003667481662591676,111.9356918334961
2,1.0,hard,187,1316,0.003667481662591676,111.9356918334961
2,1.0,hard,188,1323,0.003667481662591676,111.9356918334961
2,1.0,hard,189,1330,0.003667481662591676,111.9356918334961
2,1.0,hard,190,1337,0.003667481662591676,111.9356918334961
2,1.0,hard,191,1344,0.003667481662591676,111.9356918334961
2,1.0,hard,192,1351,0.003667481662591676,111.9356918334961
2,1.0,hard,193,1358,0.003667481662591676,111.9356918334961
2,1.0,hard,194,1365,0.003667481662591676,111.9356918334961
2,1.0,hard,195,1372,0.003667481662591676,111.9356918334961
2,1.0,hard,196,1379,0.003667481662591676,111.9356918334961
2,1.0,hard,197,1386,0.003667481662591676,111.9356918334961
2,1.0,hard,198,1393,0.003667481662591676,111.9356918334961
2,1.0,hard,199,1400,0.003667481662591676,111.9356918334961
2,1.0,hard,200,1407,0.003667481662591676,111.9356918334961
2,1.0,hard,201,1414,0.003667481662591676,111.9356918334961
2,1.0,hard,202,1421,0.003667481662591676,111.9356918334961
2,1.0,hard,203,1428,0.003667481662591676,111.9356918334961
2,1.0,hard,204,1435,0.003667481662591676,111.9356918334961
2,1.0,hard,205,1442,0.003667481662591676,111.9356918334961
2,1.0,hard,206,1449,0.003667481662591676,111.9356918334961
2,1.0,hard,207,1456,0.003667481662591676,111.9356918334961
2,1.0,hard,208,1463,0.003667481662591676,111.9356918334961
2,1.0,hard,209,1470,0.003667481662591676,111.9356918334961
2,1.0,hard,210,1477,0.003667481662591676,111.9356918334961
2,1.0,hard,211,1484,0.003667481662591676,111.9356918334961
2,1.0,hard,212,1491,0.003667481662591676,111.9356918334961
2,1.0,hard,213,1498,0.003667481662591676,111.9356918334961
2,1.0,hard,214,1505,0.003667481662591676,111.9356918334961
2,1.0,hard,215,1512,0.003667481662591676,111.9356918334961
2,1.0,hard,216,1519,0.003667481662591676,111.9356918334961
2,1.0,hard,217,1526,0.003667481662591676,111.9356918334961
2,1.0,hard,218,1533,0.003667481662591676,111.9356918334961
2,1.0,hard,219,1540,0.003667481662591676,111.9356918334961
2,1.0,hard,220,1547,0.003667481662591676,111.9356918334961
2,1.0,hard,221,1554,0.003667481662591676,111.9356918334961
2,1.0,hard,222,1561,0.003667481662591676,111.9356918334961
2,1.0,hard,223,1568,0.003667481662591676,111.9356918334961
2,1.0,hard,224,1575,0.003667481662591676,111.9356918334961
2,1.0,hard,225,1582,0.003667481662591676,111.9356918334961
2,1.0,hard,226,1589,0.003667481662591676,111.9356918334961
2,1.0,hard,227,1596,0.003667481662591676,111.9356918334961
2,1.0,hard,228,1603,0.003667481662591676,111.9356918334961
2,1.0,hard,229,1610,0.003667481662591676,111.9356918334961
2,1.0,hard,230,1617,0.003667481662591676,111.9356918334961
2,1.0,hard,231,1624,0.003667481662591676,111.9356918334961
2,1.0,hard,232,1631,0.003667481662591676,111.9356918334961
2,1.0,hard,233,1638,0.003667481662591676,111.9356918334961
2,1.0,hard,234,1645,0.003667481662591676,111.9356918334961
2,1.0,hard,235,1652,0.003667481662591676,111.9356918334961
2,1.0,hard,236,1659,0.003667481662591676,111.9356918334961
2,1.0,hard,237,1666,0.003667481662591676,111.9356918334961
2,1.0,hard,238,1673,0.003667481662591676,111.9356918334961
2,1.0,hard,239,1680,0.003667481662591676,111.9356918334961
2,1.0,hard,240,1687,0.003667481662591676,111.9356918334961
2,1.0,hard,241,1694,0.003667481662591676,111.9356918334961
2,1.0,hard,242,1701,0.003667481662591676,111.9356918334961
2,1.0,hard,243,1708,0.003667481662591676,111.9356918334961
2,1.0,hard,244,1715,0.003667481662591676,111.9356918334961
2,1.0,hard,245,1722,0.003667481662591676,111.9356918334961
2,1.0,hard,246,1729,0.003667481662591676,111.9356918334961
2,1.0,hard,247,1736,0.003667481662591676,111.9356918334961
2,1.0,hard,248,1743,0.003667481662591676,111.9356918334961
2,1.0,hard,249,1750,0.003667481662591676,111.9356918334961
2,1.0,hard,250,1757,0.003667481662591676,111.9356918334961
2,1.0,hard,251,1764,0.003667481662591676,111.9356918334961
2,1.0,hard,252,1771,0.003667481662591676,111.9356918334961
2,1.0,hard,253,1778,0.003667481662591676,111.9356918334961
2,1.0,hard,254,1785,0.003667481662591676,111.9356918334961
2,1.0,hard,255,1792,0.003667481662591676,111.9356918334961
2,1.0,hard,256,1799,0.003667481662591676,111.9356918334961
2,1.0,hard,257,1806,0.003667481662591676,111.9356918334961
2,1.0,hard,258,1813,0.003667481662591676,111.9356918334961
2,1.0,hard,259,1820,0.003667481662591676,111.9356918334961
2,1.0,hard,260,1827,0.003667481662591676,111.9356918334961
2,1.0,hard,261,1834,0.003667481662591676,111.9356918334961
2,1.0,hard,262,1841,0.003667481662591676,111.9356918334961
2,1.0,hard,263,1848,0.003667481662591676,111.9356918334961
2,1.0,hard,264,1855,0.003667481662591676,111.9356918334961
2,1.0,hard,265,1862,0.003667481662591676,111.9356918334961
2,1.0,hard,266,1869,0.003667481662591676,111.9356918334961
2,1.0,hard,267,1876,0.003667481662591676,111.9356918334961
2,1.0,hard,268,1883,0.003667481662591676,111.9356918334961
2,1.0,hard,269,1890,0.003667481662591676,111.9356918334961
2,1.0,hard,270,1897,0.003667481662591676,111.9356918334961
2,1.0,hard,271,1904,0.003667481662591676,111.9356918334961
2,1.0,hard,272,1911,0.003667481662591676,111.9356918334961
2,1.0,hard,273,1918,0.003667481662591676,111.9356918334961
2,1.0,hard,274,1925,0.003667481662591676,111.9356918334961
2,1.0,hard,275,1932,0.003667481662591676,111.9356918334961
2,1.0,hard,276,1939,0.003667481662591676,111.9356918334961
2,1.0,hard,277,1946,0.003667481662591676,111.9356918334961
2,1.0,hard,278,1953,0.003667481662591676,111.9356918334961
2,1.0,hard,279,1960,0.003667481662591676,111.9356918334961
2,1.0,hard,280,1967,0.003667481662591676,111.9356918334961
2,1.0,hard,281,1974,0.003667481662591676,111.9356918334961
2,1.0,hard,282,1981,0.003667481662591676,111.9356918334961
2,1.0,hard,283,1988,0.003667481662591676,111.9356918334961
2,1.0,hard,284,1995,0.003667481662591676,111.9356918334961
2,1.0,hard,285,2002,0.003667481662591676,111.9356918334961
2,1.0,hard,286,2009,0.003667481662591676,111.9356918334961
2,1.0,hard,287,2016,0.003667481662591676,111.9356918334961
2,1.0,hard,288,2023,0.003667481662591676,111.9356918334961
2,1.0,hard,289,2030,0.003667481662591676,111.9356918334961
2,1.0,hard,290,2037,0.003667481662591676,111.9356918334961
2,1.0,hard,291,2044,0.003667481662591676,111.9356918334961
2,1.0,hard,292,2051,0.003667481662591676,111.9356918334961
2,1.0,hard,293,2058,0.003667481662591676,111.9356918334961
2,1.0,hard,294,2065,0.003667481662591676,111.9356918334961
2,1.0,hard,295,2072,0.003667481662591676,111.9356918334961
2,1.0,hard,296,2079,0.003667481662591676,111.9356918334961
2,1.0,hard,297,2086,0.003667481662591676,111.9356918334961
2,1.0,hard,298,2093,0.003667481662591676,111.9356918334961
2,1.0,hard,299,2100,0.003667481662591676,111.9356918334961
2,1.0,hard,300,2107,0.003667481662591676,111.9356918334961
2,1.0,hard,301,2114,0.003667481662591676,111.9356918334961
2,1.0,hard,302,2121,0.003667481662591676,111.9356918334961
2,1.0,hard,303,2128,0.003667481662591676,111.9356918334961
2,1.0,hard,304,2135,0.003667481662591676,111.9356918334961
2,1.0,hard,305,2142,0.003667481662591676,111.9356918334961
2,1.0,hard,306,2149,0.003667481662591676,111.9356918334961
2,1.0,hard,307,2156,0.003667481662591676,111.9356918334961
2,1.0,hard,308,2163,0.003667481662591676,111.9356918334961
2,1.0,hard,309,2170,0.003667481662591676,111.9356918334961
2,1.0,hard,310,2177,0.003667481662591676,111.9356918334961
2,1.0,hard,311,2184,0.003667481662591676,111.9356918334961
2,1.0,hard,312,2191,0.003667481662591676,111.9356918334961
2,1.0,hard,313,2198,0.003667481662591676,111.9356918334961
2,1.0,hard,314,2205,0.003667481662591676,111.9356918334961
2,1.0,hard,315,2212,0.003667481662591676,111.9356918334961
2,1.0,hard,316,2219,0.003667481662591676,111.9356918334961
2,1.0,hard,317,2226,0.003667481662591676,111.9356918334961
2,1.0,hard,318,2233,0.003667481662591676,111.9356918334961
2,1.0,hard,319,2240,0.003667481662591676,111.9356918334961
2,1.0,hard,320,2247,0.003667481662591676,111.9356918334961
2,1.0,hard,321,2254,0.003667481662591676,111.9356918334961
2,1.0,hard,322,2261,0.003667481662591676,111.9356918334961
2,1.0,hard,323,2268,0.003667481662591676,111.9356918334961
2,1.0,hard,324,2275,0.003667481662591676,111.9356918334961
2,1.0,hard,325,2282,0.003667481662591676,111.9356918334961
2,1.0,hard,326,2289,0.003667481662591676,111.9356918334961
2,1.0,hard,327,2296,0.003667481662591676,111.9356918334961
2,1.0,hard,328,2303,0.003667481662591676,111.9356918334961
2,1.0,hard,329,2310,0.003667481662591676,111.9356918334961
2,1.0,hard,330,2317,0.003667481662591676,111.9356918334961
2,1.0,hard,331,2324,0.003667481662591676,111.9356918334961
2,1.0,hard,332,2331,0.003667481662591676,111.9356918334961
2,1.0,hard,333,2338,0.003667481662591676,111.9356918334961
2,1.0,hard,334,2345,0.003667481662591676,111.9356918334961
2,1.0,hard,335,2352,0.003667481662591676,111.9356918334961
2,1.0,hard,336,2359,0.003667481662591676,111.9356918334961
2,1.0,hard,337,2366,0.003667481662591676,111.9356918334961
2,1.0,hard,338,2373,0.003667481662591676,111.9356918334961
2,1.0,hard,339,2380,0.003667481662591676,111.9356918334961
2,1.0,hard,340,2387,0.003667481662591676,111.9356918334961
2,1.0,hard,341,2394,0.003667481662591676,111.9356918334961
2,1.0,hard,342,2401,0.003667481662591676,111.9356918334961
2,1.0,hard,343,2408,0.003667481662591676,111.9356918334961
2,1.0,hard,344,2415,0.003667481662591676,111.9356918334961
2,1.0,hard,345,2422,0.003667481662591676,111.9356918334961
2,1.0,hard,346,2429,0.003667481662591676,111.9356918334961
2,1.0,hard,347,2436,0.003667481662591676,111.9356918334961
2,1.0,hard,348,2443,0.003667481662591676,111.9356918334961
2,1.0,hard,349,2450,0.003667481662591676,111.9356918334961
2,1.0,hard,350,2457,0.003667481662591676,111.9356918334961
2,1.0,hard,351,2464,0.003667481662591676,111.9356918334961
2,1.0,hard,352,2471,0.003667481662591676,111.9356918334961
2,1.0,hard,353,2478,0.003667481662591676,111.9356918334961
2,1.0,hard,354,2485,0.003667481662591676,111.9356918334961
2,1.0,hard,355,2492,0.003667481662591676,111.9356918334961
2,1.0,hard,356,2499,0.003667481662591676,111.9356918334961
2,1.0,hard,357,2506,0.003667481662591676,111.9356918334961
2,1.0,hard,358,2513,0.003667481662591676,111.9356918334961
2,1.0,hard,359,2520,0.003667481662591676,111.9356918334961
2,1.0,hard,360,2527,0.003667481662591676,111.9356918334961
2,1.0,hard,361,2534,0.003667481662591676,111.9356918334961
2,1.0,hard,362,2541,0.003667481662591676,111.9356918334961
2,1.0,hard,363,2548,0.003667481662591676,111.9356918334961
2,1.0,hard,364,2555,0.003667481662591676,111.9356918334961
2,1.0,hard,365,2562,0.003667481662591676,111.9356918334961
2,1.0,hard,366,2569,0.003667481662591676,111.9356918334961
2,1.0,hard,367,2576,0.003667481662591676,111.9356918334961
2,1.0,hard,368,2583,0.003667481662591676,111.9356918334961
2,1.0,hard,369,2590,0.003667481662591676,111.9356918334961
2,1.0,hard,370,2597,0.003667481662591676,111.9356918334961
2,1.0,hard,371,2604,0.003667481662591676,111.9356918334961
2,1.0,hard,372,2611,0.003667481662591676,111.9356918334961
2,1.0,hard,373,2618,0.003667481662591676,111.9356918334961
2,1.0,hard,374,2625,0.003667481662591676,111.9356918334961
2,1.0,hard,375,2632,0.003667481662591676,111.9356918334961
2,1.0,hard,376,2639,0.003667481662591676,111.9356918334961
2,1.0,hard,377,2646,0.003667481662591676,111.9356918334961
2,1.0,hard,378,2653,0.003667481662591676,111.9356918334961
2,1.0,hard,379,2660,0.003667481662591676,111.9356918334961
2,1.0,hard,380,2667,0.003667481662591676,111.9356918334961
2,1.0,hard,381,2674,0.003667481662591676,111.9356918334961
2,1.0,hard,382,2681,0.003667481662591676,111.9356918334961
2,1.0,hard,383,2688,0.003667481662591676,111.9356918334961
2,1.0,hard,384,2695,0.003667481662591676,111.9356918334961
2,1.0,hard,385,2702,0.003667481662591676,111.9356918334961
2,1.0,hard,386,2709,0.003667481662591676,111.9356918334961
2,1.0,hard,387,2716,0.003667481662591676,111.9356918334961
2,1.0,hard,388,2723,0.003667481662591676,111.9356918334961
2,1.0,hard,389,2730,0.003667481662591676,111.9356918334961
2,1.0,hard,390,2737,0.003667481662591676,111.9356918334961
2,1.0,hard,391,2744,0.003667481662591676,111.9356918334961
2,1.0,hard,392,2751,0.003667481662591676,111.9356918334961
2,1.0,hard,393,2758,0.003667481662591676,111.9356918334961
2,1.0,hard,394,2765,0.003667481662591676,111.9356918334961
2,1.0,hard,395,2772,0.003667481662591676,111.9356918334961
2,1.0,hard,396,2779,0.003667481662591676,111.9356918334961
2,1.0,hard,397,2786,0.003667481662591676,111.9356918334961
2,1.0,hard,398,2793,0.003667481662591676,111.9356918334961
2,1.0,hard,399,2800,0.003667481662591676,111.9356918334961
2,1.0,hard,400,2807,0.003667481662591676,111.9356918334961
2,1.0,hard,401,2814,0.003667481662591676,111.9356918334961
2,1.0,hard,402,2821,0.003667481662591676,111.9356918334961
2,1.0,hard,403,2828,0.003667481662591676,111.9356918334961
2,1.0,hard,404,2835,0.003667481662591676,111.9356918334961
2,1.0,hard,405,2842,0.003667481662591676,111.9356918334961
2,1.0,hard,406,2849,0.003667481662591676,111.9356918334961
2,1.0,hard,407,2856,0.003667481662591676,111.9356918334961
2,1.0,hard,408,2863,0.003667481662591676,111.9356918334961
2,1.0,hard,409,2870,0.003667481662591676,111.9356918334961
2,1.0,hard,410,2877,0.003667481662591676,111.9356918334961
2,1.0,hard,411,2884,0.003667481662591676,111.9356918334961
2,1.0,hard,412,2891,0.003667481662591676,111.9356918334961
2,1.0,hard,413,2898,0.003667481662591676,111.9356918334961
2,1.0,hard,414,2905,0.003667481662591676,111.9356918334961
2,1.0,hard,415,2912,0.003667481662591676,111.9356918334961
2,1.0,hard,416,2919,0.003667481662591676,111.9356918334961
2,1.0,hard,417,2926,0.003667481662591676,111.9356918334961
2,1.0,hard,418,2933,0.003667481662591676,111.9356918334961
2,1.0,hard,419,2940,0.003667481662591676,111.9356918334961
2,1.0,hard,420,2947,0.003667481662591676,111.9356918334961
2,1.0,hard,421,2954,0.003667481662591676,111.9356918334961
2,1.0,hard,422,2961,0.003667481662591676,111.9356918334961
2,1.0,hard,423,2968,0.003667481662591676,111.9356918334961
2,1.0,hard,424,2975,0.003667481662591676,111.9356918334961
2,1.0,hard,425,2982,0.003667481662591676,111.9356918334961
2,1.0,hard,426,2989,0.003667481662591676,111.9356918334961
2,1.0,hard,427,2996,0.003667481662591676,111.9356918334961
2,1.0,hard,428,3003,0.003667481662591676,111.9356918334961
2,1.0,hard,429,3010,0.003667481662591676,111.9356918334961
2,1.0,hard,430,3017,0.003667481662591676,111.9356918334961
2,1.0,hard,431,3024,0.003667481662591676,111.9356918334961
2,1.0,hard,432,3031,0.003667481662591676,111.9356918334961
2,1.0,hard,433,3038,0.003667481662591676,111.9356918334961
2,1.0,hard,434,3045,0.003667481662591676,111.9356918334961
2,1.0,hard,435,3052,0.003667481662591676,111.9356918334961
2,1.0,hard,436,3059,0.003667481662591676,111.9356918334961
2,1.0,hard,437,3066,0.003667481662591676,111.9356918334961
2,1.0,hard,438,3073,0.003667481662591676,111.9356918334961
2,1.0,hard,439,3080,0.003667481662591676,111.9356918334961
2,1.0,hard,440,3087,0.003667481662591676,111.9356918334961
2,1.0,hard,441,3094,0.003667481662591676,111.9356918334961
2,1.0,hard,442,3101,0.003667481662591676,111.9356918334961
2,1.0,hard,443,3108,0.003667481662591676,111.9356918334961
2,1.0,hard,444,3115,0.003667481662591676,111.9356918334961
2,1.0,hard,445,3122,0.003667481662591676,111.9356918334961
2,1.0,hard,446,3129,0.003667481662591676,111.9356918334961
2,1.0,hard,447,3136,0.003667481662591676,111.9356918334961
2,1.0,hard,448,3143,0.003667481662591676,111.9356918334961
2,1.0,hard,449,3150,0.003667481662591676,111.9356918334961
2,1.0,hard,450,3157,0.003667481662591676,111.9356918334961
2,1.0,hard,451,3164,0.003667481662591676,111.9356918334961
2,1.0,hard,452,3171,0.003667481662591676,111.9356918334961
2,1.0,hard,453,3178,0.003667481662591676,111.9356918334961
2,1.0,hard,454,3185,0.003667481662591676,111.9356918334961
2,1.0,hard,455,3192,0.003667481662591676,111.9356918334961
2,1.0,hard,456,3199,0.003667481662591676,111.9356918334961
2,1.0,hard,457,3206,0.003667481662591676,111.9356918334961
2,1.0,hard,458,3213,0.003667481662591676,111.9356918334961
2,1.0,hard,459,3220,0.003667481662591676,111.9356918334961
2,1.0,hard,460,3227,0.003667481662591676,111.9356918334961
2,1.0,hard,461,3234,0.003667481662591676,111.9356918334961
2,1.0,hard,462,3241,0.003667481662591676,111.9356918334961
2,1.0,hard,463,3248,0.003667481662591676,111.9356918334961
2,1.0,hard,464,3255,0.003667481662591676,111.9356918334961
2,1.0,hard,465,3262,0.003667481662591676,111.9356918334961
2,1.0,hard,466,3269,0.003667481662591676,111.9356918334961
2,1.0,hard,467,3276,0.003667481662591676,111.9356918334961
2,1.0,hard,468,3283,0.003667481662591676,111.9356918334961
2,1.0,hard,469,3290,0.003667481662591676,111.9356918334961
2,1.0,hard,470,3297,0.003667481662591676,111.9356918334961
2,1.0,hard,471,3304,0.003667481662591676,111.9356918334961
2,1.0,hard,472,3311,0.003667481662591676,111.9356918334961
2,1.0,hard,473,3318,0.003667481662591676,111.9356918334961
2,1.0,hard,474,3325,0.003667481662591676,111.9356918334961
2,1.0,hard,475,3332,0.003667481662591676,111.9356918334961
2,1.0,hard,476,3339,0.003667481662591676,111.9356918334961
2,1.0,hard,477,3346,0.003667481662591676,111.9356918334961
2,1.0,hard,478,3353,0.003667481662591676,111.9356918334961
2,1.0,hard,479,3360,0.003667481662591676,111.9356918334961
2,1.0,hard,480,3367,0.003667481662591676,111.9356918334961
2,1.0,hard,481,3374,0.003667481662591676,111.9356918334961
2,1.0,hard,482,3381,0.003667481662591676,111.9356918334961
2,1.0,hard,483,3388,0.003667481662591676,111.9356918334961
2,1.0,hard,484,3395,0.003667481662591676,111.9356918334961
2,1.0,hard,485,3402,0.003667481662591676,111.9356918334961
2,1.0,hard,486,3409,0.003667481662591676,111.9356918334961
2,1.0,hard,487,3416,0.003667481662591676,111.9356918334961
2,1.0,hard,488,3423,0.003667481662591676,111.9356918334961
2,1.0,hard,489,3430,0.003667481662591676,111.9356918334961
2,1.0,hard,490,3437,0.003667481662591676,111.9356918334961
2,1.0,hard,491,3444,0.003667481662591676,111.9356918334961
2,1.0,hard,492,3451,0.003667481662591676,111.9356918334961
2,1.0,hard,493,3458,0.003667481662591676,111.9356918334961
2,1.0,hard,494,3465,0.003667481662591676,111.9356918334961
2,1.0,hard,495,3472,0.003667481662591676,111.9356918334961
2,1.0,hard,496,3479,0.003667481662591676,111.9356918334961
2,1.0,hard,497,3486,0.003667481662591676,111.9356918334961
2,1.0,hard,498,3493,0.003667481662591676,111.9356918334961
2,1.0,hard,499,3500,0.003667481662591676,111.9356918334961
2,1.0,diff_s2_ow1,0,7,0.004035055637359619,90.61436462402344
2,1.0,diff_s2_ow1,1,14,0.004225492477416992,137.39605712890625
2,1.0,diff_s2_ow1,2,21,0.004225492477416992,137.39605712890625
2,1.0,diff_s2_ow1,3,28,0.012200415134429932,69.39761352539062
2,1.0,diff_s2_ow1,4,35,0.012200415134429932,69.39761352539062
2,1.0,diff_s2_ow1,5,42,0.012200415134429932,69.39761352539062
2,1.0,diff_s2_ow1,6,49,0.012200415134429932,69.39761352539062
2,1.0,diff_s2_ow1,7,56,0.012200415134429932,69.39761352539062
2,1.0,diff_s2_ow1,8,63,0.012200415134429932,69.39761352539062
2,1.0,diff_s2_ow1,9,70,0.012200415134429932,69.39761352539062
2,1.0,diff_s2_ow1,10,77,0.012200415134429932,69.39761352539062
2,1.0,diff_s2_ow1,11,84,0.012200415134429932,69.39761352539062
2,1.0,diff_s2_ow1,12,91,0.012200415134429932,69.39761352539062
2,1.0,diff_s2_ow1,13,98,0.012200415134429932,69.39761352539062
2,1.0,diff_s2_ow1,14,105,0.012200415134429932,69.39761352539062
2,1.0,diff_s2_ow1,15,112,0.012200415134429932,69.39761352539062
2,1.0,diff_s2_ow1,16,119,0.012200415134429932,69.39761352539062
2,1.0,diff_s2_ow1,17,126,0.012200415134429932,69.39761352539062
2,1.0,diff_s2_ow1,18,133,0.012200415134429932,69.39761352539062
2,1.0,diff_s2_ow1,19,140,0.012200415134429932,69.39761352539062
2,1.0,diff_s2_ow1,20,147,0.012200415134429932,69.39761352539062
2,1.0,diff_s2_ow1,21,154,0.012200415134429932,69.39761352539062
2,1.0,diff_s2_ow1,22,161,0.012200415134429932,69.39761352539062
2,1.0,diff_s2_ow1,23,168,0.012200415134429932,69.39761352539062
2,1.0,diff_s2_ow1,24,175,0.012200415134429932,69.39761352539062
2,1.0,diff_s2_ow1,25,182,0.012200415134429932,69.39761352539062
2,1.0,diff_s2_ow1,26,189,0.012200415134429932,69.39761352539062
2,1.0,diff_s2_ow1,27,196,0.012200415134429932,69.39761352539062
2,1.0,diff_s2_ow1,28,203,0.012200415134429932,69.39761352539062
2,1.0,diff_s2_ow1,29,210,0.012200415134429932,69.39761352539062
2,1.0,diff_s2_ow1,30,217,0.012200415134429932,69.39761352539062
2,1.0,diff_s2_ow1,31,224,0.012200415134429932,69.39761352539062
2,1.0,diff_s2_ow1,32,231,0.012200415134429932,69.39761352539062
2,1.0,diff_s2_ow1,33,238,0.012200415134429932,69.39761352539062
2,1.0,diff_s2_ow1,34,245,0.020510494709014893,138.12571716308594
2,1.0,diff_s2_ow1,35,252,0.020510494709014893,138.12571716308594
2,1.0,diff_s2_ow1,36,259,0.020510494709014893,138.12571716308594
2,1.0,diff_s2_ow1,37,266,0.020510494709014893,138.12571716308594
2,1.0,diff_s2_ow1,38,273,0.020510494709014893,138.12571716308594
2,1.0,diff_s2_ow1,39,280,0.020510494709014893,138.12571716308594
2,1.0,diff_s2_ow1,40,287,0.06041920185089111,138.86546325683594
2,1.0,diff_s2_ow1,41,294,0.06041920185089111,138.86546325683594
2,1.0,diff_s2_ow1,42,301,0.06041920185089111,138.86546325683594
2,1.0,diff_s2_ow1,43,308,0.06041920185089111,138.86546325683594
2,1.0,diff_s2_ow1,44,315,0.06041920185089111,138.86546325683594
2,1.0,diff_s2_ow1,45,322,0.06041920185089111,138.86546325683594
2,1.0,diff_s2_ow1,46,329,0.12360572814941406,139.41110229492188
2,1.0,diff_s2_ow1,47,336,0.12360572814941406,139.41110229492188
2,1.0,diff_s2_ow1,48,343,0.23438620567321777,138.76934814453125
2,1.0,diff_s2_ow1,49,350,0.24722766876220703,139.00772094726562
2,1.0,diff_s2_ow1,50,357,0.24722766876220703,139.00772094726562
2,1.0,diff_s2_ow1,51,364,0.24722766876220703,139.00772094726562
2,1.0,diff_s2_ow1,52,371,0.2664782404899597,138.85296630859375
2,1.0,diff_s2_ow1,53,378,0.2664782404899597,138.85296630859375
2,1.0,diff_s2_ow1,54,385,0.2664782404899597,138.85296630859375
2,1.0,diff_s2_ow1,55,392,0.26988154649734497,138.81080627441406
2,1.0,diff_s2_ow1,56,399,0.273174524307251,138.91770935058594
2,1.0,diff_s2_ow1,57,406,0.273174524307251,138.91770935058594
2,1.0,diff_s2_ow1,58,413,0.273174524307251,138.91770935058594
2,1.0,diff_s2_ow1,59,420,0.273174524307251,138.91770935058594
2,1.0,diff_s2_ow1,60,427,0.273174524307251,138.91770935058594
2,1.0,diff_s2_ow1,61,434,0.273174524307251,138.91770935058594
2,1.0,diff_s2_ow1,62,441,0.2731955051422119,138.86788940429688
2,1.0,diff_s2_ow1,63,448,0.2731955051422119,138.86788940429688
2,1.0,diff_s2_ow1,64,455,0.27344048023223877,138.88967895507812
2,1.0,diff_s2_ow1,65,462,0.27344048023223877,138.88967895507812
2,1.0,diff_s2_ow1,66,469,0.27373969554901123,138.93441772460938
2,1.0,diff_s2_ow1,67,476,0.2738220691680908,138.9695281982422
2,1.0,diff_s2_ow1,68,483,0.2738220691680908,138.9695281982422
2,1.0,diff_s2_ow1,69,490,0.27384716272354126,139.04605102539062
2,1.0,diff_s2_ow1,70,497,0.2743234634399414,139.06539916992188
2,1.0,diff_s2_ow1,71,504,0.2743234634399414,139.06539916992188
2,1.0,diff_s2_ow1,72,511,0.2743234634399414,139.06539916992188
2,1.0,diff_s2_ow1,73,518,0.27512073516845703,139.17295837402344
2,1.0,diff_s2_ow1,74,525,0.27512073516845703,139.17295837402344
2,1.0,diff_s2_ow1,75,532,0.27512073516845703,139.17295837402344
2,1.0,diff_s2_ow1,76,539,0.27512073516845703,139.17295837402344
2,1.0,diff_s2_ow1,77,546,0.27512073516845703,139.17295837402344
2,1.0,diff_s2_ow1,78,553,0.27512073516845703,139.17295837402344
2,1.0,diff_s2_ow1,79,560,0.27512073516845703,139.17295837402344
2,1.0,diff_s2_ow1,80,567,0.27512073516845703,139.17295837402344
2,1.0,diff_s2_ow1,81,574,0.2751609683036804,139.16896057128906
2,1.0,diff_s2_ow1,82,581,0.2751609683036804,139.16896057128906
2,1.0,diff_s2_ow1,83,588,0.2751609683036804,139.16896057128906
2,1.0,diff_s2_ow1,84,595,0.2751609683036804,139.16896057128906
2,1.0,diff_s2_ow1,85,602,0.2751609683036804,139.16896057128906
2,1.0,diff_s2_ow1,86,609,0.2751609683036804,139.16896057128906
2,1.0,diff_s2_ow1,87,616,0.2751609683036804,139.16896057128906
2,1.0,diff_s2_ow1,88,623,0.2751609683036804,139.16896057128906
2,1.0,diff_s2_ow1,89,630,0.2751609683036804,139.16896057128906
2,1.0,diff_s2_ow1,90,637,0.275165319442749,139.169189453125
2,1.0,diff_s2_ow1,91,644,0.275165319442749,139.169189453125
2,1.0,diff_s2_ow1,92,651,0.275165319442749,139.169189453125
2,1.0,diff_s2_ow1,93,658,0.275168776512146,139.17369079589844
2,1.0,diff_s2_ow1,94,665,0.27519989013671875,139.17164611816406
2,1.0,diff_s2_ow1,95,672,0.27519989013671875,139.17164611816406
2,1.0,diff_s2_ow1,96,679,0.27519989013671875,139.17164611816406
2,1.0,diff_s2_ow1,97,686,0.27519989013671875,139.17164611816406
2,1.0,diff_s2_ow1,98,693,0.27519989013671875,139.17164611816406
2,1.0,diff_s2_ow1,99,700,0.27519989013671875,139.17164611816406
2,1.0,diff_s2_ow1,100,707,0.27519989013671875,139.17164611816406
2,1.0,diff_s2_ow1,101,714,0.27519989013671875,139.17164611816406
2,1.0,diff_s2_ow1,102,721,0.27519989013671875,139.17164611816406
2,1.0,diff_s2_ow1,103,728,0.27519989013671875,139.17164611816406
2,1.0,diff_s2_ow1,104,735,0.27519989013671875,139.17164611816406
2,1.0,diff_s2_ow1,105,742,0.27519989013671875,139.17164611816406
2,1.0,diff_s2_ow1,106,749,0.27519989013671875,139.17164611816406
2,1.0,diff_s2_ow1,107,756,0.27519989013671875,139.17164611816406
2,1.0,diff_s2_ow1,108,763,0.27519989013671875,139.17164611816406
2,1.0,diff_s2_ow1,109,770,0.27519989013671875,139.17164611816406
2,1.0,diff_s2_ow1,110,777,0.27519989013671875,139.17164611816406
2,1.0,diff_s2_ow1,111,784,0.27519989013671875,139.17164611816406
2,2.0,hard,0,7,0.0,27.681949615478516
2,2.0,hard,1,14,0.0012499999999999734,98.65855407714844
2,2.0,hard,2,21,0.0012499999999999734,98.65855407714844
2,2.0,hard,3,28,0.0012499999999999734,98.65855407714844
2,2.0,hard,4,35,0.0012499999999999734,98.65855407714844
2,2.0,hard,5,42,0.0012499999999999734,98.65855407714844
2,2.0,hard,6,49,0.0012499999999999734,98.65855407714844
2,2.0,hard,7,56,0.0012499999999999734,98.65855407714844
2,2.0,hard,8,63,0.0012499999999999734,98.65855407714844
2,2.0,hard,9,70,0.0012499999999999734,98.65855407714844
2,2.0,hard,10,77,0.0012499999999999734,98.65855407714844
2,2.0,hard,11,84,0.0012499999999999734,98.65855407714844
2,2.0,hard,12,91,0.0012499999999999734,98.65855407714844
2,2.0,hard,13,98,0.0012499999999999734,98.65855407714844
2,2.0,hard,14,105,0.0012499999999999734,98.65855407714844
2,2.0,hard,15,112,0.0012499999999999734,98.65855407714844
2,2.0,hard,16,119,0.0012499999999999734,98.65855407714844
2,2.0,hard,17,126,0.0012499999999999734,98.65855407714844
2,2.0,hard,18,133,0.0012499999999999734,98.65855407714844
2,2.0,hard,19,140,0.0012499999999999734,98.65855407714844
2,2.0,hard,20,147,0.0012499999999999734,98.65855407714844
2,2.0,hard,21,154,0.0012499999999999734,98.65855407714844
2,2.0,hard,22,161,0.0012499999999999734,98.65855407714844
2,2.0,hard,23,168,0.0012499999999999734,98.65855407714844
2,2.0,hard,24,175,0.0012499999999999734,98.65855407714844
2,2.0,hard,25,182,0.0012499999999999734,98.65855407714844
2,2.0,hard,26,189,0.0012499999999999734,98.65855407714844
2,2.0,hard,27,196,0.0012499999999999734,98.65855407714844
2,2.0,hard,28,203,0.0012499999999999734,98.65855407714844
2,2.0,hard,29,210,0.0012499999999999734,98.65855407714844
2,2.0,hard,30,217,0.0012499999999999734,98.65855407714844
2,2.0,hard,31,224,0.0012499999999999734,98.65855407714844
2,2.0,hard,32,231,0.0012499999999999734,98.65855407714844
2,2.0,hard,33,238,0.0012499999999999734,98.65855407714844
2,2.0,hard,34,245,0.0012499999999999734,98.65855407714844
2,2.0,hard,35,252,0.0012499999999999734,98.65855407714844
2,2.0,hard,36,259,0.0012499999999999734,98.65855407714844
2,2.0,hard,37,266,0.0012499999999999734,98.65855407714844
2,2.0,hard,38,273,0.0012499999999999734,98.65855407714844
2,2.0,hard,39,280,0.0012499999999999734,98.65855407714844
2,2.0,hard,40,287,0.0012499999999999734,98.65855407714844
2,2.0,hard,41,294,0.0012499999999999734,98.65855407714844
2,2.0,hard,42,301,0.0012499999999999734,98.65855407714844
2,2.0,hard,43,308,0.0012499999999999734,98.65855407714844
2,2.0,hard,44,315,0.0012499999999999734,98.65855407714844
2,2.0,hard,45,322,0.0012499999999999734,98.65855407714844
2,2.0,hard,46,329,0.0012499999999999734,98.65855407714844
2,2.0,hard,47,336,0.0012499999999999734,98.65855407714844
2,2.0,hard,48,343,0.0012499999999999734,98.65855407714844
2,2.0,hard,49,350,0.0012499999999999734,98.65855407714844
2,2.0,hard,50,357,0.0012499999999999734,98.65855407714844
2,2.0,hard,51,364,0.0012499999999999734,98.65855407714844
2,2.0,hard,52,371,0.0012499999999999734,98.65855407714844
2,2.0,hard,53,378,0.0012499999999999734,98.65855407714844
2,2.0,hard,54,385,0.0016542597187758634,21.139720916748047
2,2.0,hard,55,392,0.0016542597187758634,21.139720916748047
2,2.0,hard,56,399,0.0016542597187758634,21.139720916748047
2,2.0,hard,57,406,0.0016542597187758634,21.139720916748047
2,2.0,hard,58,413,0.0016542597187758634,21.139720916748047
2,2.0,hard,59,420,0.0024875621890547706,21.06085205078125
2,2.0,hard,60,427,0.0024875621890547706,21.06085205078125
2,2.0,hard,61,434,0.0024875621890547706,21.06085205078125
2,2.0,hard,62,441,0.0024875621890547706,21.06085205078125
2,2.0,hard,63,448,0.0024875621890547706,21.06085205078125
2,2.0,hard,64,455,0.0024875621890547706,21.06085205078125
2,2.0,hard,65,462,0.0024875621890547706,21.06085205078125
2,2.0,hard,66,469,0.0024875621890547706,21.06085205078125
2,2.0,hard,67,476,0.0024875621890547706,21.06085205078125
2,2.0,hard,68,483,0.0024875621890547706,21.06085205078125
2,2.0,hard,69,490,0.0024875621890547706,21.06085205078125
2,2.0,hard,70,497,0.0024875621890547706,21.06085205078125
2,2.0,hard,71,504,0.0024875621890547706,21.06085205078125
2,2.0,hard,72,511,0.0024875621890547706,21.06085205078125
2,2.0,hard,73,518,0.0024875621890547706,21.06085205078125
2,2.0,hard,74,525,0.0024875621890547706,21.06085205078125
2,2.0,hard,75,532,0.0024875621890547706,21.06085205078125
2,2.0,hard,76,539,0.003109452736318352,21.043338775634766
2,2.0,hard,77,546,0.003109452736318352,21.043338775634766
2,2.0,hard,78,553,0.003109452736318352,21.043338775634766
2,2.0,hard,79,560,0.003109452736318352,21.043338775634766
2,2.0,hard,80,567,0.003109452736318352,21.043338775634766
2,2.0,hard,81,574,0.003109452736318352,21.043338775634766
2,2.0,hard,82,581,0.003109452736318352,21.043338775634766
2,2.0,hard,83,588,0.003109452736318352,21.043338775634766
2,2.0,hard,84,595,0.003109452736318352,21.043338775634766
2,2.0,hard,85,602,0.003109452736318352,21.043338775634766
2,2.0,hard,86,609,0.003109452736318352,21.043338775634766
2,2.0,hard,87,616,0.003109452736318352,21.043338775634766
2,2.0,hard,88,623,0.003109452736318352,21.043338775634766
2,2.0,hard,89,630,0.003109452736318352,21.043338775634766
2,2.0,hard,90,637,0.003109452736318352,21.043338775634766
2,2.0,hard,91,644,0.003109452736318352,21.043338775634766
2,2.0,hard,92,651,0.003109452736318352,21.043338775634766
2,2.0,hard,93,658,0.003109452736318352,21.043338775634766
2,2.0,hard,94,665,0.003109452736318352,21.043338775634766
2,2.0,hard,95,672,0.003109452736318352,21.043338775634766
2,2.0,hard,96,679,0.003109452736318352,21.043338775634766
2,2.0,hard,97,686,0.003109452736318352,21.043338775634766
2,2.0,hard,98,693,0.003109452736318352,21.043338775634766
2,2.0,hard,99,700,0.003109452736318352,21.043338775634766
2,2.0,hard,100,707,0.003109452736318352,21.043338775634766
2,2.0,hard,101,714,0.003109452736318352,21.043338775634766
2,2.0,hard,102,721,0.003109452736318352,21.043338775634766
2,2.0,hard,103,728,0.003109452736318352,21.043338775634766
2,2.0,hard,104,735,0.003109452736318352,21.043338775634766
2,2.0,hard,105,742,0.003109452736318352,21.043338775634766
2,2.0,hard,106,749,0.003109452736318352,21.043338775634766
2,2.0,hard,107,756,0.003109452736318352,21.043338775634766
2,2.0,hard,108,763,0.003109452736318352,21.043338775634766
2,2.0,hard,109,770,0.003109452736318352,21.043338775634766
2,2.0,hard,110,777,0.003109452736318352,21.043338775634766
2,2.0,hard,111,784,0.003109452736318352,21.043338775634766
2,2.0,hard,112,791,0.003109452736318352,21.043338775634766
2,2.0,hard,113,798,0.003109452736318352,21.043338775634766
2,2.0,hard,114,805,0.003109452736318352,21.043338775634766
2,2.0,hard,115,812,0.003109452736318352,21.043338775634766
2,2.0,hard,116,819,0.003109452736318352,21.043338775634766
2,2.0,hard,117,826,0.003109452736318352,21.043338775634766
2,2.0,hard,118,833,0.003109452736318352,21.043338775634766
2,2.0,hard,119,840,0.003109452736318352,21.043338775634766
2,2.0,hard,120,847,0.003109452736318352,21.043338775634766
2,2.0,hard,121,854,0.003109452736318352,21.043338775634766
2,2.0,hard,122,861,0.003109452736318352,21.043338775634766
2,2.0,hard,123,868,0.003109452736318352,21.043338775634766
2,2.0,hard,124,875,0.003109452736318352,21.043338775634766
2,2.0,hard,125,882,0.003109452736318352,21.043338775634766
2,2.0,hard,126,889,0.003109452736318352,21.043338775634766
2,2.0,hard,127,896,0.003109452736318352,21.043338775634766
2,2.0,hard,128,903,0.003109452736318352,21.043338775634766
2,2.0,hard,129,910,0.003109452736318352,21.043338775634766
2,2.0,hard,130,917,0.003109452736318352,21.043338775634766
2,2.0,hard,131,924,0.003109452736318352,21.043338775634766
2,2.0,hard,132,931,0.003109452736318352,21.043338775634766
2,2.0,hard,133,938,0.003109452736318352,21.043338775634766
2,2.0,hard,134,945,0.003109452736318352,21.043338775634766
2,2.0,hard,135,952,0.003109452736318352,21.043338775634766
2,2.0,hard,136,959,0.003109452736318352,21.043338775634766
2,2.0,hard,137,966,0.003109452736318352,21.043338775634766
2,2.0,hard,138,973,0.003109452736318352,21.043338775634766
2,2.0,hard,139,980,0.003109452736318352,21.043338775634766
2,2.0,hard,140,987,0.003109452736318352,21.043338775634766
2,2.0,hard,141,994,0.003109452736318352,21.043338775634766
2,2.0,hard,142,1001,0.003109452736318352,21.043338775634766
2,2.0,hard,143,1008,0.003109452736318352,21.043338775634766
2,2.0,hard,144,1015,0.003109452736318352,21.043338775634766
2,2.0,hard,145,1022,0.003109452736318352,21.043338775634766
2,2.0,hard,146,1029,0.003109452736318352,21.043338775634766
2,2.0,hard,147,1036,0.003109452736318352,21.043338775634766
2,2.0,hard,148,1043,0.003109452736318352,21.043338775634766
2,2.0,hard,149,1050,0.003109452736318352,21.043338775634766
2,2.0,hard,150,1057,0.003109452736318352,21.043338775634766
2,2.0,hard,151,1064,0.003109452736318352,21.043338775634766
2,2.0,hard,152,1071,0.003109452736318352,21.043338775634766
2,2.0,hard,153,1078,0.003109452736318352,21.043338775634766
2,2.0,hard,154,1085,0.003109452736318352,21.043338775634766
2,2.0,hard,155,1092,0.003109452736318352,21.043338775634766
2,2.0,hard,156,1099,0.003109452736318352,21.043338775634766
2,2.0,hard,157,1106,0.003109452736318352,21.043338775634766
2,2.0,hard,158,1113,0.003109452736318352,21.043338775634766
2,2.0,hard,159,1120,0.003109452736318352,21.043338775634766
2,2.0,hard,160,1127,0.003109452736318352,21.043338775634766
2,2.0,hard,161,1134,0.003109452736318352,21.043338775634766
2,2.0,hard,162,1141,0.003109452736318352,21.043338775634766
2,2.0,hard,163,1148,0.003109452736318352,21.043338775634766
2,2.0,hard,164,1155,0.003109452736318352,21.043338775634766
2,2.0,hard,165,1162,0.003109452736318352,21.043338775634766
2,2.0,hard,166,1169,0.003109452736318352,21.043338775634766
2,2.0,hard,167,1176,0.003109452736318352,21.043338775634766
2,2.0,hard,168,1183,0.003109452736318352,21.043338775634766
2,2.0,hard,169,1190,0.003109452736318352,21.043338775634766
2,2.0,hard,170,1197,0.003109452736318352,21.043338775634766
2,2.0,hard,171,1204,0.003109452736318352,21.043338775634766
2,2.0,hard,172,1211,0.003109452736318352,21.043338775634766
2,2.0,hard,173,1218,0.003109452736318352,21.043338775634766
2,2.0,hard,174,1225,0.003109452736318352,21.043338775634766
2,2.0,hard,175,1232,0.003109452736318352,21.043338775634766
2,2.0,hard,176,1239,0.003109452736318352,21.043338775634766
2,2.0,hard,177,1246,0.003109452736318352,21.043338775634766
2,2.0,hard,178,1253,0.003109452736318352,21.043338775634766
2,2.0,hard,179,1260,0.003109452736318352,21.043338775634766
2,2.0,diff_s2_ow1,0,7,0.009699642658233643,62.56228256225586
2,2.0,diff_s2_ow1,1,14,0.009699642658233643,62.56228256225586
2,2.0,diff_s2_ow1,2,21,0.009699642658233643,62.56228256225586
2,2.0,diff_s2_ow1,3,28,0.009699642658233643,62.56228256225586
2,2.0,diff_s2_ow1,4,35,0.009699642658233643,62.56228256225586
2,2.0,diff_s2_ow1,5,42,0.009699642658233643,62.56228256225586
2,2.0,diff_s2_ow1,6,49,0.009699642658233643,62.56228256225586
2,2.0,diff_s2_ow1,7,56,0.009699642658233643,62.56228256225586
2,2.0,diff_s2_ow1,8,63,0.009699642658233643,62.56228256225586
2,2.0,diff_s2_ow1,9,70,0.009699642658233643,62.56228256225586
2,2.0,diff_s2_ow1,10,77,0.009699642658233643,62.56228256225586
2,2.0,diff_s2_ow1,11,84,0.009699642658233643,62.56228256225586
2,2.0,diff_s2_ow1,12,91,0.009699642658233643,62.56228256225586
2,2.0,diff_s2_ow1,13,98,0.009699642658233643,62.56228256225586
2,2.0,diff_s2_ow1,14,105,0.009699642658233643,62.56228256225586
2,2.0,diff_s2_ow1,15,112,0.009699642658233643,62.56228256225586
2,2.0,diff_s2_ow1,16,119,0.009699642658233643,62.56228256225586
2,2.0,diff_s2_ow1,17,126,0.009699642658233643,62.56228256225586
2,2.0,diff_s2_ow1,18,133,0.009699642658233643,62.56228256225586
2,2.0,diff_s2_ow1,19,140,0.009699642658233643,62.56228256225586
2,2.0,diff_s2_ow1,20,147,0.009699642658233643,62.56228256225586
2,2.0,diff_s2_ow1,21,154,0.009699642658233643,62.56228256225586
2,2.0,diff_s2_ow1,22,161,0.009699642658233643,62.56228256225586
2,2.0,diff_s2_ow1,23,168,0.009699642658233643,62.56228256225586
2,2.0,diff_s2_ow1,24,175,0.009699642658233643,62.56228256225586
2,2.0,diff_s2_ow1,25,182,0.009699642658233643,62.56228256225586
2,2.0,diff_s2_ow1,26,189,0.009699642658233643,62.56228256225586
2,2.0,diff_s2_ow1,27,196,0.009699642658233643,62.56228256225586
2,2.0,diff_s2_ow1,28,203,0.009699642658233643,62.56228256225586
2,2.0,diff_s2_ow1,29,210,0.009699642658233643,62.56228256225586
2,2.0,diff_s2_ow1,30,217,0.009699642658233643,62.56228256225586
2,2.0,diff_s2_ow1,31,224,0.009699642658233643,62.56228256225586
2,2.0,diff_s2_ow1,32,231,0.009699642658233643,62.56228256225586
2,2.0,diff_s2_ow1,33,238,0.009699642658233643,62.56228256225586
2,2.0,diff_s2_ow1,34,245,0.009699642658233643,62.56228256225586
2,2.0,diff_s2_ow1,35,252,0.009699642658233643,62.56228256225586
2,2.0,diff_s2_ow1,36,259,0.009699642658233643,62.56228256225586
2,2.0,diff_s2_ow1,37,266,0.009699642658233643,62.56228256225586
2,2.0,diff_s2_ow1,38,273,0.009699642658233643,62.56228256225586
2,2.0,diff_s2_ow1,39,280,0.009699642658233643,62.56228256225586
2,2.0,diff_s2_ow1,40,287,0.009699642658233643,62.56228256225586
2,2.0,diff_s2_ow1,41,294,0.009699642658233643,62.56228256225586
2,2.0,diff_s2_ow1,42,301,0.009699642658233643,62.56228256225586
2,2.0,diff_s2_ow1,43,308,0.009699642658233643,62.56228256225586
2,2.0,diff_s2_ow1,44,315,0.11374735832214355,130.90379333496094
2,2.0,diff_s2_ow1,45,322,0.11374735832214355,130.90379333496094
2,2.0,diff_s2_ow1,46,329,0.11374735832214355,130.90379333496094
2,2.0,diff_s2_ow1,47,336,0.11374735832214355,130.90379333496094
2,2.0,diff_s2_ow1,48,343,0.11374735832214355,130.90379333496094
2,2.0,diff_s2_ow1,49,350,0.11374735832214355,130.90379333496094
2,2.0,diff_s2_ow1,50,357,0.11374735832214355,130.90379333496094
2,2.0,diff_s2_ow1,51,364,0.11374735832214355,130.90379333496094
2,2.0,diff_s2_ow1,52,371,0.11374735832214355,130.90379333496094
2,2.0,diff_s2_ow1,53,378,0.11374735832214355,130.90379333496094
2,2.0,diff_s2_ow1,54,385,0.11374735832214355,130.90379333496094
2,2.0,diff_s2_ow1,55,392,0.11374735832214355,130.90379333496094
2,2.0,diff_s2_ow1,56,399,0.11374735832214355,130.90379333496094
2,2.0,diff_s2_ow1,57,406,0.11374735832214355,130.90379333496094
2,2.0,diff_s2_ow1,58,413,0.11374735832214355,130.90379333496094
2,2.0,diff_s2_ow1,59,420,0.11374735832214355,130.90379333496094
2,2.0,diff_s2_ow1,60,427,0.11374735832214355,130.90379333496094
2,2.0,diff_s2_ow1,61,434,0.11374735832214355,130.90379333496094
2,2.0,diff_s2_ow1,62,441,0.11374735832214355,130.90379333496094
2,2.0,diff_s2_ow1,63,448,0.11374735832214355,130.90379333496094
2,2.0,diff_s2_ow1,64,455,0.11374735832214355,130.90379333496094
2,2.0,diff_s2_ow1,65,462,0.11374735832214355,130.90379333496094
2,2.0,diff_s2_ow1,66,469,0.11374735832214355,130.90379333496094
2,2.0,diff_s2_ow1,67,476,0.11374735832214355,130.90379333496094
2,2.0,diff_s2_ow1,68,483,0.11374735832214355,130.90379333496094
2,2.0,diff_s2_ow1,69,490,0.11374735832214355,130.90379333496094
2,2.0,diff_s2_ow1,70,497,0.11374735832214355,130.90379333496094
2,2.0,diff_s2_ow1,71,504,0.11374735832214355,130.90379333496094
2,2.0,diff_s2_ow1,72,511,0.11374735832214355,130.90379333496094
2,2.0,diff_s2_ow1,73,518,0.11374735832214355,130.90379333496094
2,2.0,diff_s2_ow1,74,525,0.11374735832214355,130.90379333496094
2,2.0,diff_s2_ow1,75,532,0.11374735832214355,130.90379333496094
2,2.0,diff_s2_ow1,76,539,0.11374735832214355,130.90379333496094
2,2.0,diff_s2_ow1,77,546,0.11374735832214355,130.90379333496094
2,2.0,diff_s2_ow1,78,553,0.11374735832214355,130.90379333496094
2,2.0,diff_s2_ow1,79,560,0.11374735832214355,130.90379333496094
2,2.0,diff_s2_ow1,80,567,0.11374735832214355,130.90379333496094
2,2.0,diff_s2_ow1,81,574,0.11374735832214355,130.90379333496094
2,2.0,diff_s2_ow1,82,581,0.11374735832214355,130.90379333496094
2,2.0,diff_s2_ow1,83,588,0.11374735832214355,130.90379333496094
2,2.0,diff_s2_ow1,84,595,0.11374735832214355,130.90379333496094
2,2.0,diff_s2_ow1,85,602,0.11374735832214355,130.90379333496094
2,2.0,diff_s2_ow1,86,609,0.11374735832214355,130.90379333496094
2,2.0,diff_s2_ow1,87,616,0.11374735832214355,130.90379333496094
2,2.0,diff_s2_ow1,88,623,0.11374735832214355,130.90379333496094
2,2.0,diff_s2_ow1,89,630,0.11374735832214355,130.90379333496094
2,2.0,diff_s2_ow1,90,637,0.11374735832214355,130.90379333496094
2,2.0,diff_s2_ow1,91,644,0.11374735832214355,130.90379333496094
2,2.0,diff_s2_ow1,92,651,0.11374735832214355,130.90379333496094
2,2.0,diff_s2_ow1,93,658,0.11374735832214355,130.90379333496094
2,2.0,diff_s2_ow1,94,665,0.11374735832214355,130.90379333496094
2,2.0,diff_s2_ow1,95,672,0.11374735832214355,130.90379333496094
2,2.0,diff_s2_ow1,96,679,0.11374735832214355,130.90379333496094
2,2.0,diff_s2_ow1,97,686,0.11374735832214355,130.90379333496094
2,2.0,diff_s2_ow1,98,693,0.11374735832214355,130.90379333496094
2,2.0,diff_s2_ow1,99,700,0.11374735832214355,130.90379333496094
2,2.0,diff_s2_ow1,100,707,0.11374735832214355,130.90379333496094
2,2.0,diff_s2_ow1,101,714,0.11374735832214355,130.90379333496094
2,2.0,diff_s2_ow1,102,721,0.11374735832214355,130.90379333496094
2,2.0,diff_s2_ow1,103,728,0.11374735832214355,130.90379333496094
2,2.0,diff_s2_ow1,104,735,0.11374735832214355,130.90379333496094
2,2.0,diff_s2_ow1,105,742,0.11374735832214355,130.90379333496094
2,2.0,diff_s2_ow1,106,749,0.11374735832214355,130.90379333496094
2,2.0,diff_s2_ow1,107,756,0.11374735832214355,130.90379333496094
2,2.0,diff_s2_ow1,108,763,0.11374735832214355,130.90379333496094
2,2.0,diff_s2_ow1,109,770,0.11374735832214355,130.90379333496094
2,2.0,diff_s2_ow1,110,777,0.11374735832214355,130.90379333496094
2,2.0,diff_s2_ow1,111,784,0.11374735832214355,130.90379333496094
2,2.0,diff_s2_ow1,112,791,0.11374735832214355,130.90379333496094
2,2.0,diff_s2_ow1,113,798,0.11374735832214355,130.90379333496094
2,2.0,diff_s2_ow1,114,805,0.11374735832214355,130.90379333496094
2,2.0,diff_s2_ow1,115,812,0.11374735832214355,130.90379333496094
2,2.0,diff_s2_ow1,116,819,0.11374735832214355,130.90379333496094
2,2.0,diff_s2_ow1,117,826,0.11374735832214355,130.90379333496094
2,2.0,diff_s2_ow1,118,833,0.11374735832214355,130.90379333496094
2,2.0,diff_s2_ow1,119,840,0.11374735832214355,130.90379333496094
2,2.0,diff_s2_ow1,120,847,0.11374735832214355,130.90379333496094
2,2.0,diff_s2_ow1,121,854,0.11374735832214355,130.90379333496094
2,2.0,diff_s2_ow1,122,861,0.11374735832214355,130.90379333496094
2,2.0,diff_s2_ow1,123,868,0.11374735832214355,130.90379333496094
2,2.0,diff_s2_ow1,124,875,0.11374735832214355,130.90379333496094
2,2.0,diff_s2_ow1,125,882,0.11374735832214355,130.90379333496094
2,2.0,diff_s2_ow1,126,889,0.11374735832214355,130.90379333496094
2,2.0,diff_s2_ow1,127,896,0.11374735832214355,130.90379333496094
2,2.0,diff_s2_ow1,128,903,0.11374735832214355,130.90379333496094
2,2.0,diff_s2_ow1,129,910,0.11374735832214355,130.90379333496094
2,2.0,diff_s2_ow1,130,917,0.11374735832214355,130.90379333496094
2,2.0,diff_s2_ow1,131,924,0.11374735832214355,130.90379333496094
2,2.0,diff_s2_ow1,132,931,0.11374735832214355,130.90379333496094
2,2.0,diff_s2_ow1,133,938,0.11374735832214355,130.90379333496094
2,2.0,diff_s2_ow1,134,945,0.11374735832214355,130.90379333496094
2,2.0,diff_s2_ow1,135,952,0.11374735832214355,130.90379333496094
2,2.0,diff_s2_ow1,136,959,0.11374735832214355,130.90379333496094
2,2.0,diff_s2_ow1,137,966,0.11374735832214355,130.90379333496094
2,2.0,diff_s2_ow1,138,973,0.11374735832214355,130.90379333496094
2,2.0,diff_s2_ow1,139,980,0.11374735832214355,130.90379333496094
2,2.0,diff_s2_ow1,140,987,0.11374735832214355,130.90379333496094
2,2.0,diff_s2_ow1,141,994,0.11374735832214355,130.90379333496094
2,2.0,diff_s2_ow1,142,1001,0.11374735832214355,130.90379333496094
2,2.0,diff_s2_ow1,143,1008,0.11374735832214355,130.90379333496094
2,2.0,diff_s2_ow1,144,1015,0.11374735832214355,130.90379333496094
2,2.0,diff_s2_ow1,145,1022,0.11374735832214355,130.90379333496094
2,2.0,diff_s2_ow1,146,1029,0.11374735832214355,130.90379333496094
2,2.0,diff_s2_ow1,147,1036,0.11374735832214355,130.90379333496094
2,2.0,diff_s2_ow1,148,1043,0.11374735832214355,130.90379333496094
2,2.0,diff_s2_ow1,149,1050,0.11374735832214355,130.90379333496094
2,2.0,diff_s2_ow1,150,1057,0.11374735832214355,130.90379333496094
2,2.0,diff_s2_ow1,151,1064,0.11374735832214355,130.90379333496094
2,2.0,diff_s2_ow1,152,1071,0.11374735832214355,130.90379333496094
2,2.0,diff_s2_ow1,153,1078,0.11374735832214355,130.90379333496094
2,2.0,diff_s2_ow1,154,1085,0.11374735832214355,130.90379333496094
2,2.0,diff_s2_ow1,155,1092,0.11374735832214355,130.90379333496094
2,2.0,diff_s2_ow1,156,1099,0.11374735832214355,130.90379333496094
2,2.0,diff_s2_ow1,157,1106,0.11374735832214355,130.90379333496094
2,2.0,diff_s2_ow1,158,1113,0.11374735832214355,130.90379333496094
2,2.0,diff_s2_ow1,159,1120,0.11374735832214355,130.90379333496094
2,2.0,diff_s2_ow1,160,1127,0.11374735832214355,130.90379333496094
2,2.0,diff_s2_ow1,161,1134,0.11374735832214355,130.90379333496094
2,2.0,diff_s2_ow1,162,1141,0.11374735832214355,130.90379333496094
2,2.0,diff_s2_ow1,163,1148,0.11374735832214355,130.90379333496094
2,2.0,diff_s2_ow1,164,1155,0.11374735832214355,130.90379333496094
2,2.0,diff_s2_ow1,165,1162,0.11374735832214355,130.90379333496094
2,2.0,diff_s2_ow1,166,1169,0.11374735832214355,130.90379333496094
2,2.0,diff_s2_ow1,167,1176,0.11374735832214355,130.90379333496094
2,2.0,diff_s2_ow1,168,1183,0.11374735832214355,130.90379333496094
2,2.0,diff_s2_ow1,169,1190,0.11374735832214355,130.90379333496094
2,2.0,diff_s2_ow1,170,1197,0.11374735832214355,130.90379333496094
2,2.0,diff_s2_ow1,171,1204,0.11374735832214355,130.90379333496094
2,2.0,diff_s2_ow1,172,1211,0.11374735832214355,130.90379333496094
2,2.0,diff_s2_ow1,173,1218,0.11374735832214355,130.90379333496094
2,2.0,diff_s2_ow1,174,1225,0.11374735832214355,130.90379333496094
2,2.0,diff_s2_ow1,175,1232,0.11374735832214355,130.90379333496094
2,2.0,diff_s2_ow1,176,1239,0.11374735832214355,130.90379333496094
2,2.0,diff_s2_ow1,177,1246,0.11374735832214355,130.90379333496094
2,2.0,diff_s2_ow1,178,1253,0.11374735832214355,130.90379333496094
2,2.0,diff_s2_ow1,179,1260,0.11374735832214355,130.90379333496094
2,2.0,diff_s2_ow1,180,1267,0.11374735832214355,130.90379333496094
2,2.0,diff_s2_ow1,181,1274,0.11374735832214355,130.90379333496094
2,2.0,diff_s2_ow1,182,1281,0.11374735832214355,130.90379333496094
2,2.0,diff_s2_ow1,183,1288,0.11374735832214355,130.90379333496094
2,2.0,diff_s2_ow1,184,1295,0.11374735832214355,130.90379333496094
2,2.0,diff_s2_ow1,185,1302,0.11374735832214355,130.90379333496094
2,2.0,diff_s2_ow1,186,1309,0.11374735832214355,130.90379333496094
2,2.0,diff_s2_ow1,187,1316,0.11374735832214355,130.90379333496094
2,2.0,diff_s2_ow1,188,1323,0.11374735832214355,130.90379333496094
2,2.0,diff_s2_ow1,189,1330,0.11374735832214355,130.90379333496094
2,2.0,diff_s2_ow1,190,1337,0.11374735832214355,130.90379333496094
2,2.0,diff_s2_ow1,191,1344,0.11374735832214355,130.90379333496094
2,2.0,diff_s2_ow1,192,1351,0.11374735832214355,130.90379333496094
2,2.0,diff_s2_ow1,193,1358,0.11374735832214355,130.90379333496094
2,2.0,diff_s2_ow1,194,1365,0.11374735832214355,130.90379333496094
2,2.0,diff_s2_ow1,195,1372,0.11374735832214355,130.90379333496094
2,2.0,diff_s2_ow1,196,1379,0.11374735832214355,130.90379333496094
2,2.0,diff_s2_ow1,197,1386,0.11374735832214355,130.90379333496094
2,2.0,diff_s2_ow1,198,1393,0.11374735832214355,130.90379333496094
2,2.0,diff_s2_ow1,199,1400,0.11374735832214355,130.90379333496094
2,2.0,diff_s2_ow1,200,1407,0.11374735832214355,130.90379333496094
2,2.0,diff_s2_ow1,201,1414,0.11374735832214355,130.90379333496094
2,2.0,diff_s2_ow1,202,1421,0.11374735832214355,130.90379333496094
2,2.0,diff_s2_ow1,203,1428,0.11374735832214355,130.90379333496094
2,2.0,diff_s2_ow1,204,1435,0.11374735832214355,130.90379333496094
2,2.0,diff_s2_ow1,205,1442,0.11374735832214355,130.90379333496094
2,2.0,diff_s2_ow1,206,1449,0.11374735832214355,130.90379333496094
2,2.0,diff_s2_ow1,207,1456,0.11374735832214355,130.90379333496094
2,2.0,diff_s2_ow1,208,1463,0.11374735832214355,130.90379333496094
2,2.0,diff_s2_ow1,209,1470,0.11374735832214355,130.90379333496094
2,2.0,diff_s2_ow1,210,1477,0.11374735832214355,130.90379333496094
2,2.0,diff_s2_ow1,211,1484,0.11374735832214355,130.90379333496094
2,2.0,diff_s2_ow1,212,1491,0.11374735832214355,130.90379333496094
2,2.0,diff_s2_ow1,213,1498,0.11374735832214355,130.90379333496094
2,2.0,diff_s2_ow1,214,1505,0.11374735832214355,130.90379333496094
2,2.0,diff_s2_ow1,215,1512,0.11374735832214355,130.90379333496094
2,2.0,diff_s2_ow1,216,1519,0.11374735832214355,130.90379333496094
2,2.0,diff_s2_ow1,217,1526,0.11374735832214355,130.90379333496094
2,2.0,diff_s2_ow1,218,1533,0.11374735832214355,130.90379333496094
2,2.0,diff_s2_ow1,219,1540,0.11374735832214355,130.90379333496094
2,2.0,diff_s2_ow1,220,1547,0.11374735832214355,130.90379333496094
2,2.0,diff_s2_ow1,221,1554,0.11374735832214355,130.90379333496094
2,2.0,diff_s2_ow1,222,1561,0.11374735832214355,130.90379333496094
2,2.0,diff_s2_ow1,223,1568,0.11374735832214355,130.90379333496094
2,2.0,diff_s2_ow1,224,1575,0.11374735832214355,130.90379333496094
2,2.0,diff_s2_ow1,225,1582,0.11374735832214355,130.90379333496094
2,2.0,diff_s2_ow1,226,1589,0.11374735832214355,130.90379333496094
2,2.0,diff_s2_ow1,227,1596,0.11374735832214355,130.90379333496094
2,2.0,diff_s2_ow1,228,1603,0.11374735832214355,130.90379333496094
2,2.0,diff_s2_ow1,229,1610,0.11374735832214355,130.90379333496094
2,2.0,diff_s2_ow1,230,1617,0.11374735832214355,130.90379333496094
2,2.0,diff_s2_ow1,231,1624,0.11374735832214355,130.90379333496094
2,2.0,diff_s2_ow1,232,1631,0.11374735832214355,130.90379333496094
2,2.0,diff_s2_ow1,233,1638,0.11374735832214355,130.90379333496094
2,2.0,diff_s2_ow1,234,1645,0.11374735832214355,130.90379333496094
2,2.0,diff_s2_ow1,235,1652,0.11374735832214355,130.90379333496094
2,2.0,diff_s2_ow1,236,1659,0.11374735832214355,130.90379333496094
2,2.0,diff_s2_ow1,237,1666,0.11374735832214355,130.90379333496094
2,2.0,diff_s2_ow1,238,1673,0.11374735832214355,130.90379333496094
2,2.0,diff_s2_ow1,239,1680,0.11374735832214355,130.90379333496094
2,2.0,diff_s2_ow1,240,1687,0.11374735832214355,130.90379333496094
2,2.0,diff_s2_ow1,241,1694,0.11374735832214355,130.90379333496094
2,2.0,diff_s2_ow1,242,1701,0.11374735832214355,130.90379333496094
2,2.0,diff_s2_ow1,243,1708,0.11374735832214355,130.90379333496094
2,2.0,diff_s2_ow1,244,1715,0.11374735832214355,130.90379333496094
2,2.0,diff_s2_ow1,245,1722,0.11374735832214355,130.90379333496094
2,2.0,diff_s2_ow1,246,1729,0.11374735832214355,130.90379333496094
2,2.0,diff_s2_ow1,247,1736,0.11374735832214355,130.90379333496094
2,2.0,diff_s2_ow1,248,1743,0.11374735832214355,130.90379333496094
2,2.0,diff_s2_ow1,249,1750,0.11374735832214355,130.90379333496094
2,2.0,diff_s2_ow1,250,1757,0.11374735832214355,130.90379333496094
2,2.0,diff_s2_ow1,251,1764,0.11374735832214355,130.90379333496094
2,2.0,diff_s2_ow1,252,1771,0.11374735832214355,130.90379333496094
2,2.0,diff_s2_ow1,253,1778,0.11374735832214355,130.90379333496094
2,2.0,diff_s2_ow1,254,1785,0.11374735832214355,130.90379333496094
2,2.0,diff_s2_ow1,255,1792,0.11374735832214355,130.90379333496094
2,2.0,diff_s2_ow1,256,1799,0.11374735832214355,130.90379333496094
2,2.0,diff_s2_ow1,257,1806,0.11374735832214355,130.90379333496094
2,2.0,diff_s2_ow1,258,1813,0.11374735832214355,130.90379333496094
2,2.0,diff_s2_ow1,259,1820,0.11374735832214355,130.90379333496094
2,2.0,diff_s2_ow1,260,1827,0.11374735832214355,130.90379333496094
2,2.0,diff_s2_ow1,261,1834,0.11374735832214355,130.90379333496094
2,2.0,diff_s2_ow1,262,1841,0.11374735832214355,130.90379333496094
2,2.0,diff_s2_ow1,263,1848,0.11374735832214355,130.90379333496094
2,2.0,diff_s2_ow1,264,1855,0.11374735832214355,130.90379333496094
2,2.0,diff_s2_ow1,265,1862,0.11374735832214355,130.90379333496094
2,2.0,diff_s2_ow1,266,1869,0.11374735832214355,130.90379333496094
2,2.0,diff_s2_ow1,267,1876,0.11374735832214355,130.90379333496094
2,2.0,diff_s2_ow1,268,1883,0.11374735832214355,130.90379333496094
2,2.0,diff_s2_ow1,269,1890,0.11374735832214355,130.90379333496094
2,2.0,diff_s2_ow1,270,1897,0.11374735832214355,130.90379333496094
2,2.0,diff_s2_ow1,271,1904,0.11374735832214355,130.90379333496094
2,2.0,diff_s2_ow1,272,1911,0.11374735832214355,130.90379333496094
2,2.0,diff_s2_ow1,273,1918,0.11374735832214355,130.90379333496094
2,2.0,diff_s2_ow1,274,1925,0.11374735832214355,130.90379333496094
2,2.0,diff_s2_ow1,275,1932,0.11374735832214355,130.90379333496094
2,2.0,diff_s2_ow1,276,1939,0.11374735832214355,130.90379333496094
2,2.0,diff_s2_ow1,277,1946,0.11374735832214355,130.90379333496094
2,2.0,diff_s2_ow1,278,1953,0.11374735832214355,130.90379333496094
2,2.0,diff_s2_ow1,279,1960,0.11374735832214355,130.90379333496094
2,2.0,diff_s2_ow1,280,1967,0.11374735832214355,130.90379333496094
2,2.0,diff_s2_ow1,281,1974,0.11374735832214355,130.90379333496094
2,2.0,diff_s2_ow1,282,1981,0.11374735832214355,130.90379333496094
2,2.0,diff_s2_ow1,283,1988,0.11374735832214355,130.90379333496094
2,2.0,diff_s2_ow1,284,1995,0.11374735832214355,130.90379333496094
2,2.0,diff_s2_ow1,285,2002,0.11374735832214355,130.90379333496094
2,2.0,diff_s2_ow1,286,2009,0.11374735832214355,130.90379333496094
2,2.0,diff_s2_ow1,287,2016,0.11374735832214355,130.90379333496094
2,2.0,diff_s2_ow1,288,2023,0.11374735832214355,130.90379333496094
2,2.0,diff_s2_ow1,289,2030,0.11374735832214355,130.90379333496094
2,2.0,diff_s2_ow1,290,2037,0.11374735832214355,130.90379333496094
2,2.0,diff_s2_ow1,291,2044,0.11374735832214355,130.90379333496094
2,2.0,diff_s2_ow1,292,2051,0.11374735832214355,130.90379333496094
2,2.0,diff_s2_ow1,293,2058,0.11374735832214355,130.90379333496094
2,2.0,diff_s2_ow1,294,2065,0.11374735832214355,130.90379333496094
2,2.0,diff_s2_ow1,295,2072,0.11374735832214355,130.90379333496094
2,2.0,diff_s2_ow1,296,2079,0.11374735832214355,130.90379333496094
2,2.0,diff_s2_ow1,297,2086,0.11374735832214355,130.90379333496094
2,2.0,diff_s2_ow1,298,2093,0.11374735832214355,130.90379333496094
2,2.0,diff_s2_ow1,299,2100,0.11374735832214355,130.90379333496094
2,2.0,diff_s2_ow1,300,2107,0.11374735832214355,130.90379333496094
2,2.0,diff_s2_ow1,301,2114,0.11374735832214355,130.90379333496094
2,2.0,diff_s2_ow1,302,2121,0.11374735832214355,130.90379333496094
2,2.0,diff_s2_ow1,303,2128,0.11374735832214355,130.90379333496094
2,2.0,diff_s2_ow1,304,2135,0.11374735832214355,130.90379333496094
2,2.0,diff_s2_ow1,305,2142,0.11374735832214355,130.90379333496094
2,2.0,diff_s2_ow1,306,2149,0.11374735832214355,130.90379333496094
2,2.0,diff_s2_ow1,307,2156,0.11374735832214355,130.90379333496094
2,2.0,diff_s2_ow1,308,2163,0.11374735832214355,130.90379333496094
2,2.0,diff_s2_ow1,309,2170,0.11374735832214355,130.90379333496094
2,2.0,diff_s2_ow1,310,2177,0.11374735832214355,130.90379333496094
2,2.0,diff_s2_ow1,311,2184,0.11374735832214355,130.90379333496094
2,2.0,diff_s2_ow1,312,2191,0.11374735832214355,130.90379333496094
2,2.0,diff_s2_ow1,313,2198,0.11374735832214355,130.90379333496094
2,2.0,diff_s2_ow1,314,2205,0.11374735832214355,130.90379333496094
2,2.0,diff_s2_ow1,315,2212,0.11374735832214355,130.90379333496094
2,2.0,diff_s2_ow1,316,2219,0.11374735832214355,130.90379333496094
2,2.0,diff_s2_ow1,317,2226,0.11374735832214355,130.90379333496094
2,2.0,diff_s2_ow1,318,2233,0.11374735832214355,130.90379333496094
2,2.0,diff_s2_ow1,319,2240,0.11374735832214355,130.90379333496094
2,2.0,diff_s2_ow1,320,2247,0.11374735832214355,130.90379333496094
2,2.0,diff_s2_ow1,321,2254,0.11374735832214355,130.90379333496094
2,2.0,diff_s2_ow1,322,2261,0.11374735832214355,130.90379333496094
2,2.0,diff_s2_ow1,323,2268,0.11374735832214355,130.90379333496094
2,2.0,diff_s2_ow1,324,2275,0.11374735832214355,130.90379333496094
2,2.0,diff_s2_ow1,325,2282,0.11374735832214355,130.90379333496094
2,2.0,diff_s2_ow1,326,2289,0.11374735832214355,130.90379333496094
2,2.0,diff_s2_ow1,327,2296,0.11374735832214355,130.90379333496094
2,2.0,diff_s2_ow1,328,2303,0.11374735832214355,130.90379333496094
2,2.0,diff_s2_ow1,329,2310,0.11374735832214355,130.90379333496094
2,2.0,diff_s2_ow1,330,2317,0.11374735832214355,130.90379333496094
2,2.0,diff_s2_ow1,331,2324,0.11374735832214355,130.90379333496094
2,2.0,diff_s2_ow1,332,2331,0.11374735832214355,130.90379333496094
2,2.0,diff_s2_ow1,333,2338,0.11374735832214355,130.90379333496094
2,2.0,diff_s2_ow1,334,2345,0.11374735832214355,130.90379333496094
2,2.0,diff_s2_ow1,335,2352,0.11374735832214355,130.90379333496094
2,2.0,diff_s2_ow1,336,2359,0.11374735832214355,130.90379333496094
2,2.0,diff_s2_ow1,337,2366,0.11374735832214355,130.90379333496094
2,2.0,diff_s2_ow1,338,2373,0.11374735832214355,130.90379333496094
2,2.0,diff_s2_ow1,339,2380,0.11374735832214355,130.90379333496094
2,2.0,diff_s2_ow1,340,2387,0.11374735832214355,130.90379333496094
2,2.0,diff_s2_ow1,341,2394,0.11374735832214355,130.90379333496094
2,2.0,diff_s2_ow1,342,2401,0.11374735832214355,130.90379333496094
2,2.0,diff_s2_ow1,343,2408,0.11374735832214355,130.90379333496094
2,2.0,diff_s2_ow1,344,2415,0.11374735832214355,130.90379333496094
2,2.0,diff_s2_ow1,345,2422,0.11374735832214355,130.90379333496094
2,2.0,diff_s2_ow1,346,2429,0.11374735832214355,130.90379333496094
2,2.0,diff_s2_ow1,347,2436,0.11374735832214355,130.90379333496094
2,2.0,diff_s2_ow1,348,2443,0.11374735832214355,130.90379333496094
2,2.0,diff_s2_ow1,349,2450,0.11374735832214355,130.90379333496094
2,2.0,diff_s2_ow1,350,2457,0.11374735832214355,130.90379333496094
2,2.0,diff_s2_ow1,351,2464,0.11374735832214355,130.90379333496094
2,2.0,diff_s2_ow1,352,2471,0.11374735832214355,130.90379333496094
2,2.0,diff_s2_ow1,353,2478,0.11374735832214355,130.90379333496094
2,2.0,diff_s2_ow1,354,2485,0.11374735832214355,130.90379333496094
2,2.0,diff_s2_ow1,355,2492,0.11374735832214355,130.90379333496094
2,2.0,diff_s2_ow1,356,2499,0.11374735832214355,130.90379333496094
2,2.0,diff_s2_ow1,357,2506,0.11374735832214355,130.90379333496094
2,2.0,diff_s2_ow1,358,2513,0.11374735832214355,130.90379333496094
2,2.0,diff_s2_ow1,359,2520,0.11374735832214355,130.90379333496094
2,2.0,diff_s2_ow1,360,2527,0.11374735832214355,130.90379333496094
2,2.0,diff_s2_ow1,361,2534,0.11374735832214355,130.90379333496094
2,2.0,diff_s2_ow1,362,2541,0.11374735832214355,130.90379333496094
2,2.0,diff_s2_ow1,363,2548,0.11374735832214355,130.90379333496094
2,2.0,diff_s2_ow1,364,2555,0.11374735832214355,130.90379333496094
2,2.0,diff_s2_ow1,365,2562,0.11374735832214355,130.90379333496094
2,2.0,diff_s2_ow1,366,2569,0.11374735832214355,130.90379333496094
2,2.0,diff_s2_ow1,367,2576,0.11374735832214355,130.90379333496094
2,2.0,diff_s2_ow1,368,2583,0.11374735832214355,130.90379333496094
2,2.0,diff_s2_ow1,369,2590,0.11374735832214355,130.90379333496094
2,2.0,diff_s2_ow1,370,2597,0.11374735832214355,130.90379333496094
2,2.0,diff_s2_ow1,371,2604,0.11374735832214355,130.90379333496094
2,2.0,diff_s2_ow1,372,2611,0.11374735832214355,130.90379333496094
2,2.0,diff_s2_ow1,373,2618,0.11374735832214355,130.90379333496094
2,2.0,diff_s2_ow1,374,2625,0.11374735832214355,130.90379333496094
2,2.0,diff_s2_ow1,375,2632,0.11374735832214355,130.90379333496094
2,2.0,diff_s2_ow1,376,2639,0.11374735832214355,130.90379333496094
2,2.0,diff_s2_ow1,377,2646,0.11374735832214355,130.90379333496094
2,2.0,diff_s2_ow1,378,2653,0.11374735832214355,130.90379333496094
2,2.0,diff_s2_ow1,379,2660,0.11374735832214355,130.90379333496094
2,2.0,diff_s2_ow1,380,2667,0.11374735832214355,130.90379333496094
2,2.0,diff_s2_ow1,381,2674,0.11374735832214355,130.90379333496094
2,2.0,diff_s2_ow1,382,2681,0.11374735832214355,130.90379333496094
2,2.0,diff_s2_ow1,383,2688,0.11374735832214355,130.90379333496094
2,2.0,diff_s2_ow1,384,2695,0.11374735832214355,130.90379333496094
2,2.0,diff_s2_ow1,385,2702,0.11374735832214355,130.90379333496094
2,2.0,diff_s2_ow1,386,2709,0.11374735832214355,130.90379333496094
2,2.0,diff_s2_ow1,387,2716,0.11374735832214355,130.90379333496094
2,5.0,hard,0,7,0.0,28.21729850769043
2,5.0,hard,1,14,0.0,28.21729850769043
2,5.0,hard,2,21,0.0,28.21729850769043
2,5.0,hard,3,28,0.0,28.21729850769043
2,5.0,hard,4,35,0.0,28.21729850769043
2,5.0,hard,5,42,0.0,28.21729850769043
2,5.0,hard,6,49,0.0,28.21729850769043
2,5.0,hard,7,56,0.0,28.21729850769043
2,5.0,hard,8,63,0.0,28.21729850769043
2,5.0,hard,9,70,0.0,28.21729850769043
2,5.0,hard,10,77,0.0024449877750610804,96.26294708251953
2,5.0,hard,11,84,0.0024449877750610804,96.26294708251953
2,5.0,hard,12,91,0.0024449877750610804,96.26294708251953
2,5.0,hard,13,98,0.0024449877750610804,96.26294708251953
2,5.0,hard,14,105,0.0024449877750610804,96.26294708251953
2,5.0,hard,15,112,0.0024449877750610804,96.26294708251953
2,5.0,hard,16,119,0.0024449877750610804,96.26294708251953
2,5.0,hard,17,126,0.0024449877750610804,96.26294708251953
2,5.0,hard,18,133,0.0024449877750610804,96.26294708251953
2,5.0,hard,19,140,0.0024449877750610804,96.26294708251953
2,5.0,hard,20,147,0.0024449877750610804,96.26294708251953
2,5.0,hard,21,154,0.0033333333333332993,88.21739959716797
2,5.0,hard,22,161,0.0033333333333332993,88.21739959716797
2,5.0,hard,23,168,0.0033333333333332993,88.21739959716797
2,5.0,hard,24,175,0.0033333333333332993,88.21739959716797
2,5.0,hard,25,182,0.0033333333333332993,88.21739959716797
2,5.0,hard,26,189,0.0033333333333332993,88.21739959716797
2,5.0,hard,27,196,0.0033333333333332993,88.21739959716797
2,5.0,hard,28,203,0.0033333333333332993,88.21739959716797
2,5.0,hard,29,210,0.0033333333333332993,88.21739959716797
2,5.0,hard,30,217,0.0033333333333332993,88.21739959716797
2,5.0,hard,31,224,0.0033333333333332993,88.21739959716797
2,5.0,hard,32,231,0.0033333333333332993,88.21739959716797
2,5.0,hard,33,238,0.0033333333333332993,88.21739959716797
2,5.0,hard,34,245,0.0033333333333332993,88.21739959716797
2,5.0,hard,35,252,0.0033333333333332993,88.21739959716797
2,5.0,hard,36,259,0.0033333333333332993,88.21739959716797
2,5.0,hard,37,266,0.0033333333333332993,88.21739959716797
2,5.0,hard,38,273,0.0033333333333332993,88.21739959716797
2,5.0,hard,39,280,0.0033333333333332993,88.21739959716797
2,5.0,hard,40,287,0.0033333333333332993,88.21739959716797
2,5.0,hard,41,294,0.0033333333333332993,88.21739959716797
2,5.0,hard,42,301,0.0033333333333332993,88.21739959716797
2,5.0,hard,43,308,0.0033333333333332993,88.21739959716797
2,5.0,hard,44,315,0.0033333333333332993,88.21739959716797
2,5.0,hard,45,322,0.0033333333333332993,88.21739959716797
2,5.0,hard,46,329,0.0033333333333332993,88.21739959716797
2,5.0,hard,47,336,0.0033333333333332993,88.21739959716797
2,5.0,hard,48,343,0.0033333333333332993,88.21739959716797
2,5.0,hard,49,350,0.0033333333333332993,88.21739959716797
2,5.0,hard,50,357,0.0033333333333332993,88.21739959716797
2,5.0,hard,51,364,0.0033333333333332993,88.21739959716797
2,5.0,hard,52,371,0.0033333333333332993,88.21739959716797
2,5.0,hard,53,378,0.0033333333333332993,88.21739959716797
2,5.0,hard,54,385,0.0033333333333332993,88.21739959716797
2,5.0,hard,55,392,0.0033333333333332993,88.21739959716797
2,5.0,hard,56,399,0.0033333333333332993,88.21739959716797
2,5.0,hard,57,406,0.0033333333333332993,88.21739959716797
2,5.0,hard,58,413,0.0033333333333332993,88.21739959716797
2,5.0,hard,59,420,0.0033333333333332993,88.21739959716797
2,5.0,hard,60,427,0.0033333333333332993,88.21739959716797
2,5.0,hard,61,434,0.0033333333333332993,88.21739959716797
2,5.0,hard,62,441,0.0033333333333332993,88.21739959716797
2,5.0,hard,63,448,0.0033333333333332993,88.21739959716797
2,5.0,hard,64,455,0.0033333333333332993,88.21739959716797
2,5.0,hard,65,462,0.0033333333333332993,88.21739959716797
2,5.0,hard,66,469,0.0033333333333332993,88.21739959716797
2,5.0,hard,67,476,0.0033333333333332993,88.21739959716797
2,5.0,hard,68,483,0.0033333333333332993,88.21739959716797
2,5.0,hard,69,490,0.0033333333333332993,88.21739959716797
2,5.0,hard,70,497,0.0033333333333332993,88.21739959716797
2,5.0,hard,71,504,0.0033333333333332993,88.21739959716797
2,5.0,hard,72,511,0.0033333333333332993,88.21739959716797
2,5.0,hard,73,518,0.0033333333333332993,88.21739959716797
2,5.0,hard,74,525,0.0033333333333332993,88.21739959716797
2,5.0,hard,75,532,0.0033333333333332993,88.21739959716797
2,5.0,hard,76,539,0.0033333333333332993,88.21739959716797
2,5.0,hard,77,546,0.0033333333333332993,88.21739959716797
2,5.0,hard,78,553,0.0033333333333332993,88.21739959716797
2,5.0,hard,79,560,0.0033333333333332993,88.21739959716797
2,5.0,hard,80,567,0.0033333333333332993,88.21739959716797
2,5.0,hard,81,574,0.0033333333333332993,88.21739959716797
2,5.0,hard,82,581,0.0033333333333332993,88.21739959716797
2,5.0,hard,83,588,0.0033333333333332993,88.21739959716797
2,5.0,hard,84,595,0.0033333333333332993,88.21739959716797
2,5.0,hard,85,602,0.0033333333333332993,88.21739959716797
2,5.0,hard,86,609,0.0033333333333332993,88.21739959716797
2,5.0,hard,87,616,0.0033333333333332993,88.21739959716797
2,5.0,hard,88,623,0.0033333333333332993,88.21739959716797
2,5.0,hard,89,630,0.0033333333333332993,88.21739959716797
2,5.0,hard,90,637,0.0033333333333332993,88.21739959716797
2,5.0,hard,91,644,0.0033333333333332993,88.21739959716797
2,5.0,hard,92,651,0.0033333333333332993,88.21739959716797
2,5.0,hard,93,658,0.0033333333333332993,88.21739959716797
2,5.0,hard,94,665,0.0033333333333332993,88.21739959716797
2,5.0,hard,95,672,0.0033333333333332993,88.21739959716797
2,5.0,hard,96,679,0.0033333333333332993,88.21739959716797
2,5.0,hard,97,686,0.0033333333333332993,88.21739959716797
2,5.0,hard,98,693,0.0033333333333332993,88.21739959716797
2,5.0,hard,99,700,0.0033333333333332993,88.21739959716797
2,5.0,hard,100,707,0.0033333333333332993,88.21739959716797
2,5.0,hard,101,714,0.0033333333333332993,88.21739959716797
2,5.0,hard,102,721,0.0033333333333332993,88.21739959716797
2,5.0,hard,103,728,0.0033333333333332993,88.21739959716797
2,5.0,hard,104,735,0.0033333333333332993,88.21739959716797
2,5.0,hard,105,742,0.0033333333333332993,88.21739959716797
2,5.0,hard,106,749,0.0033333333333332993,88.21739959716797
2,5.0,hard,107,756,0.0033333333333332993,88.21739959716797
2,5.0,hard,108,763,0.0033333333333332993,88.21739959716797
2,5.0,hard,109,770,0.0033333333333332993,88.21739959716797
2,5.0,hard,110,777,0.0033333333333332993,88.21739959716797
2,5.0,hard,111,784,0.0033333333333332993,88.21739959716797
2,5.0,hard,112,791,0.0033333333333332993,88.21739959716797
2,5.0,hard,113,798,0.0033333333333332993,88.21739959716797
2,5.0,hard,114,805,0.0033333333333332993,88.21739959716797
2,5.0,hard,115,812,0.0033333333333332993,88.21739959716797
2,5.0,hard,116,819,0.0033333333333332993,88.21739959716797
2,5.0,hard,117,826,0.0033333333333332993,88.21739959716797
2,5.0,hard,118,833,0.0033333333333332993,88.21739959716797
2,5.0,hard,119,840,0.0033333333333332993,88.21739959716797
2,5.0,hard,120,847,0.0033333333333332993,88.21739959716797
2,5.0,hard,121,854,0.0033333333333332993,88.21739959716797
2,5.0,hard,122,861,0.0033333333333332993,88.21739959716797
2,5.0,hard,123,868,0.0033333333333332993,88.21739959716797
2,5.0,hard,124,875,0.0033333333333332993,88.21739959716797
2,5.0,hard,125,882,0.0033333333333332993,88.21739959716797
2,5.0,hard,126,889,0.0033333333333332993,88.21739959716797
2,5.0,hard,127,896,0.0033333333333332993,88.21739959716797
2,5.0,hard,128,903,0.0033333333333332993,88.21739959716797
2,5.0,hard,129,910,0.0033333333333332993,88.21739959716797
2,5.0,hard,130,917,0.0033333333333332993,88.21739959716797
2,5.0,hard,131,924,0.0033333333333332993,88.21739959716797
2,5.0,hard,132,931,0.0033333333333332993,88.21739959716797
2,5.0,hard,133,938,0.0033333333333332993,88.21739959716797
2,5.0,hard,134,945,0.0033333333333332993,88.21739959716797
2,5.0,hard,135,952,0.0033333333333332993,88.21739959716797
2,5.0,hard,136,959,0.0033333333333332993,88.21739959716797
2,5.0,hard,137,966,0.0033333333333332993,88.21739959716797
2,5.0,hard,138,973,0.0033333333333332993,88.21739959716797
2,5.0,hard,139,980,0.0033333333333332993,88.21739959716797
2,5.0,hard,140,987,0.0033333333333332993,88.21739959716797
2,5.0,hard,141,994,0.0033333333333332993,88.21739959716797
2,5.0,hard,142,1001,0.0033333333333332993,88.21739959716797
2,5.0,hard,143,1008,0.0033333333333332993,88.21739959716797
2,5.0,hard,144,1015,0.0033333333333332993,88.21739959716797
2,5.0,hard,145,1022,0.0033333333333332993,88.21739959716797
2,5.0,hard,146,1029,0.0033333333333332993,88.21739959716797
2,5.0,hard,147,1036,0.0033333333333332993,88.21739959716797
2,5.0,hard,148,1043,0.0033333333333332993,88.21739959716797
2,5.0,hard,149,1050,0.0033333333333332993,88.21739959716797
2,5.0,hard,150,1057,0.0033333333333332993,88.21739959716797
2,5.0,hard,151,1064,0.0033333333333332993,88.21739959716797
2,5.0,hard,152,1071,0.0033333333333332993,88.21739959716797
2,5.0,hard,153,1078,0.0033333333333332993,88.21739959716797
2,5.0,hard,154,1085,0.0033333333333332993,88.21739959716797
2,5.0,hard,155,1092,0.0033333333333332993,88.21739959716797
2,5.0,hard,156,1099,0.0033333333333332993,88.21739959716797
2,5.0,hard,157,1106,0.0033333333333332993,88.21739959716797
2,5.0,hard,158,1113,0.0033333333333332993,88.21739959716797
2,5.0,hard,159,1120,0.0033333333333332993,88.21739959716797
2,5.0,hard,160,1127,0.0033333333333332993,88.21739959716797
2,5.0,hard,161,1134,0.0033333333333332993,88.21739959716797
2,5.0,hard,162,1141,0.0033333333333332993,88.21739959716797
2,5.0,hard,163,1148,0.0033333333333332993,88.21739959716797
2,5.0,hard,164,1155,0.0033333333333332993,88.21739959716797
2,5.0,hard,165,1162,0.0033333333333332993,88.21739959716797
2,5.0,hard,166,1169,0.0033333333333332993,88.21739959716797
2,5.0,hard,167,1176,0.0033333333333332993,88.21739959716797
2,5.0,hard,168,1183,0.0033333333333332993,88.21739959716797
2,5.0,hard,169,1190,0.0033333333333332993,88.21739959716797
2,5.0,hard,170,1197,0.0033333333333332993,88.21739959716797
2,5.0,hard,171,1204,0.0033333333333332993,88.21739959716797
2,5.0,hard,172,1211,0.0033333333333332993,88.21739959716797
2,5.0,hard,173,1218,0.0033333333333332993,88.21739959716797
2,5.0,hard,174,1225,0.0033333333333332993,88.21739959716797
2,5.0,hard,175,1232,0.0033333333333332993,88.21739959716797
2,5.0,hard,176,1239,0.0033333333333332993,88.21739959716797
2,5.0,hard,177,1246,0.0033333333333332993,88.21739959716797
2,5.0,hard,178,1253,0.0033333333333332993,88.21739959716797
2,5.0,hard,179,1260,0.0033333333333332993,88.21739959716797
2,5.0,hard,180,1267,0.0033333333333332993,88.21739959716797
2,5.0,hard,181,1274,0.0033333333333332993,88.21739959716797
2,5.0,hard,182,1281,0.0033333333333332993,88.21739959716797
2,5.0,hard,183,1288,0.0033333333333332993,88.21739959716797
2,5.0,hard,184,1295,0.0033333333333332993,88.21739959716797
2,5.0,hard,185,1302,0.0033333333333332993,88.21739959716797
2,5.0,hard,186,1309,0.0033333333333332993,88.21739959716797
2,5.0,hard,187,1316,0.0033333333333332993,88.21739959716797
2,5.0,hard,188,1323,0.0033333333333332993,88.21739959716797
2,5.0,hard,189,1330,0.0033333333333332993,88.21739959716797
2,5.0,hard,190,1337,0.0033333333333332993,88.21739959716797
2,5.0,hard,191,1344,0.0033333333333332993,88.21739959716797
2,5.0,hard,192,1351,0.0033333333333332993,88.21739959716797
2,5.0,hard,193,1358,0.0033333333333332993,88.21739959716797
2,5.0,hard,194,1365,0.0033333333333332993,88.21739959716797
2,5.0,hard,195,1372,0.0033333333333332993,88.21739959716797
2,5.0,hard,196,1379,0.0033333333333332993,88.21739959716797
2,5.0,hard,197,1386,0.0033333333333332993,88.21739959716797
2,5.0,hard,198,1393,0.0033333333333332993,88.21739959716797
2,5.0,hard,199,1400,0.0033333333333332993,88.21739959716797
2,5.0,hard,200,1407,0.0033333333333332993,88.21739959716797
2,5.0,hard,201,1414,0.0033333333333332993,88.21739959716797
2,5.0,hard,202,1421,0.0033333333333332993,88.21739959716797
2,5.0,hard,203,1428,0.0033333333333332993,88.21739959716797
2,5.0,hard,204,1435,0.0033333333333332993,88.21739959716797
2,5.0,hard,205,1442,0.0033333333333332993,88.21739959716797
2,5.0,hard,206,1449,0.0033333333333332993,88.21739959716797
2,5.0,hard,207,1456,0.0033333333333332993,88.21739959716797
2,5.0,hard,208,1463,0.0033333333333332993,88.21739959716797
2,5.0,hard,209,1470,0.0033333333333332993,88.21739959716797
2,5.0,hard,210,1477,0.0033333333333332993,88.21739959716797
2,5.0,hard,211,1484,0.0033333333333332993,88.21739959716797
2,5.0,hard,212,1491,0.0033333333333332993,88.21739959716797
2,5.0,hard,213,1498,0.0033333333333332993,88.21739959716797
2,5.0,hard,214,1505,0.0033333333333332993,88.21739959716797
2,5.0,hard,215,1512,0.0033333333333332993,88.21739959716797
2,5.0,hard,216,1519,0.0033333333333332993,88.21739959716797
2,5.0,hard,217,1526,0.0033333333333332993,88.21739959716797
2,5.0,hard,218,1533,0.0033333333333332993,88.21739959716797
2,5.0,hard,219,1540,0.0033333333333332993,88.21739959716797
2,5.0,hard,220,1547,0.0033333333333332993,88.21739959716797
2,5.0,hard,221,1554,0.0033333333333332993,88.21739959716797
2,5.0,hard,222,1561,0.0033333333333332993,88.21739959716797
2,5.0,hard,223,1568,0.0033333333333332993,88.21739959716797
2,5.0,hard,224,1575,0.0033333333333332993,88.21739959716797
2,5.0,hard,225,1582,0.0033333333333332993,88.21739959716797
2,5.0,hard,226,1589,0.0033333333333332993,88.21739959716797
2,5.0,hard,227,1596,0.0033333333333332993,88.21739959716797
2,5.0,hard,228,1603,0.0033333333333332993,88.21739959716797
2,5.0,hard,229,1610,0.0033333333333332993,88.21739959716797
2,5.0,hard,230,1617,0.0033333333333332993,88.21739959716797
2,5.0,hard,231,1624,0.0033333333333332993,88.21739959716797
2,5.0,hard,232,1631,0.0033333333333332993,88.21739959716797
2,5.0,hard,233,1638,0.0033333333333332993,88.21739959716797
2,5.0,hard,234,1645,0.0033333333333332993,88.21739959716797
2,5.0,hard,235,1652,0.0033333333333332993,88.21739959716797
2,5.0,hard,236,1659,0.0033333333333332993,88.21739959716797
2,5.0,hard,237,1666,0.0033333333333332993,88.21739959716797
2,5.0,hard,238,1673,0.0033333333333332993,88.21739959716797
2,5.0,hard,239,1680,0.0033333333333332993,88.21739959716797
2,5.0,hard,240,1687,0.0033333333333332993,88.21739959716797
2,5.0,hard,241,1694,0.0033333333333332993,88.21739959716797
2,5.0,hard,242,1701,0.0033333333333332993,88.21739959716797
2,5.0,hard,243,1708,0.0033333333333332993,88.21739959716797
2,5.0,hard,244,1715,0.0033333333333332993,88.21739959716797
2,5.0,hard,245,1722,0.0033333333333332993,88.21739959716797
2,5.0,hard,246,1729,0.0033333333333332993,88.21739959716797
2,5.0,hard,247,1736,0.0033333333333332993,88.21739959716797
2,5.0,hard,248,1743,0.0033333333333332993,88.21739959716797
2,5.0,hard,249,1750,0.0033333333333332993,88.21739959716797
2,5.0,hard,250,1757,0.0033333333333332993,88.21739959716797
2,5.0,hard,251,1764,0.0033333333333332993,88.21739959716797
2,5.0,hard,252,1771,0.0033333333333332993,88.21739959716797
2,5.0,hard,253,1778,0.0033333333333332993,88.21739959716797
2,5.0,hard,254,1785,0.0033333333333332993,88.21739959716797
2,5.0,hard,255,1792,0.0033333333333332993,88.21739959716797
2,5.0,hard,256,1799,0.0033333333333332993,88.21739959716797
2,5.0,hard,257,1806,0.0033333333333332993,88.21739959716797
2,5.0,hard,258,1813,0.0033333333333332993,88.21739959716797
2,5.0,hard,259,1820,0.0033333333333332993,88.21739959716797
2,5.0,hard,260,1827,0.0033333333333332993,88.21739959716797
2,5.0,hard,261,1834,0.0033333333333332993,88.21739959716797
2,5.0,hard,262,1841,0.0033333333333332993,88.21739959716797
2,5.0,hard,263,1848,0.0033333333333332993,88.21739959716797
2,5.0,hard,264,1855,0.0033333333333332993,88.21739959716797
2,5.0,hard,265,1862,0.0033333333333332993,88.21739959716797
2,5.0,hard,266,1869,0.0033333333333332993,88.21739959716797
2,5.0,hard,267,1876,0.0033333333333332993,88.21739959716797
2,5.0,hard,268,1883,0.0033333333333332993,88.21739959716797
2,5.0,hard,269,1890,0.0033333333333332993,88.21739959716797
2,5.0,hard,270,1897,0.0033333333333332993,88.21739959716797
2,5.0,hard,271,1904,0.0033333333333332993,88.21739959716797
2,5.0,hard,272,1911,0.0033333333333332993,88.21739959716797
2,5.0,hard,273,1918,0.0033333333333332993,88.21739959716797
2,5.0,hard,274,1925,0.0033333333333332993,88.21739959716797
2,5.0,hard,275,1932,0.0033333333333332993,88.21739959716797
2,5.0,hard,276,1939,0.0033333333333332993,88.21739959716797
2,5.0,hard,277,1946,0.0033333333333332993,88.21739959716797
2,5.0,hard,278,1953,0.0033333333333332993,88.21739959716797
2,5.0,hard,279,1960,0.0033333333333332993,88.21739959716797
2,5.0,hard,280,1967,0.0033333333333332993,88.21739959716797
2,5.0,hard,281,1974,0.0033333333333332993,88.21739959716797
2,5.0,hard,282,1981,0.0033333333333332993,88.21739959716797
2,5.0,hard,283,1988,0.0033333333333332993,88.21739959716797
2,5.0,hard,284,1995,0.0033333333333332993,88.21739959716797
2,5.0,hard,285,2002,0.0033333333333332993,88.21739959716797
2,5.0,hard,286,2009,0.0033333333333332993,88.21739959716797
2,5.0,hard,287,2016,0.0033333333333332993,88.21739959716797
2,5.0,hard,288,2023,0.0033333333333332993,88.21739959716797
2,5.0,hard,289,2030,0.0033333333333332993,88.21739959716797
2,5.0,hard,290,2037,0.0033333333333332993,88.21739959716797
2,5.0,hard,291,2044,0.0033333333333332993,88.21739959716797
2,5.0,hard,292,2051,0.0033333333333332993,88.21739959716797
2,5.0,hard,293,2058,0.0033333333333332993,88.21739959716797
2,5.0,hard,294,2065,0.0033333333333332993,88.21739959716797
2,5.0,hard,295,2072,0.0033333333333332993,88.21739959716797
2,5.0,hard,296,2079,0.0033333333333332993,88.21739959716797
2,5.0,hard,297,2086,0.0033333333333332993,88.21739959716797
2,5.0,hard,298,2093,0.0033333333333332993,88.21739959716797
2,5.0,hard,299,2100,0.0033333333333332993,88.21739959716797
2,5.0,hard,300,2107,0.0033333333333332993,88.21739959716797
2,5.0,hard,301,2114,0.0033333333333332993,88.21739959716797
2,5.0,hard,302,2121,0.0033333333333332993,88.21739959716797
2,5.0,hard,303,2128,0.0033333333333332993,88.21739959716797
2,5.0,hard,304,2135,0.0033333333333332993,88.21739959716797
2,5.0,hard,305,2142,0.0033333333333332993,88.21739959716797
2,5.0,hard,306,2149,0.0033333333333332993,88.21739959716797
2,5.0,hard,307,2156,0.0033333333333332993,88.21739959716797
2,5.0,hard,308,2163,0.0033333333333332993,88.21739959716797
2,5.0,hard,309,2170,0.0033333333333332993,88.21739959716797
2,5.0,hard,310,2177,0.0033333333333332993,88.21739959716797
2,5.0,hard,311,2184,0.0033333333333332993,88.21739959716797
2,5.0,hard,312,2191,0.0033333333333332993,88.21739959716797
2,5.0,hard,313,2198,0.0033333333333332993,88.21739959716797
2,5.0,hard,314,2205,0.0033333333333332993,88.21739959716797
2,5.0,hard,315,2212,0.0033333333333332993,88.21739959716797
2,5.0,hard,316,2219,0.0033333333333332993,88.21739959716797
2,5.0,hard,317,2226,0.0033333333333332993,88.21739959716797
2,5.0,hard,318,2233,0.0033333333333332993,88.21739959716797
2,5.0,hard,319,2240,0.0033333333333332993,88.21739959716797
2,5.0,hard,320,2247,0.0033333333333332993,88.21739959716797
2,5.0,hard,321,2254,0.0033333333333332993,88.21739959716797
2,5.0,hard,322,2261,0.0033333333333332993,88.21739959716797
2,5.0,hard,323,2268,0.0033333333333332993,88.21739959716797
2,5.0,hard,324,2275,0.0033333333333332993,88.21739959716797
2,5.0,hard,325,2282,0.0033333333333332993,88.21739959716797
2,5.0,hard,326,2289,0.0033333333333332993,88.21739959716797
2,5.0,hard,327,2296,0.0033333333333332993,88.21739959716797
2,5.0,hard,328,2303,0.0033333333333332993,88.21739959716797
2,5.0,hard,329,2310,0.0033333333333332993,88.21739959716797
2,5.0,hard,330,2317,0.0033333333333332993,88.21739959716797
2,5.0,hard,331,2324,0.0033333333333332993,88.21739959716797
2,5.0,hard,332,2331,0.0033333333333332993,88.21739959716797
2,5.0,hard,333,2338,0.0033333333333332993,88.21739959716797
2,5.0,hard,334,2345,0.0033333333333332993,88.21739959716797
2,5.0,hard,335,2352,0.0033333333333332993,88.21739959716797
2,5.0,hard,336,2359,0.0033333333333332993,88.21739959716797
2,5.0,hard,337,2366,0.0033333333333332993,88.21739959716797
2,5.0,hard,338,2373,0.0033333333333332993,88.21739959716797
2,5.0,hard,339,2380,0.0033333333333332993,88.21739959716797
2,5.0,hard,340,2387,0.0033333333333332993,88.21739959716797
2,5.0,hard,341,2394,0.0033333333333332993,88.21739959716797
2,5.0,hard,342,2401,0.0033333333333332993,88.21739959716797
2,5.0,hard,343,2408,0.0033333333333332993,88.21739959716797
2,5.0,hard,344,2415,0.0033333333333332993,88.21739959716797
2,5.0,hard,345,2422,0.0033333333333332993,88.21739959716797
2,5.0,hard,346,2429,0.0033333333333332993,88.21739959716797
2,5.0,hard,347,2436,0.0033333333333332993,88.21739959716797
2,5.0,hard,348,2443,0.0033333333333332993,88.21739959716797
2,5.0,hard,349,2450,0.0033333333333332993,88.21739959716797
2,5.0,hard,350,2457,0.0033333333333332993,88.21739959716797
2,5.0,hard,351,2464,0.0033333333333332993,88.21739959716797
2,5.0,hard,352,2471,0.0033333333333332993,88.21739959716797
2,5.0,hard,353,2478,0.0033333333333332993,88.21739959716797
2,5.0,hard,354,2485,0.0033333333333332993,88.21739959716797
2,5.0,hard,355,2492,0.0033333333333332993,88.21739959716797
2,5.0,hard,356,2499,0.0033333333333332993,88.21739959716797
2,5.0,hard,357,2506,0.0033333333333332993,88.21739959716797
2,5.0,hard,358,2513,0.0033333333333332993,88.21739959716797
2,5.0,hard,359,2520,0.0033333333333332993,88.21739959716797
2,5.0,hard,360,2527,0.0033333333333332993,88.21739959716797
2,5.0,hard,361,2534,0.0033333333333332993,88.21739959716797
2,5.0,hard,362,2541,0.0033333333333332993,88.21739959716797
2,5.0,hard,363,2548,0.0033333333333332993,88.21739959716797
2,5.0,hard,364,2555,0.0033333333333332993,88.21739959716797
2,5.0,hard,365,2562,0.0033333333333332993,88.21739959716797
2,5.0,hard,366,2569,0.0033333333333332993,88.21739959716797
2,5.0,hard,367,2576,0.0033333333333332993,88.21739959716797
2,5.0,hard,368,2583,0.0033333333333332993,88.21739959716797
2,5.0,hard,369,2590,0.0033333333333332993,88.21739959716797
2,5.0,hard,370,2597,0.0033333333333332993,88.21739959716797
2,5.0,hard,371,2604,0.0033333333333332993,88.21739959716797
2,5.0,hard,372,2611,0.0033333333333332993,88.21739959716797
2,5.0,hard,373,2618,0.0033333333333332993,88.21739959716797
2,5.0,hard,374,2625,0.0033333333333332993,88.21739959716797
2,5.0,hard,375,2632,0.0033333333333332993,88.21739959716797
2,5.0,hard,376,2639,0.0033333333333332993,88.21739959716797
2,5.0,hard,377,2646,0.0033333333333332993,88.21739959716797
2,5.0,hard,378,2653,0.0033333333333332993,88.21739959716797
2,5.0,hard,379,2660,0.0033333333333332993,88.21739959716797
2,5.0,hard,380,2667,0.0033333333333332993,88.21739959716797
2,5.0,hard,381,2674,0.0033333333333332993,88.21739959716797
2,5.0,hard,382,2681,0.0033333333333332993,88.21739959716797
2,5.0,hard,383,2688,0.0033333333333332993,88.21739959716797
2,5.0,hard,384,2695,0.0033333333333332993,88.21739959716797
2,5.0,hard,385,2702,0.0033333333333332993,88.21739959716797
2,5.0,hard,386,2709,0.0033333333333332993,88.21739959716797
2,5.0,hard,387,2716,0.0033333333333332993,88.21739959716797
2,5.0,hard,388,2723,0.0033333333333332993,88.21739959716797
2,5.0,hard,389,2730,0.0033333333333332993,88.21739959716797
2,5.0,hard,390,2737,0.0033333333333332993,88.21739959716797
2,5.0,hard,391,2744,0.0033333333333332993,88.21739959716797
2,5.0,hard,392,2751,0.0033333333333332993,88.21739959716797
2,5.0,hard,393,2758,0.0033333333333332993,88.21739959716797
2,5.0,hard,394,2765,0.0033333333333332993,88.21739959716797
2,5.0,hard,395,2772,0.0033333333333332993,88.21739959716797
2,5.0,hard,396,2779,0.0033333333333332993,88.21739959716797
2,5.0,hard,397,2786,0.0033333333333332993,88.21739959716797
2,5.0,hard,398,2793,0.0033333333333332993,88.21739959716797
2,5.0,hard,399,2800,0.0033333333333332993,88.21739959716797
2,5.0,hard,400,2807,0.0033333333333332993,88.21739959716797
2,5.0,hard,401,2814,0.0033333333333332993,88.21739959716797
2,5.0,hard,402,2821,0.0033333333333332993,88.21739959716797
2,5.0,hard,403,2828,0.0033333333333332993,88.21739959716797
2,5.0,hard,404,2835,0.0033333333333332993,88.21739959716797
2,5.0,hard,405,2842,0.0033333333333332993,88.21739959716797
2,5.0,hard,406,2849,0.0033333333333332993,88.21739959716797
2,5.0,hard,407,2856,0.0033333333333332993,88.21739959716797
2,5.0,hard,408,2863,0.0033333333333332993,88.21739959716797
2,5.0,hard,409,2870,0.0033333333333332993,88.21739959716797
2,5.0,hard,410,2877,0.0033333333333332993,88.21739959716797
2,5.0,diff_s2_ow1,0,7,0.003912925720214844,46.330047607421875
2,5.0,diff_s2_ow1,1,14,0.005104660987854004,30.17938804626465
2,5.0,diff_s2_ow1,2,21,0.005104660987854004,30.17938804626465
2,5.0,diff_s2_ow1,3,28,0.006912887096405029,45.56411361694336
2,5.0,diff_s2_ow1,4,35,0.006912887096405029,45.56411361694336
2,5.0,diff_s2_ow1,5,42,0.006912887096405029,45.56411361694336
2,5.0,diff_s2_ow1,6,49,0.006912887096405029,45.56411361694336
2,5.0,diff_s2_ow1,7,56,0.006912887096405029,45.56411361694336
2,5.0,diff_s2_ow1,8,63,0.006912887096405029,45.56411361694336
2,5.0,diff_s2_ow1,9,70,0.006912887096405029,45.56411361694336
2,5.0,diff_s2_ow1,10,77,0.006912887096405029,45.56411361694336
2,5.0,diff_s2_ow1,11,84,0.006912887096405029,45.56411361694336
2,5.0,diff_s2_ow1,12,91,0.006912887096405029,45.56411361694336
2,5.0,diff_s2_ow1,13,98,0.006912887096405029,45.56411361694336
2,5.0,diff_s2_ow1,14,105,0.006912887096405029,45.56411361694336
2,5.0,diff_s2_ow1,15,112,0.007011473178863525,51.066612243652344
2,5.0,diff_s2_ow1,16,119,0.01586061716079712,50.959083557128906
2,5.0,diff_s2_ow1,17,126,0.01586061716079712,50.959083557128906
2,5.0,diff_s2_ow1,18,133,0.026667296886444092,52.58195495605469
2,5.0,diff_s2_ow1,19,140,0.026667296886444092,52.58195495605469
2,5.0,diff_s2_ow1,20,147,0.08748555183410645,52.998291015625
2,5.0,diff_s2_ow1,21,154,0.1094292402267456,52.18792724609375
2,5.0,diff_s2_ow1,22,161,0.1094292402267456,52.18792724609375
2,5.0,diff_s2_ow1,23,168,0.1094292402267456,52.18792724609375
2,5.0,diff_s2_ow1,24,175,0.1094292402267456,52.18792724609375
2,5.0,diff_s2_ow1,25,182,0.1625261902809143,52.323028564453125
2,5.0,diff_s2_ow1,26,189,0.2068524956703186,52.941246032714844
2,5.0,diff_s2_ow1,27,196,0.2068524956703186,52.941246032714844
2,5.0,diff_s2_ow1,28,203,0.2235621213912964,52.952999114990234
2,5.0,diff_s2_ow1,29,210,0.2235621213912964,52.952999114990234
2,5.0,diff_s2_ow1,30,217,0.23116159439086914,53.13657760620117
2,5.0,diff_s2_ow1,31,224,0.23116159439086914,53.13657760620117
2,5.0,diff_s2_ow1,32,231,0.23116159439086914,53.13657760620117
2,5.0,diff_s2_ow1,33,238,0.23116159439086914,53.13657760620117
2,5.0,diff_s2_ow1,34,245,0.2398054599761963,52.9053840637207
2,5.0,diff_s2_ow1,35,252,0.24172943830490112,52.854095458984375
2,5.0,diff_s2_ow1,36,259,0.24172943830490112,52.854095458984375
2,5.0,diff_s2_ow1,37,266,0.24172943830490112,52.854095458984375
2,5.0,diff_s2_ow1,38,273,0.24346542358398438,52.891326904296875
2,5.0,diff_s2_ow1,39,280,0.24346542358398438,52.891326904296875
2,5.0,diff_s2_ow1,40,287,0.24381983280181885,52.8618278503418
2,5.0,diff_s2_ow1,41,294,0.24381983280181885,52.8618278503418
2,5.0,diff_s2_ow1,42,301,0.2438896894454956,52.9019889831543
2,5.0,diff_s2_ow1,43,308,0.2438896894454956,52.9019889831543
2,5.0,diff_s2_ow1,44,315,0.2438896894454956,52.9019889831543
2,5.0,diff_s2_ow1,45,322,0.2438896894454956,52.9019889831543
2,5.0,diff_s2_ow1,46,329,0.2438896894454956,52.9019889831543
2,5.0,diff_s2_ow1,47,336,0.2438896894454956,52.9019889831543
2,5.0,diff_s2_ow1,48,343,0.2438896894454956,52.9019889831543
2,5.0,diff_s2_ow1,49,350,0.2438896894454956,52.9019889831543
2,5.0,diff_s2_ow1,50,357,0.2438896894454956,52.9019889831543
2,5.0,diff_s2_ow1,51,364,0.2438896894454956,52.9019889831543
2,5.0,diff_s2_ow1,52,371,0.2438896894454956,52.9019889831543
2,5.0,diff_s2_ow1,53,378,0.2438896894454956,52.9019889831543
2,5.0,diff_s2_ow1,54,385,0.24392938613891602,52.886749267578125
2,5.0,diff_s2_ow1,55,392,0.24392938613891602,52.886749267578125
2,5.0,diff_s2_ow1,56,399,0.24394792318344116,52.892303466796875
2,5.0,diff_s2_ow1,57,406,0.24398642778396606,52.893585205078125
2,5.0,diff_s2_ow1,58,413,0.24398642778396606,52.893585205078125
2,5.0,diff_s2_ow1,59,420,0.24399882555007935,52.88894271850586
2,5.0,diff_s2_ow1,60,427,0.2440016269683838,52.88336944580078
2,5.0,diff_s2_ow1,61,434,0.24407756328582764,52.86870193481445
2,5.0,diff_s2_ow1,62,441,0.24407756328582764,52.86870193481445
2,5.0,diff_s2_ow1,63,448,0.24407756328582764,52.86870193481445
2,5.0,diff_s2_ow1,64,455,0.24407756328582764,52.86870193481445
2,5.0,diff_s2_ow1,65,462,0.24407756328582764,52.86870193481445
2,5.0,diff_s2_ow1,66,469,0.24409514665603638,52.869449615478516
2,5.0,diff_s2_ow1,67,476,0.24409514665603638,52.869449615478516
2,5.0,diff_s2_ow1,68,483,0.24409514665603638,52.869449615478516
2,5.0,diff_s2_ow1,69,490,0.24409514665603638,52.869449615478516
2,5.0,diff_s2_ow1,70,497,0.2441016435623169,52.8654899597168
2,5.0,diff_s2_ow1,71,504,0.2441135048866272,52.86442947387695
2,5.0,diff_s2_ow1,72,511,0.2441135048866272,52.86442947387695
2,5.0,diff_s2_ow1,73,518,0.2441135048866272,52.86442947387695
2,5.0,diff_s2_ow1,74,525,0.24411392211914062,52.865421295166016
2,5.0,diff_s2_ow1,75,532,0.24411392211914062,52.865421295166016
2,5.0,diff_s2_ow1,76,539,0.24411392211914062,52.865421295166016
2,5.0,diff_s2_ow1,77,546,0.24411392211914062,52.865421295166016
2,5.0,diff_s2_ow1,78,553,0.24412012100219727,52.86396408081055
2,5.0,diff_s2_ow1,79,560,0.24412012100219727,52.86396408081055
2,5.0,diff_s2_ow1,80,567,0.24412012100219727,52.86396408081055
2,5.0,diff_s2_ow1,81,574,0.24412012100219727,52.86396408081055
2,5.0,diff_s2_ow1,82,581,0.24412202835083008,52.864444732666016
2,5.0,diff_s2_ow1,83,588,0.24412202835083008,52.864444732666016
2,5.0,diff_s2_ow1,84,595,0.24412202835083008,52.864444732666016
2,5.0,diff_s2_ow1,85,602,0.24412202835083008,52.864444732666016
2,5.0,diff_s2_ow1,86,609,0.24412202835083008,52.864444732666016
2,5.0,diff_s2_ow1,87,616,0.2441234588623047,52.864707946777344
2,5.0,diff_s2_ow1,88,623,0.2441234588623047,52.864707946777344
2,5.0,diff_s2_ow1,89,630,0.2441234588623047,52.864707946777344
2,5.0,diff_s2_ow1,90,637,0.2441234588623047,52.864707946777344
2,5.0,diff_s2_ow1,91,644,0.2441234588623047,52.864707946777344
2,5.0,diff_s2_ow1,92,651,0.2441234588623047,52.864707946777344
2,5.0,diff_s2_ow1,93,658,0.2441234588623047,52.864707946777344
2,5.0,diff_s2_ow1,94,665,0.2441234588623047,52.864707946777344
2,5.0,diff_s2_ow1,95,672,0.2441234588623047,52.864707946777344
2,5.0,diff_s2_ow1,96,679,0.2441234588623047,52.864707946777344
2,5.0,diff_s2_ow1,97,686,0.2441234588623047,52.864707946777344
2,5.0,diff_s2_ow1,98,693,0.2441234588623047,52.864707946777344
2,5.0,diff_s2_ow1,99,700,0.2441234588623047,52.864707946777344
2,5.0,diff_s2_ow1,100,707,0.2441234588623047,52.864707946777344
2,5.0,diff_s2_ow1,101,714,0.2441234588623047,52.864707946777344
2,5.0,diff_s2_ow1,102,721,0.2441234588623047,52.864707946777344
2,5.0,diff_s2_ow1,103,728,0.2441234588623047,52.864707946777344
2,5.0,diff_s2_ow1,104,735,0.24412435293197632,52.86418533325195
