voxel_idx,perturbation_deg,scale,omega_window,step,quality,misorientation_deg
0,1.0,1,0,0,0.03298037499189377,1.012590765953064
0,1.0,1,0,1,0.03298037499189377,1.012590765953064
0,1.0,1,0,2,0.052338335663080215,0.6921034455299377
0,1.0,1,0,3,0.07525473833084106,0.6224398612976074
0,1.0,1,0,4,0.21410317718982697,0.3345502018928528
0,1.0,1,0,5,0.26045069098472595,0.30901038646698
0,1.0,1,0,6,0.41552871465682983,0.20174117386341095
0,1.0,1,0,7,0.20071184635162354,0.3866429924964905
0,1.0,1,0,8,0.1097840890288353,0.5834977030754089
0,1.0,1,0,9,0.07451166212558746,0.7198209762573242
0,1.0,1,0,10,0.06511284410953522,0.8146935105323792
0,1.0,1,0,11,0.058440353721380234,0.8654714822769165
0,1.0,1,0,12,0.049459464848041534,0.8744685053825378
0,1.0,1,0,13,0.05404689162969589,0.8397672772407532
0,1.0,1,0,14,0.07915779948234558,0.7589877247810364
0,1.0,1,0,15,0.17161311209201813,0.6097355484962463
0,1.0,1,0,16,0.24953024089336395,0.4252062439918518
0,1.0,1,0,17,0.26157185435295105,0.4215087294578552
0,1.0,1,0,18,0.20295090973377228,0.567862331867218
0,1.0,1,0,19,0.09569533914327621,0.76104736328125
0,1.0,1,0,20,0.04531947150826454,0.9134312272071838
0,1.0,1,0,21,0.020200645551085472,1.0290758609771729
0,1.0,1,0,22,0.014217305928468704,1.1232647895812988
0,1.0,1,0,23,0.011597912758588791,1.2013819217681885
0,1.0,1,0,24,0.010001861490309238,1.2670224905014038
0,1.0,1,0,25,0.005267769563943148,1.3232299089431763
0,1.0,1,0,26,0.005057850852608681,1.3700220584869385
0,1.0,1,0,27,0.004944076761603355,1.4049991369247437
0,1.0,1,0,28,0.0066749281249940395,1.428480863571167
0,1.0,1,0,29,0.007254962343722582,1.4415720701217651
0,1.0,1,0,30,0.008275928907096386,1.4410290718078613
0,1.0,1,0,31,0.00902018416672945,1.4353141784667969
0,1.0,1,0,32,0.011236987076699734,1.421614646911621
0,1.0,1,0,33,0.015980200842022896,1.3929694890975952
0,1.0,1,0,34,0.026582852005958557,1.35161554813385
0,1.0,1,0,35,0.03222057595849037,1.2930117845535278
0,1.0,1,0,36,0.035472214221954346,1.231305480003357
0,1.0,1,0,37,0.03760453313589096,1.1646606922149658
0,1.0,1,0,38,0.042855195701122284,1.095751166343689
0,1.0,1,0,39,0.053704820573329926,1.0195239782333374
0,1.0,1,0,40,0.0655641257762909,0.9487385153770447
0,1.0,1,0,41,0.06644733250141144,0.8869109749794006
0,1.0,1,0,42,0.07685675472021103,0.8397672772407532
0,1.0,1,0,43,0.08270333707332611,0.8137321472167969
0,1.0,1,0,44,0.08073591440916061,0.8327475190162659
0,1.0,1,0,45,0.05707110837101936,0.8930671811103821
0,1.0,1,0,46,0.024652540683746338,0.9683363437652588
0,1.0,1,0,47,0.013461821712553501,1.055732250213623
0,1.0,1,0,48,0.012670319527387619,1.1490991115570068
0,1.0,1,0,49,0.010436451062560081,1.243010401725769
0,1.0,1,0,50,0.009274463169276714,1.3373515605926514
0,1.0,1,0,51,0.009108850732445717,1.4287548065185547
0,1.0,1,0,52,0.009967466816306114,1.514653205871582
0,1.0,1,0,53,0.009484853595495224,1.5961811542510986
0,1.0,1,0,54,0.009906856343150139,1.6721060276031494
0,1.0,1,0,55,0.008966004475951195,1.7411376237869263
0,1.0,1,0,56,0.007816106081008911,1.800158143043518
0,1.0,1,0,57,0.007285517640411854,1.8503373861312866
0,1.0,1,0,58,0.007070061285048723,1.8921715021133423
0,1.0,1,0,59,0.0071755340322852135,1.9268136024475098
0,1.0,1,0,60,0.007523867767304182,1.954445719718933
0,1.0,1,0,61,0.008114689029753208,1.9763526916503906
0,1.0,1,0,62,0.00635192496702075,1.9940977096557617
0,1.0,1,0,63,0.0068807112984359264,2.009544610977173
0,1.0,1,0,64,0.006704917177557945,2.025646924972534
0,1.0,1,0,65,0.006500858347862959,2.041239023208618
0,1.0,1,0,66,0.006298745982348919,2.0567128658294678
0,1.0,1,0,67,0.006152262445539236,2.0726375579833984
0,1.0,1,0,68,0.006089688744395971,2.0884411334991455
0,1.0,1,0,69,0.00610955897718668,2.1046841144561768
0,1.0,1,0,70,0.006211156956851482,2.120802640914917
0,1.0,1,0,71,0.005781226791441441,2.1373491287231445
0,1.0,1,0,72,0.006036939565092325,2.154677152633667
0,1.0,1,0,73,0.0063110110349953175,2.1725878715515137
0,1.0,1,0,74,0.006555062718689442,2.1917810440063477
0,1.0,1,0,75,0.006360167637467384,2.2099225521087646
0,1.0,1,0,76,0.008456534706056118,2.22563099861145
0,1.0,1,0,77,0.008365869522094727,2.2393076419830322
0,1.0,1,0,78,0.008377929218113422,2.250641345977783
0,1.0,1,0,79,0.008502492681145668,2.259493827819824
0,1.0,1,0,80,0.008638697676360607,2.2669312953948975
0,1.0,1,0,81,0.006555756088346243,2.273311138153076
0,1.0,1,0,82,0.006494085770100355,2.2795016765594482
0,1.0,1,0,83,0.006377061363309622,2.288242816925049
0,1.0,1,0,84,0.0063291690312325954,2.298994779586792
0,1.0,1,0,85,0.006370699033141136,2.311899185180664
0,1.0,1,0,86,0.00861168373376131,2.32658314704895
0,1.0,1,0,87,0.008875266648828983,2.345017671585083
0,1.0,1,0,88,0.008741860277950764,2.3629772663116455
0,1.0,1,0,89,0.008632744662463665,2.3784983158111572
0,1.0,1,0,90,0.008617696352303028,2.3921194076538086
0,1.0,1,0,91,0.008685357868671417,2.4035472869873047
0,1.0,1,0,92,0.008835713379085064,2.413299560546875
0,1.0,1,0,93,0.008925157599151134,2.421719551086426
0,1.0,1,0,94,0.008603522554039955,2.430271625518799
0,1.0,1,0,95,0.006209115032106638,2.4436044692993164
0,1.0,1,0,96,0.003679461544379592,2.4595720767974854
0,1.0,1,0,97,0.003696920583024621,2.4768595695495605
0,1.0,1,0,98,0.003615757217630744,2.4915146827697754
0,1.0,1,0,99,0.0036207453813403845,2.5035836696624756
0,1.0,1,0,100,0.0037019597366452217,2.5134153366088867
0,1.0,1,1,0,0.08034107089042664,1.012590765953064
0,1.0,1,1,1,0.08034107089042664,1.012590765953064
0,1.0,1,1,2,0.13179098069667816,0.5719823241233826
0,1.0,1,1,3,0.1997995376586914,0.6440697312355042
0,1.0,1,1,4,0.2022128403186798,0.6026340126991272
0,1.0,1,1,5,0.2132335603237152,0.4387945830821991
0,1.0,1,1,6,0.2756709158420563,0.32745644450187683
0,1.0,1,1,7,0.3360847234725952,0.36903539299964905
0,1.0,1,1,8,0.31201642751693726,0.5967608690261841
0,1.0,1,1,9,0.3387519419193268,0.6943615674972534
0,1.0,1,1,10,0.40655869245529175,0.5888388156890869
0,1.0,1,1,11,0.3520160913467407,0.42704302072525024
0,1.0,1,1,12,0.33702951669692993,0.4130682945251465
0,1.0,1,1,13,0.37885522842407227,0.47146889567375183
0,1.0,1,1,14,0.4372180700302124,0.615484893321991
0,1.0,1,1,15,0.40323930978775024,0.7241573929786682
0,1.0,1,1,16,0.4046614468097687,0.7038777470588684
0,1.0,1,1,17,0.4617103934288025,0.6013337969779968
0,1.0,1,1,18,0.45448848605155945,0.5553188920021057
0,1.0,1,1,19,0.4420344829559326,0.6135744452476501
0,1.0,1,1,20,0.4791381061077118,0.7170974612236023
0,1.0,1,1,21,0.4818115234375,0.7773285508155823
0,1.0,1,1,22,0.46777084469795227,0.7491267919540405
0,1.0,1,1,23,0.4952291250228882,0.7116190791130066
0,1.0,1,1,24,0.5087119340896606,0.7290049195289612
0,1.0,1,1,25,0.4786451458930969,0.8093921542167664
0,1.0,1,1,26,0.5181459784507751,0.8568368554115295
0,1.0,1,1,27,0.5141038298606873,0.8508784174919128
0,1.0,1,1,28,0.4923805892467499,0.8517978191375732
0,1.0,1,1,29,0.5393664836883545,0.8767032623291016
0,1.0,1,1,30,0.4922288954257965,0.9462602138519287
0,1.0,1,1,31,0.5042259693145752,0.9723694920539856
0,1.0,1,1,32,0.5287619233131409,0.957770586013794
0,1.0,1,1,33,0.48977190256118774,0.9807852506637573
0,1.0,1,1,34,0.521628201007843,1.0286954641342163
0,1.0,1,1,35,0.46860405802726746,1.0918152332305908
0,1.0,1,1,36,0.4544579088687897,1.1113554239273071
0,1.0,1,1,37,0.4853559732437134,1.1049984693527222
0,1.0,1,1,38,0.45195695757865906,1.1422669887542725
0,1.0,1,1,39,0.41738075017929077,1.1935378313064575
0,1.0,1,1,40,0.3987237215042114,1.2445836067199707
0,1.0,1,1,41,0.39271342754364014,1.2549179792404175
0,1.0,1,1,42,0.40817275643348694,1.2514827251434326
0,1.0,1,1,43,0.3675151467323303,1.294826626777649
0,1.0,1,1,44,0.32948923110961914,1.3545079231262207
0,1.0,1,1,45,0.31364548206329346,1.4027689695358276
0,1.0,1,1,46,0.30572837591171265,1.4108368158340454
0,1.0,1,1,47,0.30690550804138184,1.4072259664535522
0,1.0,1,1,48,0.2954019606113434,1.4364043474197388
0,1.0,1,1,49,0.2653026282787323,1.4956711530685425
0,1.0,1,1,50,0.22598843276500702,1.5466160774230957
0,1.0,1,1,51,0.2160971760749817,1.5639798641204834
0,1.0,1,1,52,0.21215373277664185,1.5734606981277466
0,1.0,1,1,53,0.20760726928710938,1.5922530889511108
0,1.0,1,1,54,0.18519945442676544,1.6231708526611328
0,1.0,1,1,55,0.1624973863363266,1.6591819524765015
0,1.0,1,1,56,0.1467941552400589,1.6874841451644897
0,1.0,1,1,57,0.13891327381134033,1.7063974142074585
0,1.0,1,1,58,0.13187001645565033,1.7251033782958984
0,1.0,1,1,59,0.11090417951345444,1.7547967433929443
0,1.0,1,1,60,0.09526378661394119,1.787721872329712
0,1.0,1,1,61,0.08552204817533493,1.8140202760696411
0,1.0,1,1,62,0.07859644293785095,1.8335500955581665
0,1.0,1,1,63,0.0765930712223053,1.84652578830719
0,1.0,1,1,64,0.07361406832933426,1.8528739213943481
0,1.0,1,1,65,0.06321397423744202,1.8621455430984497
0,1.0,1,1,66,0.059529468417167664,1.8715803623199463
0,1.0,1,1,67,0.0576370507478714,1.881384015083313
0,1.0,1,1,68,0.052956510335206985,1.8983670473098755
0,1.0,1,1,69,0.0442783385515213,1.9215246438980103
0,1.0,1,1,70,0.027976877987384796,1.9448089599609375
0,1.0,1,1,71,0.015545965172350407,1.9672213792800903
0,1.0,1,1,72,0.012839541770517826,1.9883971214294434
0,1.0,1,1,73,0.008229752071201801,2.0074009895324707
0,1.0,1,1,74,0.007258435245603323,2.02081036567688
0,1.0,1,1,75,0.004893696401268244,2.029315233230591
0,1.0,1,1,76,0.006965996697545052,2.0337467193603516
0,1.0,1,1,77,0.006467628758400679,2.0291223526000977
0,1.0,1,1,78,0.008118723519146442,2.023326873779297
0,1.0,1,1,79,0.007185945753008127,2.0246808528900146
0,1.0,1,1,80,0.005366998724639416,2.0341315269470215
0,1.0,1,1,81,0.0064840903505682945,2.047748327255249
0,1.0,1,1,82,0.002918885089457035,2.059945583343506
0,1.0,1,1,83,0.0009306563879363239,2.0686681270599365
0,1.0,1,1,84,0.000919882208108902,2.0765998363494873
0,1.0,1,1,85,0.0,2.0835623741149902
0,1.0,1,1,86,0.0,2.0897529125213623
0,1.0,1,1,87,0.0,2.0955512523651123
0,1.0,1,1,88,0.0,2.1007747650146484
0,1.0,1,1,89,0.0005897388327866793,2.1054279804229736
0,1.0,1,1,90,0.0,2.105985641479492
0,1.0,1,1,91,0.0,2.1067287921905518
0,1.0,1,1,92,0.0,2.107286214828491
0,1.0,1,1,93,0.0,2.1078433990478516
0,1.0,1,1,94,0.0,2.108214855194092
0,1.0,1,1,95,0.0,2.108586072921753
0,1.0,1,1,96,0.0,2.109142780303955
0,1.0,1,1,97,0.0,2.109328508377075
0,1.0,1,1,98,0.0,2.1096994876861572
0,1.0,1,1,99,0.0,2.1100707054138184
0,1.0,1,1,100,0.0,2.1102561950683594
0,1.0,1,2,0,0.08989489078521729,1.012590765953064
0,1.0,1,2,1,0.08989489078521729,1.012590765953064
0,1.0,1,2,2,0.13613329827785492,0.5719823241233826
0,1.0,1,2,3,0.22415797412395477,0.6336559653282166
0,1.0,1,2,4,0.21476061642169952,0.5560231804847717
0,1.0,1,2,5,0.2128760814666748,0.4140145778656006
0,1.0,1,2,6,0.30631357431411743,0.2960752844810486
0,1.0,1,2,7,0.34013092517852783,0.3753441572189331
0,1.0,1,2,8,0.335620254278183,0.5664823055267334
0,1.0,1,2,9,0.37347888946533203,0.6286957263946533
0,1.0,1,2,10,0.44104596972465515,0.49416419863700867
0,1.0,1,2,11,0.4485212564468384,0.38461336493492126
0,1.0,1,2,12,0.4411470293998718,0.444113552570343
0,1.0,1,2,13,0.45740410685539246,0.5733490586280823
0,1.0,1,2,14,0.47692060470581055,0.6324195861816406
0,1.0,1,2,15,0.477080762386322,0.5760728716850281
0,1.0,1,2,16,0.495230108499527,0.5293412208557129
0,1.0,1,2,17,0.51005619764328,0.5801345705986023
0,1.0,1,2,18,0.4818716049194336,0.7005338072776794
0,1.0,1,2,19,0.49907276034355164,0.7386046648025513
0,1.0,1,2,20,0.513293981552124,0.6829963326454163
0,1.0,1,2,21,0.49782755970954895,0.6573014259338379
0,1.0,1,2,22,0.5230520963668823,0.7094159126281738
0,1.0,1,2,23,0.5114203095436096,0.8199605345726013
0,1.0,1,2,24,0.5139320492744446,0.8595728874206543
0,1.0,1,2,25,0.5310701131820679,0.8180491328239441
0,1.0,1,2,26,0.513738751411438,0.80405592918396
0,1.0,1,2,27,0.5336050391197205,0.860028088092804
0,1.0,1,2,28,0.5144515633583069,0.9667183756828308
0,1.0,1,2,29,0.5164967775344849,0.9966184496879578
0,1.0,1,2,30,0.5349427461624146,0.9483259320259094
0,1.0,1,2,31,0.5144876837730408,0.9470871090888977
0,1.0,1,2,32,0.5400916934013367,1.011817455291748
0,1.0,1,2,33,0.510786771774292,1.1145201921463013
0,1.0,1,2,34,0.5191872119903564,1.133669137954712
0,1.0,1,2,35,0.5331215262413025,1.0864251852035522
0,1.0,1,2,36,0.5144345760345459,1.0936061143875122
0,1.0,1,2,37,0.5445432662963867,1.1639883518218994
0,1.0,1,2,38,0.5099888443946838,1.256164789199829
0,1.0,1,2,39,0.5264875888824463,1.2673313617706299
0,1.0,1,2,40,0.52692049741745,1.2226934432983398
0,1.0,1,2,41,0.5169717073440552,1.24017333984375
0,1.0,1,2,42,0.5449123382568359,1.3175982236862183
0,1.0,1,2,43,0.5208345055580139,1.3873387575149536
0,1.0,1,2,44,0.5427963137626648,1.385080099105835
0,1.0,1,2,45,0.5187280774116516,1.3579708337783813
0,1.0,1,2,46,0.525982141494751,1.3938121795654297
0,1.0,1,2,47,0.5344350337982178,1.4796226024627686
0,1.0,1,2,48,0.5278710722923279,1.5213568210601807
0,1.0,1,2,49,0.5387815237045288,1.504281759262085
0,1.0,1,2,50,0.5361349582672119,1.5241841077804565
0,1.0,1,2,51,0.5410050749778748,1.5823901891708374
0,1.0,1,2,52,0.5371729135513306,1.620516300201416
0,1.0,1,2,53,0.5378694534301758,1.620516300201416
0,1.0,1,2,54,0.5401707887649536,1.6561124324798584
0,1.0,1,2,55,0.5397049784660339,1.7052501440048218
0,1.0,1,2,56,0.5418670773506165,1.7187387943267822
0,1.0,1,2,57,0.5386742949485779,1.7366359233856201
0,1.0,1,2,58,0.5389950275421143,1.7818007469177246
0,1.0,1,2,59,0.5409768223762512,1.8157457113265991
0,1.0,1,2,60,0.5372128486633301,1.8282054662704468
0,1.0,1,2,61,0.5417080521583557,1.870952844619751
0,1.0,1,2,62,0.5401124954223633,1.8950650691986084
0,1.0,1,2,63,0.5396439433097839,1.9266103506088257
0,1.0,1,2,64,0.5401285886764526,1.9480266571044922
0,1.0,1,2,65,0.5405564308166504,1.9826802015304565
0,1.0,1,2,66,0.5411613583564758,2.009350061416626
0,1.0,1,2,67,0.5265019536018372,2.0325915813446045
0,1.0,1,2,68,0.5096141695976257,2.065638303756714
0,1.0,1,2,69,0.4954351782798767,2.0936825275421143
0,1.0,1,2,70,0.4809574484825134,2.115628480911255
0,1.0,1,2,71,0.46498578786849976,2.146486520767212
0,1.0,1,2,72,0.4465738534927368,2.1778063774108887
0,1.0,1,2,73,0.43356987833976746,2.1994473934173584
0,1.0,1,2,74,0.42384934425354004,2.220348596572876
0,1.0,1,2,75,0.4041854441165924,2.2525534629821777
0,1.0,1,2,76,0.38647398352622986,2.282075881958008
0,1.0,1,2,77,0.3787890672683716,2.2976324558258057
0,1.0,1,2,78,0.3606507182121277,2.318493127822876
0,1.0,1,2,79,0.34068968892097473,2.3560092449188232
0,1.0,1,2,80,0.3288024365901947,2.3740506172180176
0,1.0,1,2,81,0.3176136016845703,2.3888444900512695
0,1.0,1,2,82,0.297977477312088,2.4194555282592773
0,1.0,1,2,83,0.2924395501613617,2.451601266860962
0,1.0,1,2,84,0.2779110074043274,2.4691033363342285
0,1.0,1,2,85,0.2647037208080292,2.4871115684509277
0,1.0,1,2,86,0.2428790032863617,2.51932692527771
0,1.0,1,2,87,0.22529171407222748,2.549139976501465
0,1.0,1,2,88,0.21668069064617157,2.565366506576538
0,1.0,1,2,89,0.2096852958202362,2.581491708755493
0,1.0,1,2,90,0.19037117063999176,2.6081948280334473
0,1.0,1,2,91,0.1739550679922104,2.6359646320343018
0,1.0,1,2,92,0.1660231053829193,2.658148765563965
0,1.0,1,2,93,0.16090156137943268,2.671663761138916
0,1.0,1,2,94,0.15801401436328888,2.6824851036071777
0,1.0,1,2,95,0.14000201225280762,2.7037086486816406
0,1.0,1,2,96,0.1289505511522293,2.7303645610809326
0,1.0,1,2,97,0.12155045568943024,2.753352642059326
0,1.0,1,2,98,0.1081879511475563,2.7686662673950195
0,1.0,1,2,99,0.09652184695005417,2.7806594371795654
0,1.0,1,2,100,0.0928884819149971,2.7931618690490723
0,1.0,2,0,0,0.06102657690644264,1.012590765953064
0,1.0,2,0,1,0.06102657690644264,1.012590765953064
0,1.0,2,0,2,0.1119958907365799,0.6921034455299377
0,1.0,2,0,3,0.21574793756008148,0.4423476457595825
0,1.0,2,0,4,0.303470253944397,0.3250574469566345
0,1.0,2,0,5,0.18173637986183167,0.6180230975151062
0,1.0,2,0,6,0.1366511434316635,0.7116190791130066
0,1.0,2,0,7,0.16807399690151215,0.6305603981018066
0,1.0,2,0,8,0.27635788917541504,0.41495874524116516
0,1.0,2,0,9,0.37901824712753296,0.22728192806243896
0,1.0,2,0,10,0.3252529501914978,0.26834097504615784
0,1.0,2,0,11,0.30997130274772644,0.2755363881587982
0,1.0,2,0,12,0.3940151333808899,0.20747904479503632
0,1.0,2,0,13,0.3940270245075226,0.25022920966148376
0,1.0,2,0,14,0.33649545907974243,0.30261197686195374
0,1.0,2,0,15,0.35726815462112427,0.26540815830230713
0,1.0,2,0,16,0.42862197756767273,0.18767184019088745
0,1.0,2,0,17,0.38677695393562317,0.21306245028972626
0,1.0,2,0,18,0.3582395017147064,0.24066270887851715
0,1.0,2,0,19,0.41279879212379456,0.19782349467277527
0,1.0,2,0,20,0.4407016634941101,0.18130820989608765
0,1.0,2,0,21,0.4006943106651306,0.21670480072498322
0,1.0,2,0,22,0.4134272336959839,0.20174117386341095
0,1.0,2,0,23,0.42629218101501465,0.18557488918304443
0,1.0,2,0,24,0.3711740970611572,0.24066270887851715
0,1.0,2,0,25,0.36451512575149536,0.2486603558063507
0,1.0,2,0,26,0.40602609515190125,0.2185032218694687
0,1.0,2,0,27,0.4053526818752289,0.21670480072498322
0,1.0,2,0,28,0.41038137674331665,0.20558421313762665
0,1.0,2,0,29,0.4308166205883026,0.18974561989307404
0,1.0,2,0,30,0.41099363565444946,0.2112177014350891
0,1.0,2,0,31,0.3769987225532532,0.24228335916996002
0,1.0,2,0,32,0.37200459837913513,0.2564086616039276
0,1.0,2,0,33,0.3632346987724304,0.25944316387176514
0,1.0,2,0,34,0.4016375243663788,0.23406796157360077
0,1.0,2,0,35,0.416127473115921,0.20367176830768585
0,1.0,2,0,36,0.40860429406166077,0.21306245028972626
0,1.0,2,0,37,0.39543187618255615,0.23069989681243896
0,1.0,2,0,38,0.3776184022426605,0.2564086616039276
0,1.0,2,0,39,0.3609035015106201,0.28254860639572144
0,1.0,2,0,40,0.3573726713657379,0.27124202251434326
0,1.0,2,0,41,0.38819459080696106,0.23406796157360077
0,1.0,2,0,42,0.4050123691558838,0.22028693556785583
0,1.0,2,0,43,0.39956164360046387,0.2255535125732422
0,1.0,2,0,44,0.38805171847343445,0.24066270887851715
0,1.0,2,0,45,0.3562990725040436,0.2853052616119385
0,1.0,2,0,46,0.3460536301136017,0.30646705627441406
0,1.0,2,0,47,0.36000823974609375,0.27268099784851074
0,1.0,2,0,48,0.39500191807746887,0.23406796157360077
0,1.0,2,0,49,0.40041762590408325,0.2255535125732422
0,1.0,2,0,50,0.39382869005203247,0.23406796157360077
0,1.0,2,0,51,0.3796464800834656,0.25793036818504333
0,1.0,2,0,52,0.3545193672180176,0.29475054144859314
0,1.0,2,0,53,0.3489515781402588,0.29870712757110596
0,1.0,2,0,54,0.369230717420578,0.26834097504615784
0,1.0,2,0,55,0.39422887563705444,0.2373882532119751
0,1.0,2,0,56,0.3941004276275635,0.23406796157360077
0,1.0,2,0,57,0.38515177369117737,0.24708154797554016
0,1.0,2,0,58,0.36882543563842773,0.27268099784851074
0,1.0,2,0,59,0.3536015450954437,0.29341983795166016
0,1.0,2,0,60,0.3558798134326935,0.2853052616119385
0,1.0,2,0,61,0.3779129683971405,0.25793036818504333
0,1.0,2,0,62,0.3942345082759857,0.24389323592185974
0,1.0,2,0,63,0.3775743246078491,0.25178828835487366
0,1.0,2,0,64,0.3710234761238098,0.27124202251434326
0,1.0,2,0,65,0.36247509717941284,0.2839302718639374
0,1.0,2,0,66,0.3557521104812622,0.2853052616119385
0,1.0,2,0,67,0.37036430835723877,0.2639295756816864
0,1.0,2,0,68,0.3800937831401825,0.25022920966148376
0,1.0,2,0,69,0.3774813115596771,0.2533377707004547
0,1.0,2,0,70,0.36562401056289673,0.27411240339279175
0,1.0,2,0,71,0.361996591091156,0.2853052616119385
0,1.0,2,0,72,0.3556526005268097,0.2853052616119385
0,1.0,2,0,73,0.3679085075855255,0.27268099784851074
0,1.0,2,0,74,0.37608012557029724,0.26244261860847473
0,1.0,2,0,75,0.3643648624420166,0.27411240339279175
0,1.0,2,0,76,0.3581886291503906,0.2839302718639374
0,1.0,2,0,77,0.3657013177871704,0.2853052616119385
0,1.0,2,0,78,0.35965821146965027,0.2866736352443695
0,1.0,2,0,79,0.36659443378448486,0.2783624827861786
0,1.0,2,0,80,0.3703234791755676,0.2769530415534973
0,1.0,2,0,81,0.3587021827697754,0.28803551197052
0,1.0,2,0,82,0.36569467186927795,0.2853052616119385
0,1.0,2,0,83,0.36214467883110046,0.28254860639572144
0,1.0,2,0,84,0.3663739860057831,0.2783624827861786
0,1.0,2,0,85,0.36897191405296326,0.2797648012638092
0,1.0,2,0,86,0.35840582847595215,0.2893909811973572
0,1.0,2,0,87,0.357476145029068,0.29341983795166016
0,1.0,2,0,88,0.37245723605155945,0.2797648012638092
0,1.0,2,0,89,0.36706483364105225,0.28254860639572144
0,1.0,2,0,90,0.36219751834869385,0.28803551197052
0,1.0,2,0,91,0.3656216561794281,0.2839302718639374
0,1.0,2,0,92,0.36645567417144775,0.28803551197052
0,1.0,2,0,93,0.35909417271614075,0.29341983795166016
0,1.0,2,0,94,0.36147889494895935,0.29074013233184814
0,1.0,2,0,95,0.3558685779571533,0.29074013233184814
0,1.0,2,0,96,0.35950684547424316,0.29341983795166016
0,1.0,2,0,97,0.36891812086105347,0.28803551197052
0,1.0,2,0,98,0.35061198472976685,0.30131596326828003
0,1.0,2,0,99,0.35244056582450867,0.30261197686195374
0,1.0,2,0,100,0.3555780351161957,0.2973940968513489
0,1.0,2,1,0,0.13990333676338196,1.012590765953064
0,1.0,2,1,1,0.13990333676338196,1.012590765953064
0,1.0,2,1,2,0.25118476152420044,0.5719823241233826
0,1.0,2,1,3,0.30921033024787903,0.6489124298095703
0,1.0,2,1,4,0.3023732602596283,0.6824230551719666
0,1.0,2,1,5,0.33380070328712463,0.5196413397789001
0,1.0,2,1,6,0.37809959053993225,0.36045196652412415
0,1.0,2,1,7,0.3985818922519684,0.30646705627441406
0,1.0,2,1,8,0.39122337102890015,0.3345502018928528
0,1.0,2,1,9,0.3743451237678528,0.4387945830821991
0,1.0,2,1,10,0.40866512060165405,0.4877876043319702
0,1.0,2,1,11,0.43657365441322327,0.45370301604270935
0,1.0,2,1,12,0.42145922780036926,0.38461336493492126
0,1.0,2,1,13,0.4145605266094208,0.3322024643421173
0,1.0,2,1,14,0.4349600374698639,0.29074013233184814
0,1.0,2,1,15,0.45978501439094543,0.3077413737773895
0,1.0,2,1,16,0.437343955039978,0.40541815757751465
0,1.0,2,1,17,0.44196629524230957,0.46140074729919434
0,1.0,2,1,18,0.4678840637207031,0.4579954743385315
0,1.0,2,1,19,0.45907163619995117,0.41021621227264404
0,1.0,2,1,20,0.4448417127132416,0.37220317125320435
0,1.0,2,1,21,0.45674648880958557,0.3449174165725708
0,1.0,2,1,22,0.47401466965675354,0.36045196652412415
0,1.0,2,1,23,0.4646700620651245,0.4215087294578552
0,1.0,2,1,24,0.46179598569869995,0.4731261134147644
0,1.0,2,1,25,0.4798813760280609,0.47724390029907227
0,1.0,2,1,26,0.4669775366783142,0.46140074729919434
0,1.0,2,1,27,0.45935311913490295,0.4423476457595825
0,1.0,2,1,28,0.474263459444046,0.4261256456375122
0,1.0,2,1,29,0.4777798056602478,0.444113552570343
0,1.0,2,1,30,0.4688372015953064,0.4861803650856018
0,1.0,2,1,31,0.472983181476593,0.5135810971260071
0,1.0,2,1,32,0.4827004671096802,0.5181329250335693
0,1.0,2,1,33,0.4717547595500946,0.5263757109642029
0,1.0,2,1,34,0.47484326362609863,0.5286014080047607
0,1.0,2,1,35,0.48270726203918457,0.5330249667167664
0,1.0,2,1,36,0.47556161880493164,0.5532006621360779
0,1.0,2,1,37,0.4738729000091553,0.567862331867218
0,1.0,2,1,38,0.4816363751888275,0.5664823055267334
0,1.0,2,1,39,0.4783725440502167,0.5787838697433472
0,1.0,2,1,40,0.4754933714866638,0.6026340126991272
0,1.0,2,1,41,0.48092564940452576,0.6243232488632202
0,1.0,2,1,42,0.47822466492652893,0.6416345834732056
0,1.0,2,1,43,0.4772810637950897,0.6416345834732056
0,1.0,2,1,44,0.47933346033096313,0.6336559653282166
0,1.0,2,1,45,0.4780004024505615,0.6440697312355042
0,1.0,2,1,46,0.47752586007118225,0.6720213294029236
0,1.0,2,1,47,0.4806509017944336,0.7077590227127075
0,1.0,2,1,48,0.4787917137145996,0.7316842079162598
0,1.0,2,1,49,0.4798619747161865,0.7219924330711365
0,1.0,2,1,50,0.4792307913303375,0.7055437564849854
0,1.0,2,1,51,0.478114515542984,0.71216881275177
0,1.0,2,1,52,0.4793689548969269,0.7428313493728638
0,1.0,2,1,53,0.47991815209388733,0.7873333692550659
0,1.0,2,1,54,0.4782783091068268,0.8146935105323792
0,1.0,2,1,55,0.48027312755584717,0.80405592918396
0,1.0,2,1,56,0.4791507422924042,0.7883269190788269
0,1.0,2,1,57,0.47788918018341064,0.7947543263435364
0,1.0,2,1,58,0.4790325164794922,0.8232947587966919
0,1.0,2,1,59,0.47989729046821594,0.8645666241645813
0,1.0,2,1,60,0.4790918827056885,0.8930671811103821
0,1.0,2,1,61,0.47991079092025757,0.8877930641174316
0,1.0,2,1,62,0.4786994755268097,0.8851441740989685
0,1.0,2,1,63,0.4790736734867096,0.8956925868988037
0,1.0,2,1,64,0.47847622632980347,0.9228090047836304
0,1.0,2,1,65,0.47850939631462097,0.9458465576171875
0,1.0,2,1,66,0.4790445566177368,0.957770586013794
0,1.0,2,1,67,0.4774214029312134,0.9663134217262268
0,1.0,2,1,68,0.47795379161834717,0.9715642333030701
0,1.0,2,1,69,0.4763079583644867,0.9771873354911804
0,1.0,2,1,70,0.4760727286338806,0.9899202585220337
0,1.0,2,1,71,0.473045289516449,1.0067766904830933
0,1.0,2,1,72,0.4687584936618805,1.0264102220535278
0,1.0,2,1,73,0.45825013518333435,1.0396698713302612
0,1.0,2,1,74,0.45721563696861267,1.0460495948791504
0,1.0,2,1,75,0.4594404399394989,1.0512744188308716
0,1.0,2,1,76,0.453332781791687,1.0583239793777466
0,1.0,2,1,77,0.446877121925354,1.0719192028045654
0,1.0,2,1,78,0.4394420087337494,1.0882248878479004
0,1.0,2,1,79,0.4378945827484131,1.0975356101989746
0,1.0,2,1,80,0.4370145797729492,1.1007401943206787
0,1.0,2,1,81,0.4351786971092224,1.0986047983169556
0,1.0,2,1,82,0.4317548871040344,1.1064143180847168
0,1.0,2,1,83,0.42387303709983826,1.121172308921814
0,1.0,2,1,84,0.41583648324012756,1.1371160745620728
0,1.0,2,1,85,0.4105006754398346,1.1480767726898193
0,1.0,2,1,86,0.4109227955341339,1.144662857055664
0,1.0,2,1,87,0.41652828454971313,1.1309040784835815
0,1.0,2,1,88,0.4172084629535675,1.1229162216186523
0,1.0,2,1,89,0.4144795835018158,1.134359359741211
0,1.0,2,1,90,0.4081457853317261,1.156906008720398
0,1.0,2,1,91,0.40342241525650024,1.167681097984314
0,1.0,2,1,92,0.40338361263275146,1.1693557500839233
0,1.0,2,1,93,0.40759900212287903,1.1643245220184326
0,1.0,2,1,94,0.4122692942619324,1.1535181999206543
0,1.0,2,1,95,0.4121207892894745,1.1514806747436523
0,1.0,2,1,96,0.40756934881210327,1.167681097984314
0,1.0,2,1,97,0.39066174626350403,1.18101167678833
0,1.0,2,1,98,0.3837265968322754,1.1902543306350708
0,1.0,2,1,99,0.38357892632484436,1.1872912645339966
0,1.0,2,1,100,0.39559271931648254,1.17536461353302
0,1.0,2,2,0,0.15377795696258545,1.012590765953064
0,1.0,2,2,1,0.15377795696258545,1.012590765953064
0,1.0,2,2,2,0.25847750902175903,0.5719823241233826
0,1.0,2,2,3,0.3197011649608612,0.6477051377296448
0,1.0,2,2,4,0.30999842286109924,0.6909716129302979
0,1.0,2,2,5,0.33947885036468506,0.5286014080047607
0,1.0,2,2,6,0.38795343041419983,0.3516591191291809
0,1.0,2,2,7,0.4122428894042969,0.29341983795166016
0,1.0,2,2,8,0.3971298336982727,0.333378404378891
0,1.0,2,2,9,0.3773048520088196,0.4316007196903229
0,1.0,2,2,10,0.4245661795139313,0.459701269865036
0,1.0,2,2,11,0.450968861579895,0.41871413588523865
0,1.0,2,2,12,0.418890118598938,0.36584022641181946
0,1.0,2,2,13,0.41013485193252563,0.33102232217788696
0,1.0,2,2,14,0.44004756212234497,0.2866736352443695
0,1.0,2,2,15,0.46633219718933105,0.3077413737773895
0,1.0,2,2,16,0.4344158470630646,0.41495874524116516
0,1.0,2,2,17,0.43616268038749695,0.47063809633255005
0,1.0,2,2,18,0.46826353669166565,0.44936954975128174
0,1.0,2,2,19,0.46148988604545593,0.37949177622795105
0,1.0,2,2,20,0.4417518973350525,0.34149664640426636
0,1.0,2,2,21,0.4508809745311737,0.32020553946495056
0,1.0,2,2,22,0.4751039147377014,0.33571791648864746
0,1.0,2,2,23,0.4634499251842499,0.4159007966518402
0,1.0,2,2,24,0.452335000038147,0.47560110688209534
0,1.0,2,2,25,0.4739576578140259,0.4747775197029114
0,1.0,2,2,26,0.46962010860443115,0.4279584586620331
0,1.0,2,2,27,0.45802009105682373,0.3926689922809601
0,1.0,2,2,28,0.46806177496910095,0.37430012226104736
0,1.0,2,2,29,0.4786432087421417,0.3956475853919983
0,1.0,2,2,30,0.4693899154663086,0.4528396427631378
0,1.0,2,2,31,0.46647435426712036,0.49257779121398926
0,1.0,2,2,32,0.48117202520370483,0.49178266525268555
0,1.0,2,2,33,0.47182703018188477,0.47724390029907227
0,1.0,2,2,34,0.4686826467514038,0.46140074729919434
0,1.0,2,2,35,0.4793781340122223,0.4528396427631378
0,1.0,2,2,36,0.4786449670791626,0.4731261134147644
0,1.0,2,2,37,0.47179001569747925,0.5143425464630127
0,1.0,2,2,38,0.4792582392692566,0.5344913005828857
0,1.0,2,2,39,0.4809165596961975,0.54104083776474
0,1.0,2,2,40,0.4723818600177765,0.5467968583106995
0,1.0,2,2,41,0.4806893467903137,0.543206512928009
0,1.0,2,2,42,0.48078304529190063,0.5553188920021057
0,1.0,2,2,43,0.4759582281112671,0.5753931403160095
0,1.0,2,2,44,0.48001813888549805,0.5875080823898315
0,1.0,2,2,45,0.48148098587989807,0.5934728384017944
0,1.0,2,2,46,0.47732698917388916,0.6071627736091614
0,1.0,2,2,47,0.4802413284778595,0.621810793876648
0,1.0,2,2,48,0.4807724356651306,0.6385776996612549
0,1.0,2,2,49,0.4779287576675415,0.6495152711868286
0,1.0,2,2,50,0.48044562339782715,0.6513203382492065
0,1.0,2,2,51,0.4807600677013397,0.6584911346435547
0,1.0,2,2,52,0.47879523038864136,0.6807004809379578
0,1.0,2,2,53,0.4805985987186432,0.7077590227127075
0,1.0,2,2,54,0.48036596179008484,0.7241573929786682
0,1.0,2,2,55,0.4798278212547302,0.715458333492279
0,1.0,2,2,56,0.48038607835769653,0.7055437564849854
0,1.0,2,2,57,0.48038119077682495,0.7198209762573242
0,1.0,2,2,58,0.48015856742858887,0.7553696632385254
0,1.0,2,2,59,0.4805515706539154,0.7903100848197937
0,1.0,2,2,60,0.4809408485889435,0.7937688827514648
0,1.0,2,2,61,0.48114919662475586,0.7788375020027161
0,1.0,2,2,62,0.4803828001022339,0.7732904553413391
0,1.0,2,2,63,0.4809364080429077,0.7942617535591125
0,1.0,2,2,64,0.48157232999801636,0.834625244140625
0,1.0,2,2,65,0.4805222153663635,0.8650191426277161
0,1.0,2,2,66,0.4814976751804352,0.860028088092804
0,1.0,2,2,67,0.48109689354896545,0.8494974970817566
0,1.0,2,2,68,0.48120179772377014,0.8627540469169617
0,1.0,2,2,69,0.481475293636322,0.8943808674812317
0,1.0,2,2,70,0.4813821613788605,0.9211110472679138
0,1.0,2,2,71,0.4813082218170166,0.9320923089981079
0,1.0,2,2,72,0.48141539096832275,0.9337702393531799
0,1.0,2,2,73,0.4815886318683624,0.9400359988212585
0,1.0,2,2,74,0.4812992215156555,0.957770586013794
0,1.0,2,2,75,0.47987130284309387,0.9807852506637573
0,1.0,2,2,76,0.479931116104126,0.9966184496879578
0,1.0,2,2,77,0.47949713468551636,1.0102691650390625
0,1.0,2,2,78,0.4799947440624237,1.022972822189331
0,1.0,2,2,79,0.47973838448524475,1.0358988046646118
0,1.0,2,2,80,0.4797822833061218,1.0396698713302612
0,1.0,2,2,81,0.47998136281967163,1.0497841835021973
0,1.0,2,2,82,0.4798124432563782,1.0682618618011475
0,1.0,2,2,83,0.4799700677394867,1.0893032550811768
0,1.0,2,2,84,0.47998175024986267,1.0986047983169556
0,1.0,2,2,85,0.47995686531066895,1.0975356101989746
0,1.0,2,2,86,0.47982338070869446,1.1057065725326538
0,1.0,2,2,87,0.47904857993125916,1.1263960599899292
0,1.0,2,2,88,0.4789315462112427,1.1508008241653442
0,1.0,2,2,89,0.4789278209209442,1.1623060703277588
0,1.0,2,2,90,0.4791218042373657,1.1619693040847778
0,1.0,2,2,91,0.479000985622406,1.166675090789795
0,1.0,2,2,92,0.4782106578350067,1.1833291053771973
0,1.0,2,2,93,0.4782496988773346,1.2026841640472412
0,1.0,2,2,94,0.478231817483902,1.2104688882827759
0,1.0,2,2,95,0.4782553017139435,1.2194883823394775
0,1.0,2,2,96,0.4782579839229584,1.230669617652893
0,1.0,2,2,97,0.47819918394088745,1.2436399459838867
0,1.0,2,2,98,0.4782816469669342,1.2517954111099243
0,1.0,2,2,99,0.4782477915287018,1.2617603540420532
0,1.0,2,2,100,0.47830596566200256,1.2722629308700562
0,2.0,1,0,0,0.009744244627654552,2.0050597190856934
0,2.0,1,0,1,0.009744244627654552,2.0050597190856934
0,2.0,1,0,2,0.008595051243901253,2.141557216644287
0,2.0,1,0,3,0.009157715365290642,2.3654608726501465
0,2.0,1,0,4,0.009779640473425388,2.0788605213165283
0,2.0,1,0,5,0.005626705940812826,1.8405811786651611
0,2.0,1,0,6,0.008965234272181988,1.7727714776992798
0,2.0,1,0,7,0.010323002934455872,1.8045015335083008
0,2.0,1,0,8,0.012615662068128586,1.825205683708191
0,2.0,1,0,9,0.016886088997125626,1.8230600357055664
0,2.0,1,0,10,0.01734815537929535,1.785750389099121
0,2.0,1,0,11,0.0184779092669487,1.744955062866211
0,2.0,1,0,12,0.01872921548783779,1.670466661453247
0,2.0,1,0,13,0.018841542303562164,1.5587157011032104
0,2.0,1,0,14,0.021620534360408783,1.4183071851730347
0,2.0,1,0,15,0.015528607182204723,1.296940803527832
0,2.0,1,0,16,0.01065549161285162,1.2230135202407837
0,2.0,1,0,17,0.008872570469975471,1.2993526458740234
0,2.0,1,0,18,0.0071036298759281635,1.6134968996047974
0,2.0,1,0,19,0.0030392478220164776,1.9707995653152466
0,2.0,1,0,20,0.0036777430213987827,2.299335479736328
0,2.0,1,0,21,0.0049857632257044315,2.620473861694336
0,2.0,1,0,22,0.0035307679791003466,2.926500082015991
0,2.0,1,0,23,0.003533193375915289,3.20723295211792
0,2.0,1,0,24,0.0019590917509049177,3.4623796939849854
0,2.0,1,0,25,0.0018725612899288535,3.703590154647827
0,2.0,1,0,26,0.0037609110586345196,3.930142641067505
0,2.0,1,0,27,0.0037878809962421656,4.134222507476807
0,2.0,1,0,28,0.004120398312807083,4.31583833694458
0,2.0,1,0,29,0.0028875847347080708,4.475621700286865
0,2.0,1,0,30,0.002719039563089609,4.6104865074157715
0,2.0,1,0,31,0.0027446469757705927,4.7509355545043945
0,2.0,1,0,32,0.004608009941875935,4.898489952087402
0,2.0,1,0,33,0.003269108710810542,5.055010795593262
0,2.0,1,0,34,0.001970679499208927,5.179069995880127
0,2.0,1,0,35,0.002763481577858329,5.256056308746338
0,2.0,1,0,36,0.004306415561586618,5.30415153503418
0,2.0,1,0,37,0.0030367823783308268,5.3323750495910645
0,2.0,1,0,38,0.002122251084074378,5.3877973556518555
0,2.0,1,0,39,0.0026432317681610584,5.461348056793213
0,2.0,1,0,40,0.004723215475678444,5.556683540344238
0,2.0,1,0,41,0.004049886949360371,5.64479398727417
0,2.0,1,0,42,0.003684651106595993,5.706399440765381
0,2.0,1,0,43,0.00439958181232214,5.735041618347168
0,2.0,1,0,44,0.00391062255948782,5.7392778396606445
0,2.0,1,0,45,0.00424210075289011,5.788246154785156
0,2.0,1,0,46,0.004051191732287407,5.880699634552002
0,2.0,1,0,47,0.003145976457744837,5.9451446533203125
0,2.0,1,0,48,0.003475759644061327,5.973104953765869
0,2.0,1,0,49,0.004678989760577679,5.9681806564331055
0,2.0,1,0,50,0.003690399695187807,5.963449001312256
0,2.0,1,0,51,0.004317710641771555,6.007922649383545
0,2.0,1,0,52,0.003883582539856434,6.101235389709473
0,2.0,1,0,53,0.0031092262361198664,6.154852867126465
0,2.0,1,0,54,0.00358025124296546,6.170250415802002
0,2.0,1,0,55,0.004733044654130936,6.15147590637207
0,2.0,1,0,56,0.0033007271122187376,6.134178161621094
0,2.0,1,0,57,0.002971084089949727,6.15166711807251
0,2.0,1,0,58,0.0046114069409668446,6.208072662353516
0,2.0,1,0,59,0.001198522630147636,6.319192409515381
0,2.0,1,0,60,0.00038259560824371874,6.402175426483154
0,2.0,1,0,61,0.0001473588345106691,6.469083786010742
0,2.0,1,0,62,4.186427759123035e-05,6.526122093200684
0,2.0,1,0,63,1.5593188891216414e-06,6.575872421264648
0,2.0,1,0,64,0.0,6.620690822601318
0,2.0,1,0,65,0.0,6.661618232727051
0,2.0,1,0,66,0.0,6.699136257171631
0,2.0,1,0,67,0.0,6.7333598136901855
0,2.0,1,0,68,0.0,6.764627933502197
0,2.0,1,0,69,0.0,6.793212890625
0,2.0,1,0,70,0.0,6.819205284118652
0,2.0,1,0,71,0.0,6.842921733856201
0,2.0,1,0,72,0.0,6.864442348480225
0,2.0,1,0,73,0.0,6.884130001068115
0,2.0,1,0,74,0.0,6.901942253112793
0,2.0,1,0,75,0.0,6.918179035186768
0,2.0,1,0,76,0.0,6.932906627655029
0,2.0,1,0,77,0.0,6.946361064910889
0,2.0,1,0,78,0.0,6.958492755889893
0,2.0,1,0,79,0.0,6.969533920288086
0,2.0,1,0,80,0.0,6.979546070098877
0,2.0,1,0,81,0.0,6.988646030426025
0,2.0,1,0,82,0.0,6.996893405914307
0,2.0,1,0,83,0.0,7.0044026374816895
0,2.0,1,0,84,0.0,7.011120796203613
0,2.0,1,0,85,0.0,7.017273426055908
0,2.0,1,0,86,0.0,7.022861957550049
0,2.0,1,0,87,0.0,7.02788782119751
0,2.0,1,0,88,0.0,7.032519340515137
0,2.0,1,0,89,0.0,7.036646842956543
0,2.0,1,0,90,0.0,7.04038143157959
0,2.0,1,0,91,0.0,7.0437798500061035
0,2.0,1,0,92,0.0,7.046898365020752
0,2.0,1,0,93,0.0,7.049625873565674
0,2.0,1,0,94,0.0,7.05224084854126
0,2.0,1,0,95,0.0,7.0544657707214355
0,2.0,1,0,96,0.0,7.056578636169434
0,2.0,1,0,97,0.0,7.058413028717041
0,2.0,1,0,98,0.0,7.060135841369629
0,2.0,1,0,99,0.0,7.061692237854004
0,2.0,1,0,100,0.0,7.063080787658691
0,2.0,1,1,0,0.02656986378133297,2.0050597190856934
0,2.0,1,1,1,0.02656986378133297,2.0050597190856934
0,2.0,1,1,2,0.020618468523025513,2.141557216644287
0,2.0,1,1,3,0.03519817069172859,2.4286603927612305
0,2.0,1,1,4,0.02020343951880932,2.5764822959899902
0,2.0,1,1,5,0.012646335177123547,2.7948431968688965
0,2.0,1,1,6,0.011127220466732979,2.740525960922241
0,2.0,1,1,7,0.012135747820138931,2.5943493843078613
0,2.0,1,1,8,0.01779348775744438,2.3254051208496094
0,2.0,1,1,9,0.044388044625520706,1.9793212413787842
0,2.0,1,1,10,0.05082973092794418,1.6236530542373657
0,2.0,1,1,11,0.06251059472560883,1.4652690887451172
0,2.0,1,1,12,0.06973463296890259,1.3725907802581787
0,2.0,1,1,13,0.08783945441246033,1.3785656690597534
0,2.0,1,1,14,0.1454717367887497,1.5021988153457642
0,2.0,1,1,15,0.05441615730524063,1.8133728504180908
0,2.0,1,1,16,0.021646596491336823,2.059375524520874
0,2.0,1,1,17,0.016165167093276978,2.2908074855804443
0,2.0,1,1,18,0.015660321339964867,2.507021427154541
0,2.0,1,1,19,0.0130354268476367,2.7083380222320557
0,2.0,1,1,20,0.015589519403874874,2.895566940307617
0,2.0,1,1,21,0.013636527583003044,3.0709028244018555
0,2.0,1,1,22,0.013272698037326336,3.2334952354431152
0,2.0,1,1,23,0.013020339421927929,3.381361484527588
0,2.0,1,1,24,0.011683554388582706,3.515801429748535
0,2.0,1,1,25,0.012127136811614037,3.638410806655884
0,2.0,1,1,26,0.011386442929506302,3.749513626098633
0,2.0,1,1,27,0.009779022075235844,3.8537654876708984
0,2.0,1,1,28,0.009340913034975529,3.9517080783843994
0,2.0,1,1,29,0.009410129860043526,4.0455427169799805
0,2.0,1,1,30,0.009859561920166016,4.135927200317383
0,2.0,1,1,31,0.009935256093740463,4.221321105957031
0,2.0,1,1,32,0.009766015224158764,4.300472736358643
0,2.0,1,1,33,0.009624027647078037,4.3714799880981445
0,2.0,1,1,34,0.009806005284190178,4.434293270111084
0,2.0,1,1,35,0.009927273727953434,4.490389347076416
0,2.0,1,1,36,0.009881382808089256,4.543639659881592
0,2.0,1,1,37,0.009666407480835915,4.594313621520996
0,2.0,1,1,38,0.009623543359339237,4.644857406616211
0,2.0,1,1,39,0.009894199669361115,4.697027683258057
0,2.0,1,1,40,0.009891830384731293,4.74672794342041
0,2.0,1,1,41,0.009862677194178104,4.794198513031006
0,2.0,1,1,42,0.009825165383517742,4.838695049285889
0,2.0,1,1,43,0.009955810382962227,4.880539894104004
0,2.0,1,1,44,0.009982820600271225,4.920278072357178
0,2.0,1,1,45,0.009969953447580338,4.961831569671631
0,2.0,1,1,46,0.010020053945481777,5.005311489105225
0,2.0,1,1,47,0.010033132508397102,5.050590515136719
0,2.0,1,1,48,0.010174546390771866,5.100925445556641
0,2.0,1,1,49,0.01028497889637947,5.153280258178711
0,2.0,1,1,50,0.00812422577291727,5.207818508148193
0,2.0,1,1,51,0.008170129731297493,5.260676860809326
0,2.0,1,1,52,0.008300909772515297,5.312493801116943
0,2.0,1,1,53,0.008463763631880283,5.363519668579102
0,2.0,1,1,54,0.008612900972366333,5.415224075317383
0,2.0,1,1,55,0.00879699643701315,5.467803001403809
0,2.0,1,1,56,0.008911557495594025,5.523573875427246
0,2.0,1,1,57,0.009004190564155579,5.583353519439697
0,2.0,1,1,58,0.009272792376577854,5.648889541625977
0,2.0,1,1,59,0.009505989030003548,5.718614101409912
0,2.0,1,1,60,0.009641665033996105,5.792037010192871
0,2.0,1,1,61,0.009638401679694653,5.859663009643555
0,2.0,1,1,62,0.009862658567726612,5.921092987060547
0,2.0,1,1,63,0.009873615577816963,5.980386257171631
0,2.0,1,1,64,0.009945796802639961,6.025906085968018
0,2.0,1,1,65,0.009725595824420452,6.060679912567139
0,2.0,1,1,66,0.009379127062857151,6.089335918426514
0,2.0,1,1,67,0.009765669703483582,6.119587421417236
0,2.0,1,1,68,0.009479336440563202,6.142865180969238
0,2.0,1,1,69,0.009251939132809639,6.152049541473389
0,2.0,1,1,70,0.00940609909594059,6.146310806274414
0,2.0,1,1,71,0.009736482053995132,6.128934383392334
0,2.0,1,1,72,0.00995588768273592,6.102199554443359
0,2.0,1,1,73,0.009680596180260181,6.075541019439697
0,2.0,1,1,74,0.010003644973039627,6.064107894897461
0,2.0,1,1,75,0.007639083545655012,6.063655376434326
0,2.0,1,1,76,0.0075551588088274,6.058804035186768
0,2.0,1,1,77,0.007513777818530798,6.047987461090088
0,2.0,1,1,78,0.007451267447322607,6.032344341278076
0,2.0,1,1,79,0.007508772425353527,6.008705139160156
0,2.0,1,1,80,0.0074292998760938644,5.990931510925293
0,2.0,1,1,81,0.007398910820484161,5.980910778045654
0,2.0,1,1,82,0.0073921349830925465,5.9768452644348145
0,2.0,1,1,83,0.007416417822241783,5.9768452644348145
0,2.0,1,1,84,0.007440627086907625,5.97927188873291
0,2.0,1,1,85,0.007354100234806538,5.985431671142578
0,2.0,1,1,86,0.0074323974549770355,6.008052825927734
0,2.0,1,1,87,0.007514026947319508,6.046107292175293
0,2.0,1,1,88,0.007511091884225607,6.085857391357422
0,2.0,1,1,89,0.007559468038380146,6.126887321472168
0,2.0,1,1,90,0.007563306018710136,6.17120361328125
0,2.0,1,1,91,0.0074347034096717834,6.205608367919922
0,2.0,1,1,92,0.007511491887271404,6.225858211517334
0,2.0,1,1,93,0.007599813397973776,6.237436294555664
0,2.0,1,1,94,0.007672975771129131,6.241270065307617
0,2.0,1,1,95,0.0076125613413751125,6.253258228302002
0,2.0,1,1,96,0.007581624668091536,6.272229194641113
0,2.0,1,1,97,0.00758388452231884,6.297186851501465
0,2.0,1,1,98,0.0076357838697731495,6.327998161315918
0,2.0,1,1,99,0.007614925969392061,6.3648247718811035
0,2.0,1,1,100,0.007559684105217457,6.392367362976074
0,2.0,1,2,0,0.033675629645586014,2.0050597190856934
0,2.0,1,2,1,0.033675629645586014,2.0050597190856934
0,2.0,1,2,2,0.03419728949666023,2.141557216644287
0,2.0,1,2,3,0.05346957594156265,2.3508529663085938
0,2.0,1,2,4,0.05650004744529724,2.6915183067321777
0,2.0,1,2,5,0.08911547064781189,2.6660897731781006
0,2.0,1,2,6,0.13506951928138733,2.410702705383301
0,2.0,1,2,7,0.14154052734375,2.3354833126068115
0,2.0,1,2,8,0.14558036625385284,2.478755474090576
0,2.0,1,2,9,0.09404029697179794,2.7379534244537354
0,2.0,1,2,10,0.0481715202331543,2.866895914077759
0,2.0,1,2,11,0.037703484296798706,2.916851758956909
0,2.0,1,2,12,0.038641802966594696,2.926767587661743
0,2.0,1,2,13,0.047006480395793915,2.8979995250701904
0,2.0,1,2,14,0.05330716446042061,2.860743999481201
0,2.0,1,2,15,0.07174184173345566,2.8111846446990967
0,2.0,1,2,16,0.12112709879875183,2.737095355987549
0,2.0,1,2,17,0.1460532546043396,2.643972396850586
0,2.0,1,2,18,0.1503138393163681,2.6657960414886475
0,2.0,1,2,19,0.0826619565486908,2.8026766777038574
0,2.0,1,2,20,0.052201494574546814,2.900160551071167
0,2.0,1,2,21,0.026764318346977234,2.9588305950164795
0,2.0,1,2,22,0.01778935082256794,2.994213581085205
0,2.0,1,2,23,0.01356163527816534,3.012723922729492
0,2.0,1,2,24,0.013857816345989704,3.0186960697174072
0,2.0,1,2,25,0.01751270331442356,3.0114240646362305
0,2.0,1,2,26,0.02773691527545452,2.980583429336548
0,2.0,1,2,27,0.044360291212797165,2.92181396484375
0,2.0,1,2,28,0.05971049517393112,2.8653934001922607
0,2.0,1,2,29,0.04884485527873039,2.8623859882354736
0,2.0,1,2,30,0.04289620742201805,2.9082489013671875
0,2.0,1,2,31,0.010952181182801723,2.9855709075927734
0,2.0,1,2,32,0.005857908166944981,3.0641379356384277
0,2.0,1,2,33,0.006920137908309698,3.1347527503967285
0,2.0,1,2,34,0.007758260704576969,3.2002668380737305
0,2.0,1,2,35,0.006916554644703865,3.2608673572540283
0,2.0,1,2,36,0.006152600049972534,3.3086678981781006
0,2.0,1,2,37,0.005857336334884167,3.3464407920837402
0,2.0,1,2,38,0.0054804300889372826,3.373826026916504
0,2.0,1,2,39,0.0052803633734583855,3.391998529434204
0,2.0,1,2,40,0.0052080643363296986,3.402026891708374
0,2.0,1,2,41,0.00528567424044013,3.4046733379364014
0,2.0,1,2,42,0.005615420639514923,3.399493932723999
0,2.0,1,2,43,0.0060981158167123795,3.385180711746216
0,2.0,1,2,44,0.007059128489345312,3.363247871398926
0,2.0,1,2,45,0.008729771710932255,3.328725576400757
0,2.0,1,2,46,0.007751990109682083,3.281694173812866
0,2.0,1,2,47,0.01057709101587534,3.2315571308135986
0,2.0,1,2,48,0.008732398971915245,3.202101469039917
0,2.0,1,2,49,0.005337211303412914,3.1817386150360107
0,2.0,1,2,50,0.0034233953338116407,3.175579786300659
0,2.0,1,2,51,0.0003475813427940011,3.1914455890655518
0,2.0,1,2,52,0.0003444081521593034,3.20845365524292
0,2.0,1,2,53,0.0007457778556272388,3.2267072200775146
0,2.0,1,2,54,0.0006058432045392692,3.234221935272217
0,2.0,1,2,55,0.00024102050520014018,3.2319207191467285
0,2.0,1,2,56,0.00018973105761688203,3.231799602508545
0,2.0,1,2,57,0.00015650514978915453,3.233616590499878
0,2.0,1,2,58,0.00013754444080404937,3.237125873565674
0,2.0,1,2,59,0.00012942995817866176,3.2420814037323
0,2.0,1,2,60,0.00013059598859399557,3.2481143474578857
0,2.0,1,2,61,0.0001402579655405134,3.2554595470428467
0,2.0,1,2,62,0.0017437745118513703,3.2637479305267334
0,2.0,1,2,63,0.001772506395354867,3.273092269897461
0,2.0,1,2,64,0.0018137111328542233,3.283602476119995
0,2.0,1,2,65,0.0018700112123042345,3.2952678203582764
0,2.0,1,2,66,0.0019446718506515026,3.308194398880005
0,2.0,1,2,67,0.00204166560433805,3.322721004486084
0,2.0,1,2,68,0.002166731981560588,3.3389437198638916
0,2.0,1,2,69,0.0023273187689483166,3.3570716381073
0,2.0,1,2,70,0.002715017646551132,3.3774218559265137
0,2.0,1,2,71,0.0029376535676419735,3.399954319000244
0,2.0,1,2,72,0.005167121533304453,3.4248552322387695
0,2.0,1,2,73,0.00734772440046072,3.4522995948791504
0,2.0,1,2,74,0.007059380412101746,3.46588397026062
0,2.0,1,2,75,0.007078639231622219,3.4685943126678467
0,2.0,1,2,76,0.007258311379700899,3.4607961177825928
0,2.0,1,2,77,0.006574083119630814,3.4428722858428955
0,2.0,1,2,78,0.005168069154024124,3.430680990219116
0,2.0,1,2,79,0.0032449085265398026,3.424283266067505
0,2.0,1,2,80,0.0032633633818477392,3.42256760597229
0,2.0,1,2,81,0.003340482246130705,3.4251980781555176
0,2.0,1,2,82,0.003471538657322526,3.431936502456665
0,2.0,1,2,83,0.004331966862082481,3.4428722858428955
0,2.0,1,2,84,0.004258241504430771,3.447645902633667
0,2.0,1,2,85,0.004820793867111206,3.4355854988098145
0,2.0,1,2,86,0.0027965372428297997,3.406627655029297
0,2.0,1,2,87,0.0029580979607999325,3.3827507495880127
0,2.0,1,2,88,0.002211451530456543,3.365342855453491
0,2.0,1,2,89,0.002961018355563283,3.354621410369873
0,2.0,1,2,90,0.0028284864965826273,3.356955051422119
0,2.0,1,2,91,0.002934577176347375,3.351001024246216
0,2.0,1,2,92,0.006649550516158342,3.337066888809204
0,2.0,1,2,93,0.003183638211339712,3.32342791557312
0,2.0,1,2,94,0.0032219383865594864,3.3184757232666016
0,2.0,1,2,95,0.0017879565712064505,3.3425772190093994
0,2.0,1,2,96,0.0006763022975064814,3.337536096572876
0,2.0,1,2,97,0.0006142026395536959,3.336480140686035
0,2.0,1,2,98,0.0005816031480208039,3.3387091159820557
0,2.0,1,2,99,0.0005719833425246179,3.3435142040252686
0,2.0,1,2,100,0.0005770951975136995,3.350416660308838
0,2.0,2,0,0,0.011239868588745594,2.0050597190856934
0,2.0,2,0,1,0.011239868588745594,2.0050597190856934
0,2.0,2,0,2,0.037923846393823624,1.2309876680374146
0,2.0,2,0,3,0.04697704687714577,1.288159728050232
0,2.0,2,0,4,0.017062339931726456,1.3873387575149536
0,2.0,2,0,5,0.004433640278875828,1.6375746726989746
0,2.0,2,0,6,0.0024240773636847734,1.983864426612854
0,2.0,2,0,7,0.004956153687089682,2.3358187675476074
0,2.0,2,0,8,0.00445153471082449,2.6674108505249023
0,2.0,2,0,9,0.003618853399530053,2.958698272705078
0,2.0,2,0,10,0.0037701542023569345,3.213940382003784
0,2.0,2,0,11,0.003728799056261778,3.4401416778564453
0,2.0,2,0,12,0.0037737295497208834,3.6457226276397705
0,2.0,2,0,13,0.003762634238228202,3.831956148147583
0,2.0,2,0,14,0.003706393064931035,3.99948787689209
0,2.0,2,0,15,0.0036688789259642363,4.1450090408325195
0,2.0,2,0,16,0.001843534642830491,4.270125389099121
0,2.0,2,0,17,0.0018251227447763085,4.385794162750244
0,2.0,2,0,18,0.0018121328903362155,4.492918491363525
0,2.0,2,0,19,0.003501239465549588,4.59226655960083
0,2.0,2,0,20,0.0039732204750180244,4.701446533203125
0,2.0,2,0,21,0.004625159781426191,4.822635650634766
0,2.0,2,0,22,0.0038481305819004774,4.9459333419799805
0,2.0,2,0,23,0.003644719487056136,5.027417182922363
0,2.0,2,0,24,0.0043580238707363605,5.070413112640381
0,2.0,2,0,25,0.00452940259128809,5.103690147399902
0,2.0,2,0,26,0.003956753294914961,5.14863920211792
0,2.0,2,0,27,0.003926130011677742,5.214285850524902
0,2.0,2,0,28,0.00439997436478734,5.299124717712402
0,2.0,2,0,29,0.006445293314754963,5.404719352722168
0,2.0,2,0,30,0.00395188620314002,5.503028392791748
0,2.0,2,0,31,0.00499045429751277,5.614925861358643
0,2.0,2,0,32,0.005370862316340208,5.753466606140137
0,2.0,2,0,33,0.004810316953808069,5.920099258422852
0,2.0,2,0,34,0.004447426646947861,6.003809928894043
0,2.0,2,0,35,0.004576064180582762,6.013075351715088
0,2.0,2,0,36,0.005097813904285431,5.956212997436523
0,2.0,2,0,37,0.005346605554223061,5.84157133102417
0,2.0,2,0,38,0.005076202098280191,5.779502868652344
0,2.0,2,0,39,0.004915226716548204,5.762725353240967
0,2.0,2,0,40,0.004905720707029104,5.785671710968018
0,2.0,2,0,41,0.005019699689000845,5.845127105712891
0,2.0,2,0,42,0.005120629910379648,5.939338684082031
0,2.0,2,0,43,0.005467869807034731,6.062167644500732
0,2.0,2,0,44,0.0050695245154201984,6.21854829788208
0,2.0,2,0,45,0.0030383351258933544,6.2983078956604
0,2.0,2,0,46,0.0012549585662782192,6.312238693237305
0,2.0,2,0,47,0.0012542417971417308,6.331219673156738
0,2.0,2,0,48,0.0012654116144403815,6.3548359870910645
0,2.0,2,0,49,0.003944100346416235,6.382421493530273
0,2.0,2,0,50,0.003991105128079653,6.406890392303467
0,2.0,2,0,51,0.003928518388420343,6.430534839630127
0,2.0,2,0,52,0.004002640023827553,6.474295616149902
0,2.0,2,0,53,0.0039862534031271935,6.538189888000488
0,2.0,2,0,54,0.0024521276354789734,6.594692230224609
0,2.0,2,0,55,0.0026581170968711376,6.613162994384766
0,2.0,2,0,56,0.0025388344656676054,6.624007225036621
0,2.0,2,0,57,0.002355078933760524,6.653370380401611
0,2.0,2,0,58,0.0026174271479249,6.71457576751709
0,2.0,2,0,59,0.002549342345446348,6.78899621963501
0,2.0,2,0,60,0.002279623644426465,6.8460164070129395
0,2.0,2,0,61,0.0025496967136859894,6.8632988929748535
0,2.0,2,0,62,0.00265668798238039,6.867984294891357
0,2.0,2,0,63,0.0025580080691725016,6.891192436218262
0,2.0,2,0,64,0.0025988535489887,6.932680606842041
0,2.0,2,0,65,0.002648842055350542,6.990218162536621
0,2.0,2,0,66,0.0025970495771616697,7.035475730895996
0,2.0,2,0,67,0.0,7.066579341888428
0,2.0,2,0,68,0.0,7.094782829284668
0,2.0,2,0,69,0.0,7.120396137237549
0,2.0,2,0,70,0.0,7.143666744232178
0,2.0,2,0,71,0.0,7.164726257324219
0,2.0,2,0,72,0.0,7.183813095092773
0,2.0,2,0,73,0.0,7.201215744018555
0,2.0,2,0,74,0.0,7.216945648193359
0,2.0,2,0,75,0.0,7.23123025894165
0,2.0,2,0,76,0.0,7.24407958984375
0,2.0,2,0,77,0.0,7.255824089050293
0,2.0,2,0,78,0.0,7.266469478607178
0,2.0,2,0,79,0.0,7.27607536315918
0,2.0,2,0,80,0.0,7.284807205200195
0,2.0,2,0,81,0.0,7.292720794677734
0,2.0,2,0,82,0.0,7.299873352050781
0,2.0,2,0,83,0.0,7.306375026702881
0,2.0,2,0,84,0.0,7.31222677230835
0,2.0,2,0,85,0.0,7.317591190338135
0,2.0,2,0,86,0.0,7.322469711303711
0,2.0,2,0,87,0.0,7.326755523681641
0,2.0,2,0,88,0.0,7.330771446228027
0,2.0,2,0,89,0.0,7.334303855895996
0,2.0,2,0,90,0.0,7.337565898895264
0,2.0,2,0,91,0.0,7.3405070304870605
0,2.0,2,0,92,0.0,7.343179702758789
0,2.0,2,0,93,0.0,7.345530986785889
0,2.0,2,0,94,0.0,7.347720623016357
0,2.0,2,0,95,0.0,7.349696159362793
0,2.0,2,0,96,0.0,7.351511478424072
0,2.0,2,0,97,0.0,7.35311222076416
0,2.0,2,0,98,0.0,7.354606628417969
0,2.0,2,0,99,0.0,7.355886936187744
0,2.0,2,0,100,0.0,7.35706090927124
0,2.0,2,1,0,0.03667899966239929,2.0050597190856934
0,2.0,2,1,1,0.03667899966239929,2.0050597190856934
0,2.0,2,1,2,0.05858030915260315,1.9322905540466309
0,2.0,2,1,3,0.035626329481601715,2.3086798191070557
0,2.0,2,1,4,0.0034498455934226513,2.7628629207611084
0,2.0,2,1,5,0.0029431262519210577,3.1887452602386475
0,2.0,2,1,6,0.004827921744436026,3.6461520195007324
0,2.0,2,1,7,0.007438958156853914,4.130241394042969
0,2.0,2,1,8,0.00752531411126256,4.556210041046143
0,2.0,2,1,9,0.005913041532039642,4.936814308166504
0,2.0,2,1,10,0.004866987466812134,5.207818508148193
0,2.0,2,1,11,0.009024245664477348,5.422601222991943
0,2.0,2,1,12,0.00937679037451744,5.5859503746032715
0,2.0,2,1,13,0.013176660053431988,5.669460773468018
0,2.0,2,1,14,0.013762067072093487,5.674367427825928
0,2.0,2,1,15,0.01509901788085699,5.632907390594482
0,2.0,2,1,16,0.011644466780126095,5.515336513519287
0,2.0,2,1,17,0.012266179546713829,5.3401594161987305
0,2.0,2,1,18,0.017253272235393524,5.131638526916504
0,2.0,2,1,19,0.014594942331314087,4.922029972076416
0,2.0,2,1,20,0.009778204374015331,4.7723283767700195
0,2.0,2,1,21,0.0070679523050785065,4.673614501953125
0,2.0,2,1,22,0.007301446981728077,4.593631267547607
0,2.0,2,1,23,0.007375719491392374,4.517179489135742
0,2.0,2,1,24,0.010241242125630379,4.466158390045166
0,2.0,2,1,25,0.009938372299075127,4.485064506530762
0,2.0,2,1,26,0.009309575892984867,4.523419380187988
0,2.0,2,1,27,0.006835665553808212,4.544415473937988
0,2.0,2,1,28,0.007142354734241962,4.557069778442383
0,2.0,2,1,29,0.009138048626482487,4.560421466827393
0,2.0,2,1,30,0.010953658260405064,4.575258731842041
0,2.0,2,1,31,0.008376291021704674,4.575601100921631
0,2.0,2,1,32,0.00792821403592825,4.564028263092041
0,2.0,2,1,33,0.00800326932221651,4.5389814376831055
0,2.0,2,1,34,0.008611169643700123,4.513361930847168
0,2.0,2,1,35,0.007571646012365818,4.486461639404297
0,2.0,2,1,36,0.008378700353205204,4.4369425773620605
0,2.0,2,1,37,0.008248397149145603,4.368253231048584
0,2.0,2,1,38,0.006760199088603258,4.304841995239258
0,2.0,2,1,39,0.007014290429651737,4.245285987854004
0,2.0,2,1,40,0.0069326674565672874,4.177763938903809
0,2.0,2,1,41,0.0071393265388906,4.105129718780518
0,2.0,2,1,42,0.006975985132157803,4.056757926940918
0,2.0,2,1,43,0.006680413614958525,4.035364151000977
0,2.0,2,1,44,0.006729633081704378,4.059170722961426
0,2.0,2,1,45,0.006881428882479668,4.125497341156006
0,2.0,2,1,46,0.007037213537842035,4.222063064575195
0,2.0,2,1,47,0.008266421966254711,4.3278021812438965
0,2.0,2,1,48,0.007690275087952614,4.4818315505981445
0,2.0,2,1,49,0.010072757489979267,4.600533962249756
0,2.0,2,1,50,0.009545687586069107,4.6906843185424805
0,2.0,2,1,51,0.009877442382276058,4.768714904785156
0,2.0,2,1,52,0.011246716603636742,4.795832633972168
0,2.0,2,1,53,0.010690035298466682,4.781186580657959
0,2.0,2,1,54,0.009190181270241737,4.791337490081787
0,2.0,2,1,55,0.009598368778824806,4.73043966293335
0,2.0,2,1,56,0.003500891849398613,4.53993034362793
0,2.0,2,1,57,0.0017757505411282182,4.465544700622559
0,2.0,2,1,58,0.0012919730506837368,4.441001892089844
0,2.0,2,1,59,0.0012980671599507332,4.454037666320801
0,2.0,2,1,60,0.0017665898194536567,4.500845909118652
0,2.0,2,1,61,0.005580305587500334,4.584582328796387
0,2.0,2,1,62,0.011597014032304287,4.789374351501465
0,2.0,2,1,63,0.013210362754762173,4.859299659729004
0,2.0,2,1,64,0.012651104480028152,4.8094563484191895
0,2.0,2,1,65,0.012758122757077217,4.671854019165039
0,2.0,2,1,66,0.005390678998082876,4.52419900894165
0,2.0,2,1,67,0.008633298799395561,4.5374274253845215
0,2.0,2,1,68,0.01139598898589611,4.632357597351074
0,2.0,2,1,69,0.010428991168737411,4.6231303215026855
0,2.0,2,1,70,0.006884859409183264,4.536909580230713
0,2.0,2,1,71,0.006908143870532513,4.486636161804199
0,2.0,2,1,72,0.0069834585301578045,4.468350887298584
0,2.0,2,1,73,0.00502634746953845,4.466597080230713
0,2.0,2,1,74,0.008123595267534256,4.495359420776367
0,2.0,2,1,75,0.007565120235085487,4.564971923828125
0,2.0,2,1,76,0.008384034968912601,4.6100616455078125
0,2.0,2,1,77,0.011329272761940956,4.641482353210449
0,2.0,2,1,78,0.011346716433763504,4.656482696533203
0,2.0,2,1,79,0.008372408337891102,4.660855293273926
0,2.0,2,1,80,0.007387015502899885,4.651094913482666
0,2.0,2,1,81,0.007140449248254299,4.616685390472412
0,2.0,2,1,82,0.006052183918654919,4.598149299621582
0,2.0,2,1,83,0.007019450888037682,4.584155082702637
0,2.0,2,1,84,0.008688747882843018,4.588255405426025
0,2.0,2,1,85,0.01183929480612278,4.61549711227417
0,2.0,2,1,86,0.008860069327056408,4.597893714904785
0,2.0,2,1,87,0.009630401618778706,4.602917671203613
0,2.0,2,1,88,0.009158045053482056,4.612949848175049
0,2.0,2,1,89,0.01095545943826437,4.637429237365723
0,2.0,2,1,90,0.004104399587959051,4.550876140594482
0,2.0,2,1,91,0.005840755533427,4.521687030792236
0,2.0,2,1,92,0.008626628667116165,4.5666022300720215
0,2.0,2,1,93,0.011848635971546173,4.6630401611328125
0,2.0,2,1,94,0.010939447209239006,4.779629707336426
0,2.0,2,1,95,0.009556403383612633,4.855024337768555
0,2.0,2,1,96,0.01150553859770298,4.878371715545654
0,2.0,2,1,97,0.008604572154581547,4.812714099884033
0,2.0,2,1,98,0.00998997874557972,4.686088562011719
0,2.0,2,1,99,0.006193873938173056,4.543294906616211
0,2.0,2,1,100,0.0038541853427886963,4.460716724395752
0,2.0,2,2,0,0.0571502223610878,2.0050597190856934
0,2.0,2,2,1,0.0571502223610878,2.0050597190856934
0,2.0,2,2,2,0.10297270119190216,1.9322905540466309
0,2.0,2,2,3,0.11794327199459076,2.2695200443267822
0,2.0,2,2,4,0.10118640214204788,2.6168859004974365
0,2.0,2,2,5,0.026573842391371727,3.0259504318237305
0,2.0,2,2,6,0.01662963628768921,3.4052481651306152
0,2.0,2,2,7,0.016376299783587456,3.7124617099761963
0,2.0,2,2,8,0.016657572239637375,3.8845367431640625
0,2.0,2,2,9,0.016803959384560585,4.024673938751221
0,2.0,2,2,10,0.02086029388010502,4.113612174987793
0,2.0,2,2,11,0.020154958590865135,4.154824733734131
0,2.0,2,2,12,0.02041976898908615,4.182636260986328
0,2.0,2,2,13,0.022749360650777817,4.17888879776001
0,2.0,2,2,14,0.02443540096282959,4.125782012939453
0,2.0,2,2,15,0.02909059263765812,4.038178443908691
0,2.0,2,2,16,0.03933342918753624,3.903946876525879
0,2.0,2,2,17,0.0461435467004776,3.7245728969573975
0,2.0,2,2,18,0.045971836894750595,3.5377860069274902
0,2.0,2,2,19,0.04088157042860985,3.484700918197632
0,2.0,2,2,20,0.047711607068777084,3.550933361053467
0,2.0,2,2,21,0.049453649669885635,3.6692776679992676
0,2.0,2,2,22,0.04486606642603874,3.74052095413208
0,2.0,2,2,23,0.0403740331530571,3.7724220752716064
0,2.0,2,2,24,0.04067455977201462,3.739473819732666
0,2.0,2,2,25,0.043433982878923416,3.646688938140869
0,2.0,2,2,26,0.04856494441628456,3.5058748722076416
0,2.0,2,2,27,0.05839715525507927,3.3543879985809326
0,2.0,2,2,28,0.05749647319316864,3.20698881149292
0,2.0,2,2,29,0.06216244399547577,3.0917415618896484
0,2.0,2,2,30,0.06952007859945297,3.0242679119110107
0,2.0,2,2,31,0.06791546940803528,2.997349977493286
0,2.0,2,2,32,0.06832665205001831,2.9224839210510254
0,2.0,2,2,33,0.09542655944824219,2.7762913703918457
0,2.0,2,2,34,0.16581930220127106,2.583007574081421
0,2.0,2,2,35,0.1729157269001007,2.4444053173065186
0,2.0,2,2,36,0.17927104234695435,2.3812947273254395
0,2.0,2,2,37,0.2508965730667114,2.365957260131836
0,2.0,2,2,38,0.17953665554523468,2.5526697635650635
0,2.0,2,2,39,0.11898039281368256,2.6832146644592285
0,2.0,2,2,40,0.12783131003379822,2.614042043685913
0,2.0,2,2,41,0.14315827190876007,2.498105049133301
0,2.0,2,2,42,0.19413244724273682,2.386057138442993
0,2.0,2,2,43,0.309580534696579,2.3195059299468994
0,2.0,2,2,44,0.2045162171125412,2.363142967224121
0,2.0,2,2,45,0.18540573120117188,2.347520351409912
0,2.0,2,2,46,0.25747036933898926,2.281904697418213
0,2.0,2,2,47,0.4026786684989929,2.118586778640747
0,2.0,2,2,48,0.36919310688972473,1.9887908697128296
0,2.0,2,2,49,0.41382479667663574,2.007985830307007
0,2.0,2,2,50,0.3788517415523529,2.1104416847229004
0,2.0,2,2,51,0.37895190715789795,2.0517585277557373
0,2.0,2,2,52,0.46920067071914673,1.868650197982788
0,2.0,2,2,53,0.420556902885437,1.7756394147872925
0,2.0,2,2,54,0.4344095289707184,1.8412189483642578
0,2.0,2,2,55,0.45282331109046936,1.945815086364746
0,2.0,2,2,56,0.4490237534046173,1.8619352579116821
0,2.0,2,2,57,0.4621189832687378,1.6898019313812256
0,2.0,2,2,58,0.44892874360084534,1.668825626373291
0,2.0,2,2,59,0.470172643661499,1.780701994895935
0,2.0,2,2,60,0.44013604521751404,1.8963038921356201
0,2.0,2,2,61,0.46013930439949036,1.815314531326294
0,2.0,2,2,62,0.4611976146697998,1.6490072011947632
0,2.0,2,2,63,0.4465634524822235,1.6081514358520508
0,2.0,2,2,64,0.47289958596229553,1.7006534337997437
0,2.0,2,2,65,0.45165130496025085,1.829917550086975
0,2.0,2,2,66,0.459369957447052,1.808834433555603
0,2.0,2,2,67,0.46773165464401245,1.68097722530365
0,2.0,2,2,68,0.45790746808052063,1.6270242929458618
0,2.0,2,2,69,0.4703850746154785,1.6699979305267334
0,2.0,2,2,70,0.46581241488456726,1.7690141201019287
0,2.0,2,2,71,0.46634310483932495,1.791877031326294
0,2.0,2,2,72,0.470591276884079,1.710749864578247
0,2.0,2,2,73,0.46664881706237793,1.6645987033843994
0,2.0,2,2,74,0.4709469974040985,1.6884117126464844
0,2.0,2,2,75,0.47285550832748413,1.7476445436477661
0,2.0,2,2,76,0.46945032477378845,1.7859694957733154
0,2.0,2,2,77,0.4739333689212799,1.735508680343628
0,2.0,2,2,78,0.47254520654678345,1.698119878768921
0,2.0,2,2,79,0.47180306911468506,1.705479621887207
0,2.0,2,2,80,0.4752661883831024,1.7424860000610352
0,2.0,2,2,81,0.47148701548576355,1.7785025835037231
0,2.0,2,2,82,0.47520214319229126,1.7485401630401611
0,2.0,2,2,83,0.4731462299823761,1.7171440124511719
0,2.0,2,2,84,0.4738615155220032,1.7128077745437622
0,2.0,2,2,85,0.47472119331359863,1.741362452507019
0,2.0,2,2,86,0.4728015661239624,1.7754188776016235
0,2.0,2,2,87,0.47514674067497253,1.7547967433929443
0,2.0,2,2,88,0.4743785262107849,1.7241955995559692
0,2.0,2,2,89,0.4743396043777466,1.7251033782958984
0,2.0,2,2,90,0.4742308557033539,1.756803035736084
0,2.0,2,2,91,0.473479688167572,1.7785025835037231
0,2.0,2,2,92,0.47437432408332825,1.753234624862671
0,2.0,2,2,93,0.47363927960395813,1.737762451171875
0,2.0,2,2,94,0.47214365005493164,1.7530113458633423
0,2.0,2,2,95,0.47417160868644714,1.776520848274231
0,2.0,2,2,96,0.473927766084671,1.7831182479858398
0,2.0,2,2,97,0.47518014907836914,1.7707833051681519
0,2.0,2,2,98,0.4733637869358063,1.7663570642471313
0,2.0,2,2,99,0.4741823375225067,1.7698988914489746
0,2.0,2,2,100,0.47419148683547974,1.7831182479858398
0,5.0,1,0,0,0.004939703270792961,5.002570629119873
0,5.0,1,0,1,0.004939703270792961,5.002570629119873
0,5.0,1,0,2,0.0032326742075383663,4.62753438949585
0,5.0,1,0,3,0.002961118705570698,4.435264587402344
0,5.0,1,0,4,0.0020226924680173397,4.275259494781494
0,5.0,1,0,5,0.001328301732428372,4.132232666015625
0,5.0,1,0,6,0.0008310567936860025,4.175700664520264
0,5.0,1,0,7,0.002342559862881899,4.243255138397217
0,5.0,1,0,8,0.0025262983981519938,4.334585666656494
0,5.0,1,0,9,0.0016862484626471996,4.385347366333008
0,5.0,1,0,10,0.0016303571173921227,4.400951862335205
0,5.0,1,0,11,0.0021008250769227743,4.388205051422119
0,5.0,1,0,12,0.0034815806429833174,4.363587379455566
0,5.0,1,0,13,0.0031184989493340254,4.3412675857543945
0,5.0,1,0,14,0.003597741248086095,4.346498012542725
0,5.0,1,0,15,0.0035190964117646217,4.357388973236084
0,5.0,1,0,16,0.00260309805162251,4.3632283210754395
0,5.0,1,0,17,0.002602956024929881,4.359276294708252
0,5.0,1,0,18,0.0026931327302008867,4.346137046813965
0,5.0,1,0,19,0.0027282596565783024,4.341538429260254
0,5.0,1,0,20,0.0025456182193011045,4.346137046813965
0,5.0,1,0,21,0.002548090647906065,4.340003967285156
0,5.0,1,0,22,0.0027450371999293566,4.323184013366699
0,5.0,1,0,23,0.00230121030472219,4.299561500549316
0,5.0,1,0,24,0.002488241298124194,4.2963714599609375
0,5.0,1,0,25,0.002538978587836027,4.315293788909912
0,5.0,1,0,26,0.0,4.324451923370361
0,5.0,1,0,27,0.0,4.3350372314453125
0,5.0,1,0,28,0.0,4.346767902374268
0,5.0,1,0,29,0.0,4.358916759490967
0,5.0,1,0,30,0.0,4.371390342712402
0,5.0,1,0,31,3.28327041643206e-05,4.383739471435547
0,5.0,1,0,32,0.0,4.394092559814453
0,5.0,1,0,33,0.0,4.4048662185668945
0,5.0,1,0,34,0.0,4.4157915115356445
0,5.0,1,0,35,0.0,4.426689147949219
0,5.0,1,0,36,0.0,4.437384128570557
0,5.0,1,0,37,0.0,4.447612762451172
0,5.0,1,0,38,0.001475917175412178,4.4574666023254395
0,5.0,1,0,39,0.0,4.450254440307617
0,5.0,1,0,40,0.0,4.444088459014893
0,5.0,1,0,41,0.0,4.438796043395996
0,5.0,1,0,42,0.0,4.434204578399658
0,5.0,1,0,43,0.0,4.430227756500244
0,5.0,1,0,44,0.0,4.42686653137207
0,5.0,1,0,45,0.0,4.423856735229492
0,5.0,1,0,46,0.0,4.421376705169678
0,5.0,1,0,47,0.0,4.419161319732666
0,5.0,1,0,48,0.0,4.417210102081299
0,5.0,1,0,49,0.0,4.415524959564209
0,5.0,1,0,50,0.0,4.414105415344238
0,5.0,1,0,51,0.0,4.412774085998535
0,5.0,1,0,52,0.0,4.411619663238525
0,5.0,1,0,53,0.0,4.410643100738525
0,5.0,1,0,54,0.0,4.409754753112793
0,5.0,1,0,55,0.0,4.408955097198486
0,5.0,1,0,56,0.0,4.4083333015441895
0,5.0,1,0,57,0.0,4.407711029052734
0,5.0,1,0,58,0.0,4.407177925109863
0,5.0,1,0,59,0.0,4.406644344329834
0,5.0,1,0,60,0.0,4.4062886238098145
0,5.0,1,0,61,0.0,4.405933380126953
0,5.0,1,0,62,0.0,4.405577659606934
0,5.0,1,0,63,0.0,4.405221939086914
0,5.0,1,0,64,0.0,4.405044078826904
0,5.0,1,0,65,0.0,4.4047770500183105
0,5.0,1,0,66,0.0,4.404599666595459
0,5.0,1,0,67,0.0,4.404421806335449
0,5.0,1,0,68,0.0,4.404243469238281
0,5.0,1,0,69,0.0,4.403976917266846
0,5.0,1,0,70,0.0,4.40388822555542
0,5.0,1,0,71,0.0,4.403799057006836
0,5.0,1,0,72,0.0,4.403709888458252
0,5.0,1,0,73,0.0,4.403532028198242
0,5.0,1,0,74,0.0,4.403443336486816
0,5.0,1,0,75,0.0,4.403354644775391
0,5.0,1,0,76,0.0,4.403354644775391
0,5.0,1,0,77,0.0,4.403264999389648
0,5.0,1,0,78,0.0,4.403264999389648
0,5.0,1,0,79,0.0,4.403087615966797
0,5.0,1,0,80,0.0,4.403087615966797
0,5.0,1,0,81,0.0,4.403087615966797
0,5.0,1,0,82,0.0,4.402909755706787
0,5.0,1,0,83,0.0,4.402909755706787
0,5.0,1,0,84,0.0,4.402909755706787
0,5.0,1,0,85,0.0,4.402909755706787
0,5.0,1,0,86,0.0,4.402909755706787
0,5.0,1,0,87,0.0,4.402909755706787
0,5.0,1,0,88,0.0,4.402820587158203
0,5.0,1,0,89,0.0,4.402731418609619
0,5.0,1,0,90,0.0,4.402820587158203
0,5.0,1,0,91,0.0,4.402731418609619
0,5.0,1,0,92,0.0,4.402731418609619
0,5.0,1,0,93,0.0,4.402820587158203
0,5.0,1,0,94,0.0,4.402731418609619
0,5.0,1,0,95,0.0,4.402731418609619
0,5.0,1,0,96,0.0,4.402731418609619
0,5.0,1,0,97,0.0,4.402731418609619
0,5.0,1,0,98,0.0,4.402731418609619
0,5.0,1,0,99,0.0,4.402731418609619
0,5.0,1,0,100,0.0,4.402731418609619
0,5.0,1,1,0,0.007357397116720676,5.002570629119873
0,5.0,1,1,1,0.007357397116720676,5.002570629119873
0,5.0,1,1,2,0.004184207879006863,4.62753438949585
0,5.0,1,1,3,0.004185342229902744,4.48768424987793
0,5.0,1,1,4,0.0027190502732992172,4.345776557922363
0,5.0,1,1,5,0.004560127854347229,4.226235866546631
0,5.0,1,1,6,0.0031552494037896395,4.129482746124268
0,5.0,1,1,7,0.0033330342266708612,4.10255241394043
0,5.0,1,1,8,0.0015869904309511185,4.1399030685424805
0,5.0,1,1,9,0.010632423684000969,4.315657138824463
0,5.0,1,1,10,0.008890708908438683,4.438354969024658
0,5.0,1,1,11,0.009423983283340931,4.489342212677002
0,5.0,1,1,12,0.010345297865569592,4.522033214569092
0,5.0,1,1,13,0.009058731608092785,4.481657028198242
0,5.0,1,1,14,0.01168004423379898,4.548465251922607
0,5.0,1,1,15,0.00920267216861248,4.635908126831055
0,5.0,1,1,16,0.01053712796419859,4.631680965423584
0,5.0,1,1,17,0.009315576404333115,4.557929515838623
0,5.0,1,1,18,0.010768942534923553,4.584753036499023
0,5.0,1,1,19,0.009842298924922943,4.672021389007568
0,5.0,1,1,20,0.009856704622507095,4.673614501953125
0,5.0,1,1,21,0.011487582698464394,4.602832794189453
0,5.0,1,1,22,0.010845967568457127,4.58441162109375
0,5.0,1,1,23,0.012044332921504974,4.624740123748779
0,5.0,1,1,24,0.011160197667777538,4.646712779998779
0,5.0,1,1,25,0.012073005549609661,4.605215072631836
0,5.0,1,1,26,0.011389298364520073,4.552855491638184
0,5.0,1,1,27,0.011862801387906075,4.548293113708496
0,5.0,1,1,28,0.011945663020014763,4.5723466873168945
0,5.0,1,1,29,0.012135731056332588,4.542001247406006
0,5.0,1,1,30,0.012232299894094467,4.5009331703186035
0,5.0,1,1,31,0.012220332399010658,4.498321056365967
0,5.0,1,1,32,0.012270823121070862,4.481919288635254
0,5.0,1,1,33,0.012301916256546974,4.459136009216309
0,5.0,1,1,34,0.012370473705232143,4.431111812591553
0,5.0,1,1,35,0.01145191676914692,4.405577659606934
0,5.0,1,1,36,0.011168134398758411,4.396677017211914
0,5.0,1,1,37,0.011593990959227085,4.35280179977417
0,5.0,1,1,38,0.010685084387660027,4.276907920837402
0,5.0,1,1,39,0.011011351831257343,4.257447719573975
0,5.0,1,1,40,0.014450049959123135,4.274800777435303
0,5.0,1,1,41,0.014616074971854687,4.2862396240234375
0,5.0,1,1,42,0.014144874177873135,4.286422252655029
0,5.0,1,1,43,0.01420779712498188,4.251739501953125
0,5.0,1,1,44,0.015191707760095596,4.1570868492126465
0,5.0,1,1,45,0.013763015158474445,4.082646369934082
0,5.0,1,1,46,0.018688520416617393,4.103698253631592
0,5.0,1,1,47,0.01874859258532524,4.16188907623291
0,5.0,1,1,48,0.019059546291828156,4.118655681610107
0,5.0,1,1,49,0.01917918585240841,3.9844768047332764
0,5.0,1,1,50,0.01747060753405094,3.8975207805633545
0,5.0,1,1,51,0.01671786978840828,3.915266513824463
0,5.0,1,1,52,0.01565084606409073,3.982116937637329
0,5.0,1,1,53,0.017887352034449577,3.9036457538604736
0,5.0,1,1,54,0.016467642039060593,3.791268825531006
0,5.0,1,1,55,0.01819252036511898,3.7465882301330566
0,5.0,1,1,56,0.020052362233400345,3.7701375484466553
0,5.0,1,1,57,0.021092072129249573,3.79746150970459
0,5.0,1,1,58,0.0240117646753788,3.696922540664673
0,5.0,1,1,59,0.021749788895249367,3.578068733215332
0,5.0,1,1,60,0.02085663564503193,3.583864450454712
0,5.0,1,1,61,0.01831243932247162,3.5611746311187744
0,5.0,1,1,62,0.01811055652797222,3.472092390060425
0,5.0,1,1,63,0.017095262184739113,3.3660409450531006
0,5.0,1,1,64,0.017211971804499626,3.3478446006774902
0,5.0,1,1,65,0.01726212166249752,3.379971504211426
0,5.0,1,1,66,0.011806079186499119,3.4078919887542725
0,5.0,1,1,67,0.007868260145187378,3.309022903442383
0,5.0,1,1,68,0.00526637164875865,3.2905116081237793
0,5.0,1,1,69,0.0014697023434564471,3.310324192047119
0,5.0,1,1,70,0.0014274336863309145,3.3535706996917725
0,5.0,1,1,71,0.001389745739288628,3.3789286613464355
0,5.0,1,1,72,0.0,3.388995885848999
0,5.0,1,1,73,0.0015901359729468822,3.402602434158325
0,5.0,1,1,74,0.0014747355598956347,3.418217420578003
0,5.0,1,1,75,0.0011595770483836532,3.4351296424865723
0,5.0,1,1,76,0.0,3.4517323970794678
0,5.0,1,1,77,1.3723567917622859e-06,3.4673523902893066
0,5.0,1,1,78,4.759036528412253e-06,3.48256516456604
0,5.0,1,1,79,1.0301220754627138e-05,3.497711658477783
0,5.0,1,1,80,0.002061190316453576,3.5127930641174316
0,5.0,1,1,81,0.002077126409858465,3.5294747352600098
0,5.0,1,1,82,0.002122489269822836,3.547954559326172
0,5.0,1,1,83,0.0022136149927973747,3.5690829753875732
0,5.0,1,1,84,0.002380871446803212,3.5936851501464844
0,5.0,1,1,85,0.0026160096749663353,3.6233115196228027
0,5.0,1,1,86,0.002696249634027481,3.6539840698242188
0,5.0,1,1,87,0.002605973742902279,3.6869516372680664
0,5.0,1,1,88,0.002699200762435794,3.70686674118042
0,5.0,1,1,89,0.0028687960002571344,3.7200491428375244
0,5.0,1,1,90,0.002972379559651017,3.728040933609009
0,5.0,1,1,91,0.0030931581277400255,3.7382166385650635
0,5.0,1,1,92,0.0032155418302863836,3.7592146396636963
0,5.0,1,1,93,0.004422737285494804,3.7901322841644287
0,5.0,1,1,94,0.004417528863996267,3.8190574645996094
0,5.0,1,1,95,0.004434206988662481,3.8600611686706543
0,5.0,1,1,96,0.004357895813882351,3.901538372039795
0,5.0,1,1,97,0.004318134859204292,3.937211513519287
0,5.0,1,1,98,0.004342817235738039,3.9691131114959717
0,5.0,1,1,99,0.004312647506594658,4.001543998718262
0,5.0,1,1,100,0.0042648958042263985,4.030022621154785
0,5.0,1,2,0,0.009117771871387959,5.002570629119873
0,5.0,1,2,1,0.009117771871387959,5.002570629119873
0,5.0,1,2,2,0.005632562097162008,4.62753438949585
0,5.0,1,2,3,0.006859165616333485,4.528526306152344
0,5.0,1,2,4,0.005691585596650839,4.372375965118408
0,5.0,1,2,5,0.005516112316399813,4.264617919921875
0,5.0,1,2,6,0.006268558092415333,4.206355571746826
0,5.0,1,2,7,0.005562328267842531,4.225401878356934
0,5.0,1,2,8,0.002465116558596492,4.245654582977295
0,5.0,1,2,9,0.0015594279393553734,4.29381799697876
0,5.0,1,2,10,0.004465716890990734,4.31719970703125
0,5.0,1,2,11,0.005512953270226717,4.321733474731445
0,5.0,1,2,12,0.005684155970811844,4.330245494842529
0,5.0,1,2,13,0.0056846230290830135,4.329069137573242
0,5.0,1,2,14,0.006407721899449825,4.321371078491211
0,5.0,1,2,15,0.007611779496073723,4.308116912841797
0,5.0,1,2,16,0.006088717840611935,4.289345741271973
0,5.0,1,2,17,0.00501236179843545,4.276816368103027
0,5.0,1,2,18,0.007374901324510574,4.262596607208252
0,5.0,1,2,19,0.007010276895016432,4.244547367095947
0,5.0,1,2,20,0.00687501672655344,4.224474906921387
0,5.0,1,2,21,0.00684585515409708,4.200857639312744
0,5.0,1,2,22,0.006693873088806868,4.1735429763793945
0,5.0,1,2,23,0.0069851018488407135,4.143969535827637
0,5.0,1,2,24,0.007486478425562382,4.112946033477783
0,5.0,1,2,25,0.007514376658946276,4.08418083190918
0,5.0,1,2,26,0.008772207424044609,4.054343223571777
0,5.0,1,2,27,0.009288270026445389,4.017368316650391
0,5.0,1,2,28,0.010379230603575706,3.967534065246582
0,5.0,1,2,29,0.010573189705610275,3.9009358882904053
0,5.0,1,2,30,0.01039370708167553,3.824693202972412
0,5.0,1,2,31,0.011096525937318802,3.752854585647583
0,5.0,1,2,32,0.010938655585050583,3.6683173179626465
0,5.0,1,2,33,0.012023362331092358,3.563812494277954
0,5.0,1,2,34,0.011615919880568981,3.449462890625
0,5.0,1,2,35,0.012935122475028038,3.348663091659546
0,5.0,1,2,36,0.012456911616027355,3.249319553375244
0,5.0,1,2,37,0.013403049670159817,3.127124547958374
0,5.0,1,2,38,0.016434239223599434,2.983734369277954
0,5.0,1,2,39,0.01785452850162983,2.8474385738372803
0,5.0,1,2,40,0.01960003562271595,2.7182936668395996
0,5.0,1,2,41,0.021350625902414322,2.583613634109497
0,5.0,1,2,42,0.02668130211532116,2.4158935546875
0,5.0,1,2,43,0.04028310999274254,2.2853329181671143
0,5.0,1,2,44,0.0755247250199318,2.228970527648926
0,5.0,1,2,45,0.12092684954404831,2.4927713871002197
0,5.0,1,2,46,0.19836977124214172,2.3125762939453125
0,5.0,1,2,47,0.20009610056877136,2.2434990406036377
0,5.0,1,2,48,0.1806386262178421,2.4918289184570312
0,5.0,1,2,49,0.0820276066660881,2.731797933578491
0,5.0,1,2,50,0.06121625378727913,2.8163328170776367
0,5.0,1,2,51,0.05656519904732704,2.8371078968048096
0,5.0,1,2,52,0.061559874564409256,2.8181393146514893
0,5.0,1,2,53,0.07177240401506424,2.78417706489563
0,5.0,1,2,54,0.12490800023078918,2.710216522216797
0,5.0,1,2,55,0.14281639456748962,2.5065529346466064
0,5.0,1,2,56,0.13526953756809235,2.4913575649261475
0,5.0,1,2,57,0.1527598351240158,2.621220588684082
0,5.0,1,2,58,0.051039181649684906,2.895296573638916
0,5.0,1,2,59,0.019193552434444427,3.139744758605957
0,5.0,1,2,60,0.014437827281653881,3.3660409450531006
0,5.0,1,2,61,0.012508299201726913,3.570399522781372
0,5.0,1,2,62,0.009724153205752373,3.7541065216064453
0,5.0,1,2,63,0.009507888928055763,3.921363353729248
0,5.0,1,2,64,0.009141406044363976,4.076213359832764
0,5.0,1,2,65,0.009133908897638321,4.222434043884277
0,5.0,1,2,66,0.009357152506709099,4.359276294708252
0,5.0,1,2,67,0.009109572507441044,4.487509727478027
0,5.0,1,2,68,0.008976737037301064,4.6040239334106445
0,5.0,1,2,69,0.010095289908349514,4.708856582641602
0,5.0,1,2,70,0.010165663436055183,4.798772811889648
0,5.0,1,2,71,0.009998878464102745,4.8824663162231445
0,5.0,1,2,72,0.00969846360385418,4.958908557891846
0,5.0,1,2,73,0.009493539109826088,5.0282745361328125
0,5.0,1,2,74,0.009408623911440372,5.090775012969971
0,5.0,1,2,75,0.009359058924019337,5.1469645500183105
0,5.0,1,2,76,0.009616224095225334,5.1962175369262695
0,5.0,1,2,77,0.00972201582044363,5.24037504196167
0,5.0,1,2,78,0.00959593616425991,5.2802324295043945
0,5.0,1,2,79,0.009508123621344566,5.3183183670043945
0,5.0,1,2,80,0.009553954936563969,5.354597568511963
0,5.0,1,2,81,0.009578033350408077,5.388888359069824
0,5.0,1,2,82,0.009507744573056698,5.418335437774658
0,5.0,1,2,83,0.009604139253497124,5.443305492401123
0,5.0,1,2,84,0.009565437212586403,5.468448162078857
0,5.0,1,2,85,0.009598384611308575,5.494974613189697
0,5.0,1,2,86,0.009585280902683735,5.523005962371826
0,5.0,1,2,87,0.009633022360503674,5.549130916595459
0,5.0,1,2,88,0.009667311795055866,5.575345039367676
0,5.0,1,2,89,0.009673635475337505,5.603255748748779
0,5.0,1,2,90,0.009763955138623714,5.634090423583984
0,5.0,1,2,91,0.009838499128818512,5.6662797927856445
0,5.0,1,2,92,0.009935032576322556,5.700626373291016
0,5.0,1,2,93,0.010032127611339092,5.737092018127441
0,5.0,1,2,94,0.01019554678350687,5.776246070861816
0,5.0,1,2,95,0.010417355224490166,5.819248676300049
0,5.0,1,2,96,0.010718466714024544,5.86741828918457
0,5.0,1,2,97,0.011071262881159782,5.919503688812256
0,5.0,1,2,98,0.011490391567349434,5.975729942321777
0,5.0,1,2,99,0.011672863736748695,6.036372661590576
0,5.0,1,2,100,0.011924578808248043,6.097506999969482
0,5.0,2,0,0,0.004402418155223131,5.002570629119873
0,5.0,2,0,1,0.004402418155223131,5.002570629119873
0,5.0,2,0,2,0.006477260962128639,4.62753438949585
0,5.0,2,0,3,0.008653208613395691,4.375779151916504
0,5.0,2,0,4,0.00746594974771142,4.219743728637695
0,5.0,2,0,5,0.0072556775994598866,4.081974983215332
0,5.0,2,0,6,0.007474678568542004,3.850003719329834
0,5.0,2,0,7,0.008496380411088467,3.5976054668426514
0,5.0,2,0,8,0.009549727663397789,3.3392956256866455
0,5.0,2,0,9,0.010836099274456501,3.067075490951538
0,5.0,2,0,10,0.01112730335444212,2.8707170486450195
0,5.0,2,0,11,0.013057397678494453,2.6691715717315674
0,5.0,2,0,12,0.0067819212563335896,2.6805872917175293
0,5.0,2,0,13,0.005606706719845533,2.608945369720459
0,5.0,2,0,14,0.01042461022734642,2.453197479248047
0,5.0,2,0,15,0.012030467391014099,2.2483789920806885
0,5.0,2,0,16,0.015627147629857063,2.0241005420684814
0,5.0,2,0,17,0.02213326282799244,1.8290616273880005
0,5.0,2,0,18,0.024197623133659363,1.6066904067993164
0,5.0,2,0,19,0.038541898131370544,1.3035627603530884
0,5.0,2,0,20,0.04439167305827141,1.0160632133483887
0,5.0,2,0,21,0.07756742089986801,0.7661724090576172
0,5.0,2,0,22,0.1262212097644806,0.6818493604660034
0,5.0,2,0,23,0.08772360533475876,0.8899943828582764
0,5.0,2,0,24,0.06955276429653168,1.032871961593628
0,5.0,2,0,25,0.04478708654642105,1.209822177886963
0,5.0,2,0,26,0.040056485682725906,1.3685929775238037
0,5.0,2,0,27,0.03481491655111313,1.5300787687301636
0,5.0,2,0,28,0.02521008625626564,1.6935038566589355
0,5.0,2,0,29,0.02317042462527752,1.8528739213943481
0,5.0,2,0,30,0.022685570642352104,2.0040833950042725
0,5.0,2,0,31,0.01887601613998413,2.117847442626953
0,5.0,2,0,32,0.01665308140218258,2.2067320346832275
0,5.0,2,0,33,0.013470825739204884,2.29012393951416
0,5.0,2,0,34,0.010924152098596096,2.3154520988464355
0,5.0,2,0,35,0.012193827889859676,2.296268939971924
0,5.0,2,0,36,0.012208672240376472,2.2291457653045654
0,5.0,2,0,37,0.015359601005911827,2.1147031784057617
0,5.0,2,0,38,0.01952281780540943,1.9652305841445923
0,5.0,2,0,39,0.02248825691640377,1.7563573122024536
0,5.0,2,0,40,0.028323812410235405,1.4982855319976807
0,5.0,2,0,41,0.04814724624156952,1.1895965337753296
0,5.0,2,0,42,0.07243425399065018,0.9198355078697205
0,5.0,2,0,43,0.11324230581521988,0.709967315196991
0,5.0,2,0,44,0.2732471525669098,0.4205792546272278
0,5.0,2,0,45,0.25685763359069824,0.3679734468460083
0,5.0,2,0,46,0.19475795328617096,0.4387945830821991
0,5.0,2,0,47,0.31233474612236023,0.2797648012638092
0,5.0,2,0,48,0.3384271562099457,0.2839302718639374
0,5.0,2,0,49,0.23675674200057983,0.451107919216156
0,5.0,2,0,50,0.27294981479644775,0.4252062439918518
0,5.0,2,0,51,0.43027693033218384,0.20558421313762665
0,5.0,2,0,52,0.3060901463031769,0.28803551197052
0,5.0,2,0,53,0.29268354177474976,0.30646705627441406
0,5.0,2,0,54,0.46981653571128845,0.1532333940267563
0,5.0,2,0,55,0.2995171546936035,0.37115025520324707
0,5.0,2,0,56,0.24409770965576172,0.46646198630332947
0,5.0,2,0,57,0.3012022078037262,0.36584022641181946
0,5.0,2,0,58,0.4491545259952545,0.16551098227500916
0,5.0,2,0,59,0.2947138249874115,0.32745644450187683
0,5.0,2,0,60,0.2245485484600067,0.4279584586620331
0,5.0,2,0,61,0.2673872709274292,0.376385360956192
0,5.0,2,0,62,0.3870483636856079,0.22728192806243896
0,5.0,2,0,63,0.3691452741622925,0.25793036818504333
0,5.0,2,0,64,0.3672604560852051,0.25944316387176514
0,5.0,2,0,65,0.43811121582984924,0.17693869769573212
0,5.0,2,0,66,0.32295191287994385,0.30131596326828003
0,5.0,2,0,67,0.2696068584918976,0.39067065715789795
0,5.0,2,0,68,0.33069542050361633,0.3250574469566345
0,5.0,2,0,69,0.389767587184906,0.22899729013442993
0,5.0,2,0,70,0.3927685022354126,0.23069989681243896
0,5.0,2,0,71,0.418285608291626,0.20367176830768585
0,5.0,2,0,72,0.3376131057739258,0.29208308458328247
0,5.0,2,0,73,0.28366345167160034,0.3753441572189331
0,5.0,2,0,74,0.32164421677589417,0.34149664640426636
0,5.0,2,0,75,0.38194572925567627,0.2533377707004547
0,5.0,2,0,76,0.40599846839904785,0.21670480072498322
0,5.0,2,0,77,0.37331292033195496,0.24066270887851715
0,5.0,2,0,78,0.3176637589931488,0.3214254081249237
0,5.0,2,0,79,0.28527143597602844,0.3815486431121826
0,5.0,2,0,80,0.3086283802986145,0.364768922328949
0,5.0,2,0,81,0.3322221338748932,0.30646705627441406
0,5.0,2,0,82,0.3682612478733063,0.24708154797554016
0,5.0,2,0,83,0.39837953448295593,0.22028693556785583
0,5.0,2,0,84,0.32526639103889465,0.29475054144859314
0,5.0,2,0,85,0.2783886790275574,0.3825729489326477
0,5.0,2,0,86,0.26278936862945557,0.42704302072525024
0,5.0,2,0,87,0.2955433130264282,0.37949177622795105
0,5.0,2,0,88,0.3432169258594513,0.30131596326828003
0,5.0,2,0,89,0.36518120765686035,0.2533377707004547
0,5.0,2,0,90,0.40135955810546875,0.2220563441514969
0,5.0,2,0,91,0.346163809299469,0.2755363881587982
0,5.0,2,0,92,0.2780201733112335,0.3753441572189331
0,5.0,2,0,93,0.25977417826652527,0.4252062439918518
0,5.0,2,0,94,0.29546111822128296,0.37949177622795105
0,5.0,2,0,95,0.3424067497253418,0.3000143766403198
0,5.0,2,0,96,0.35540369153022766,0.26244261860847473
0,5.0,2,0,97,0.3864935636520386,0.23573395609855652
0,5.0,2,0,98,0.3691709339618683,0.24549256265163422
0,5.0,2,0,99,0.2816983759403229,0.35827401280403137
0,5.0,2,0,100,0.23261015117168427,0.4528396427631378
0,5.0,2,1,0,0.007156895473599434,5.002570629119873
0,5.0,2,1,1,0.007156895473599434,5.002570629119873
0,5.0,2,1,2,0.01272126566618681,4.62753438949585
0,5.0,2,1,3,0.014672688208520412,4.22493839263916
0,5.0,2,1,4,0.016261806711554527,3.9004340171813965
0,5.0,2,1,5,0.0180624071508646,3.485374927520752
0,5.0,2,1,6,0.020393313840031624,3.072942018508911
0,5.0,2,1,7,0.025210991501808167,2.6383399963378906
0,5.0,2,1,8,0.03906136378645897,2.155766725540161
0,5.0,2,1,9,0.053612202405929565,1.726237416267395
0,5.0,2,1,10,0.07942283153533936,1.3585472106933594
0,5.0,2,1,11,0.11431331187486649,1.1092405319213867
0,5.0,2,1,12,0.21593201160430908,0.8762567639350891
0,5.0,2,1,13,0.34454774856567383,1.0187557935714722
0,5.0,2,1,14,0.2958005368709564,1.21595299243927
0,5.0,2,1,15,0.26413077116012573,1.1680161952972412
0,5.0,2,1,16,0.28306323289871216,1.0377860069274902
0,5.0,2,1,17,0.35467129945755005,0.8882337808609009
0,5.0,2,1,18,0.4494183659553528,0.833686888217926
0,5.0,2,1,19,0.345145583152771,0.994653046131134
0,5.0,2,1,20,0.2966482639312744,1.0946791172027588
0,5.0,2,1,21,0.35703906416893005,1.0910980701446533
0,5.0,2,1,22,0.45289793610572815,0.9930779933929443
0,5.0,2,1,23,0.39649689197540283,0.8659235239028931
0,5.0,2,1,24,0.3856588900089264,0.8060004115104675
0,5.0,2,1,25,0.4372459053993225,0.8156536817550659
0,5.0,2,1,26,0.4674054682254791,0.9346081614494324
0,5.0,2,1,27,0.3846834599971771,1.0561028718948364
0,5.0,2,1,28,0.38850051164627075,1.083539605140686
0,5.0,2,1,29,0.45863911509513855,1.0083303451538086
0,5.0,2,1,30,0.44237858057022095,0.8767032623291016
0,5.0,2,1,31,0.42186373472213745,0.8089084625244141
0,5.0,2,1,32,0.45352083444595337,0.8194831013679504
0,5.0,2,1,33,0.47017011046409607,0.9198355078697205
0,5.0,2,1,34,0.42625510692596436,1.040798544883728
0,5.0,2,1,35,0.409630686044693,1.0820938348770142
0,5.0,2,1,36,0.45567941665649414,1.022207498550415
0,5.0,2,1,37,0.45395374298095703,0.9022228121757507
0,5.0,2,1,38,0.447407603263855,0.8393011093139648
0,5.0,2,1,39,0.4567009210586548,0.8681803345680237
0,5.0,2,1,40,0.4652436077594757,0.9618480801582336
0,5.0,2,1,41,0.4347221553325653,1.0678954124450684
0,5.0,2,1,42,0.420013427734375,1.0885844230651855
0,5.0,2,1,43,0.4496419131755829,1.0191398859024048
0,5.0,2,1,44,0.4644966125488281,0.9404522180557251
0,5.0,2,1,45,0.45653828978538513,0.9172791838645935
0,5.0,2,1,46,0.45343294739723206,0.9544961452484131
0,5.0,2,1,47,0.46740710735321045,1.0279343128204346
0,5.0,2,1,48,0.426443874835968,1.0993170738220215
0,5.0,2,1,49,0.42522817850112915,1.0882248878479004
0,5.0,2,1,50,0.46089476346969604,1.0241199731826782
0,5.0,2,1,51,0.4589715898036957,0.9839722514152527
0,5.0,2,1,52,0.45582476258277893,0.9911056160926819
0,5.0,2,1,53,0.45946457982063293,1.0358988046646118
0,5.0,2,1,54,0.4335227608680725,1.0982484817504883
0,5.0,2,1,55,0.40268105268478394,1.134014368057251
0,5.0,2,1,56,0.43531274795532227,1.094321608543396
0,5.0,2,1,57,0.44978272914886475,1.0549906492233276
0,5.0,2,1,58,0.4510595202445984,1.0423015356063843
0,5.0,2,1,59,0.44859978556632996,1.062384009361267
0,5.0,2,1,60,0.434200644493103,1.1032261848449707
0,5.0,2,1,61,0.4133966565132141,1.135738492012024
0,5.0,2,1,62,0.4189945459365845,1.1270908117294312
0,5.0,2,1,63,0.43072983622550964,1.1057065725326538
0,5.0,2,1,64,0.4355968236923218,1.090739369392395
0,5.0,2,1,65,0.43428754806518555,1.095751166343689
0,5.0,2,1,66,0.4260444641113281,1.1208231449127197
0,5.0,2,1,67,0.4132014513015747,1.1391792297363281
0,5.0,2,1,68,0.41509854793548584,1.1322873830795288
0,5.0,2,1,69,0.4192432463169098,1.121172308921814
0,5.0,2,1,70,0.42215773463249207,1.113817811012268
0,5.0,2,1,71,0.4272635877132416,1.1127631664276123
0,5.0,2,1,72,0.4189339876174927,1.1267435550689697
0,5.0,2,1,73,0.4130469858646393,1.1364275217056274
0,5.0,2,1,74,0.41264909505844116,1.1398662328720093
0,5.0,2,1,75,0.4132554233074188,1.1384919881820679
0,5.0,2,1,76,0.416485071182251,1.1322873830795288
0,5.0,2,1,77,0.41764143109321594,1.1274380683898926
0,5.0,2,1,78,0.4189903736114502,1.1281319856643677
0,5.0,2,1,79,0.41886693239212036,1.1315958499908447
0,5.0,2,1,80,0.4147752523422241,1.1322873830795288
0,5.0,2,1,81,0.4161122143268585,1.1350492238998413
0,5.0,2,1,82,0.41387346386909485,1.1395227909088135
0,5.0,2,1,83,0.4172849655151367,1.134359359741211
0,5.0,2,1,84,0.4188840687274933,1.129865288734436
0,5.0,2,1,85,0.4167923927307129,1.1246576309204102
0,5.0,2,1,86,0.4191892445087433,1.121521234512329
0,5.0,2,1,87,0.41800981760025024,1.1253533363342285
0,5.0,2,1,88,0.41701140999794006,1.134359359741211
0,5.0,2,1,89,0.41468825936317444,1.1353938579559326
0,5.0,2,1,90,0.41905224323272705,1.1270908117294312
0,5.0,2,1,91,0.4254468083381653,1.116625189781189
0,5.0,2,1,92,0.42724257707595825,1.1127631664276123
0,5.0,2,1,93,0.4196816682815552,1.1260485649108887
0,5.0,2,1,94,0.4146402180194855,1.1378042697906494
0,5.0,2,1,95,0.41414642333984375,1.1405526399612427
0,5.0,2,1,96,0.4158440828323364,1.133669137954712
0,5.0,2,1,97,0.42133915424346924,1.123961329460144
0,5.0,2,1,98,0.42639607191085815,1.1152223348617554
0,5.0,2,1,99,0.42733699083328247,1.1152223348617554
0,5.0,2,1,100,0.4190872609615326,1.1257010698318481
0,5.0,2,2,0,0.014336380176246166,5.002570629119873
0,5.0,2,2,1,0.014336380176246166,5.002570629119873
0,5.0,2,2,2,0.015590017661452293,4.62753438949585
0,5.0,2,2,3,0.016172384843230247,4.304478645324707
0,5.0,2,2,4,0.01568206213414669,3.9342262744903564
0,5.0,2,2,5,0.020057078450918198,3.638195753097534
0,5.0,2,2,6,0.024480164051055908,3.2936041355133057
0,5.0,2,2,7,0.030682453885674477,2.954195499420166
0,5.0,2,2,8,0.04124874249100685,2.572681188583374
0,5.0,2,2,9,0.04814579710364342,2.2008705139160156
0,5.0,2,2,10,0.06695786118507385,1.7727714776992798
0,5.0,2,2,11,0.10346662253141403,1.379700779914856
0,5.0,2,2,12,0.15224596858024597,1.2162747383117676
0,5.0,2,2,13,0.29066890478134155,1.2169182300567627
0,5.0,2,2,14,0.4243243336677551,1.4956711530685425
0,5.0,2,2,15,0.3104788362979889,1.6105834245681763
0,5.0,2,2,16,0.3347492814064026,1.5167189836502075
0,5.0,2,2,17,0.42904382944107056,1.2993526458740234
0,5.0,2,2,18,0.4249730706214905,1.1706937551498413
0,5.0,2,2,19,0.37835341691970825,1.203334927558899
0,5.0,2,2,20,0.3988703191280365,1.2725704908370972
0,5.0,2,2,21,0.46103349328041077,1.3373515605926514
0,5.0,2,2,22,0.4399184584617615,1.3714497089385986
0,5.0,2,2,23,0.39835384488105774,1.3802679777145386
0,5.0,2,2,24,0.4291728138923645,1.3487167358398438
0,5.0,2,2,25,0.4779943525791168,1.299954891204834
0,5.0,2,2,26,0.43838343024253845,1.2872480154037476
0,5.0,2,2,27,0.43125393986701965,1.2303515672683716
0,5.0,2,2,28,0.4540542662143707,1.1964854001998901
0,5.0,2,2,29,0.45816969871520996,1.24017333984375
0,5.0,2,2,30,0.45445582270622253,1.352483868598938
0,5.0,2,2,31,0.4370289444923401,1.4472624063491821
0,5.0,2,2,32,0.4604988098144531,1.4094491004943848
0,5.0,2,2,33,0.47018295526504517,1.2750283479690552
0,5.0,2,2,34,0.44443997740745544,1.194521188735962
0,5.0,2,2,35,0.44996222853660583,1.2091749906539917
0,5.0,2,2,36,0.47459709644317627,1.3038629293441772
0,5.0,2,2,37,0.4569133520126343,1.4238154888153076
0,5.0,2,2,38,0.4554615318775177,1.426287293434143
0,5.0,2,2,39,0.4666600525379181,1.333248257637024
0,5.0,2,2,40,0.4642408490180969,1.270723819732666
0,5.0,2,2,41,0.4636649489402771,1.2753353118896484
0,5.0,2,2,42,0.46521133184432983,1.3267744779586792
0,5.0,2,2,43,0.46913716197013855,1.3887485265731812
0,5.0,2,2,44,0.4729665219783783,1.3943736553192139
0,5.0,2,2,45,0.46189355850219727,1.373445987701416
0,5.0,2,2,46,0.4716079831123352,1.3591232299804688
0,5.0,2,2,47,0.47636353969573975,1.368878960609436
0,5.0,2,2,48,0.46595147252082825,1.3825346231460571
0,5.0,2,2,49,0.472980260848999,1.3640098571777344
0,5.0,2,2,50,0.4752292037010193,1.363148808479309
0,5.0,2,2,51,0.470297247171402,1.3864922523498535
0,5.0,2,2,52,0.474157452583313,1.426287293434143
0,5.0,2,2,53,0.4750605821609497,1.437766194343567
0,5.0,2,2,54,0.47520121932029724,1.4063913822174072
0,5.0,2,2,55,0.4736746549606323,1.3768612146377563
0,5.0,2,2,56,0.4731009006500244,1.3748700618743896
0,5.0,2,2,57,0.47551167011260986,1.4122233390808105
0,5.0,2,2,58,0.47547444701194763,1.4617925882339478
0,5.0,2,2,59,0.4751189053058624,1.466870903968811
0,5.0,2,2,60,0.4776468276977539,1.427110195159912
0,5.0,2,2,61,0.47572964429855347,1.4136083126068115
0,5.0,2,2,62,0.4760500490665436,1.426287293434143
0,5.0,2,2,63,0.47807788848876953,1.4564279317855835
0,5.0,2,2,64,0.47644180059432983,1.480415940284729
0,5.0,2,2,65,0.47615790367126465,1.473526120185852
0,5.0,2,2,66,0.4769356846809387,1.4687374830245972
0,5.0,2,2,67,0.4771614670753479,1.4687374830245972
0,5.0,2,2,68,0.47625553607940674,1.4703353643417358
0,5.0,2,2,69,0.4772585332393646,1.4719315767288208
0,5.0,2,2,70,0.47691020369529724,1.4825294017791748
0,5.0,2,2,71,0.47687506675720215,1.4972403049468994
0,5.0,2,2,72,0.47698578238487244,1.5035009384155273
0,5.0,2,2,73,0.47734126448631287,1.4946240186691284
0,5.0,2,2,74,0.4769245386123657,1.4827934503555298
0,5.0,2,2,75,0.47727370262145996,1.4941002130508423
0,5.0,2,2,76,0.47736653685569763,1.513619303703308
0,5.0,2,2,77,0.4771673381328583,1.5234135389328003
0,5.0,2,2,78,0.47727498412132263,1.5216139554977417
0,5.0,2,2,79,0.4773985743522644,1.5216139554977417
0,5.0,2,2,80,0.4771670401096344,1.5228995084762573
0,5.0,2,2,81,0.47741371393203735,1.5287991762161255
0,5.0,2,2,82,0.4772648811340332,1.5354409217834473
0,5.0,2,2,83,0.477343887090683,1.5478808879852295
0,5.0,2,2,84,0.4773201644420624,1.553181767463684
0,5.0,2,2,85,0.4774351716041565,1.5481337308883667
0,5.0,2,2,86,0.47732189297676086,1.5478808879852295
0,5.0,2,2,87,0.47805801033973694,1.5564541816711426
0,5.0,2,2,88,0.477959007024765,1.5694756507873535
0,5.0,2,2,89,0.4780749976634979,1.5717185735702515
0,5.0,2,2,90,0.47791266441345215,1.573709487915039
0,5.0,2,2,91,0.4764295816421509,1.5821428298950195
0,5.0,2,2,92,0.47629114985466003,1.5895469188690186
0,5.0,2,2,93,0.4764077067375183,1.5865893363952637
0,5.0,2,2,94,0.476389080286026,1.5893006324768066
0,5.0,2,2,95,0.47606605291366577,1.5993657112121582
0,5.0,2,2,96,0.47604966163635254,1.609367847442627
0,5.0,2,2,97,0.4760216176509857,1.6139819622039795
0,5.0,2,2,98,0.4760209918022156,1.6200331449508667
0,5.0,2,2,99,0.4759945869445801,1.614466905593872
0,5.0,2,2,100,0.4759317934513092,1.6200331449508667
1,1.0,1,0,0,0.031638141721487045,0.9970110654830933
1,1.0,1,0,1,0.031638141721487045,0.9970110654830933
1,1.0,1,0,2,0.208036869764328,0.4252062439918518
1,1.0,1,0,3,0.1609666347503662,0.40541815757751465
1,1.0,1,0,4,0.12753215432167053,0.43968555331230164
1,1.0,1,0,5,0.18214941024780273,0.36584022641181946
1,1.0,1,0,6,0.3590277135372162,0.29870712757110596
1,1.0,1,0,7,0.1414392739534378,0.5248866081237793
1,1.0,1,0,8,0.08787617087364197,0.6404135823249817
1,1.0,1,0,9,0.07445162534713745,0.6892703771591187
1,1.0,1,0,10,0.0767015740275383,0.6829963326454163
1,1.0,1,0,11,0.0910857692360878,0.6318004727363586
1,1.0,1,0,12,0.1396760791540146,0.5344913005828857
1,1.0,1,0,13,0.3015647828578949,0.36903539299964905
1,1.0,1,0,14,0.2601586580276489,0.2783624827861786
1,1.0,1,0,15,0.18512192368507385,0.3286493718624115
1,1.0,1,0,16,0.2102242410182953,0.30646705627441406
1,1.0,1,0,17,0.306314080953598,0.28254860639572144
1,1.0,1,0,18,0.298308402299881,0.35936465859413147
1,1.0,1,0,19,0.23675671219825745,0.406382292509079
1,1.0,1,0,20,0.22432488203048706,0.39762091636657715
1,1.0,1,0,21,0.27243033051490784,0.3380412459373474
1,1.0,1,0,22,0.35944557189941406,0.26834097504615784
1,1.0,1,0,23,0.33456262946128845,0.27411240339279175
1,1.0,1,0,24,0.27540892362594604,0.3152790069580078
1,1.0,1,0,25,0.3213499188423157,0.30261197686195374
1,1.0,1,0,26,0.3858078718185425,0.28254860639572144
1,1.0,1,0,27,0.3364958167076111,0.3000143766403198
1,1.0,1,0,28,0.3493458032608032,0.29208308458328247
1,1.0,1,0,29,0.39024168252944946,0.2639295756816864
1,1.0,1,0,30,0.3464767634868622,0.2769530415534973
1,1.0,1,0,31,0.3380300998687744,0.2853052616119385
1,1.0,1,0,32,0.39228421449661255,0.26540815830230713
1,1.0,1,0,33,0.3790673613548279,0.266878604888916
1,1.0,1,0,34,0.3633856475353241,0.26834097504615784
1,1.0,1,0,35,0.39385125041007996,0.24708154797554016
1,1.0,1,0,36,0.39463135600090027,0.24708154797554016
1,1.0,1,0,37,0.3728107511997223,0.26094719767570496
1,1.0,1,0,38,0.40688151121139526,0.2486603558063507
1,1.0,1,0,39,0.3932342529296875,0.23573395609855652
1,1.0,1,0,40,0.38985076546669006,0.22728192806243896
1,1.0,1,0,41,0.42179107666015625,0.22028693556785583
1,1.0,1,0,42,0.40829169750213623,0.22899729013442993
1,1.0,1,0,43,0.39988088607788086,0.24066270887851715
1,1.0,1,0,44,0.4153345823287964,0.2220563441514969
1,1.0,1,0,45,0.4170451760292053,0.20558421313762665
1,1.0,1,0,46,0.4316039979457855,0.18974561989307404
1,1.0,1,0,47,0.4298481047153473,0.20558421313762665
1,1.0,1,0,48,0.42133206129074097,0.21489134430885315
1,1.0,1,0,49,0.4321736693382263,0.19179698824882507
1,1.0,1,0,50,0.4378783106803894,0.1724584996700287
1,1.0,1,0,51,0.44403275847435,0.1678587794303894
1,1.0,1,0,52,0.441140353679657,0.19382664561271667
1,1.0,1,0,53,0.4398484230041504,0.18557488918304443
1,1.0,1,0,54,0.4513107240200043,0.16551098227500916
1,1.0,1,0,55,0.45086005330085754,0.16071254014968872
1,1.0,1,0,56,0.4537036418914795,0.15825876593589783
1,1.0,1,0,57,0.4542882740497589,0.16551098227500916
1,1.0,1,0,58,0.4624450206756592,0.14803750813007355
1,1.0,1,0,59,0.4600549042224884,0.13705609738826752
1,1.0,1,0,60,0.4617807865142822,0.1312212198972702
1,1.0,1,0,61,0.46435269713401794,0.1251145303249359
1,1.0,1,0,62,0.4724287688732147,0.13417038321495056
1,1.0,1,0,63,0.467290461063385,0.10467831790447235
1,1.0,1,0,64,0.4653286337852478,0.10835235565900803
1,1.0,1,0,65,0.482888787984848,0.10835235565900803
1,1.0,1,0,66,0.4798513352870941,0.10467831790447235
1,1.0,1,0,67,0.48501139879226685,0.10467831790447235
1,1.0,1,0,68,0.49099722504615784,0.08846931904554367
1,1.0,1,0,69,0.49008476734161377,0.07912936806678772
1,1.0,1,0,70,0.4932779371738434,0.09278740733861923
1,1.0,1,0,71,0.49874234199523926,0.06852804124355316
1,1.0,1,0,72,0.5019581913948059,0.08846931904554367
1,1.0,1,0,73,0.4991510212421417,0.06255725026130676
1,1.0,1,0,74,0.5038010478019714,0.06852804124355316
1,1.0,1,0,75,0.5077715516090393,0.06852804124355316
1,1.0,1,0,76,0.5040886402130127,0.048456642776727676
1,1.0,1,0,77,0.515030026435852,0.05595290660858154
1,1.0,1,0,78,0.5147700905799866,0.03956468030810356
1,1.0,1,0,79,0.5090983510017395,0.0
1,1.0,1,0,80,0.5260507464408875,0.03956468030810356
1,1.0,1,0,81,0.5242071151733398,0.0
1,1.0,1,0,82,0.5203986167907715,0.0
1,1.0,1,0,83,0.5287139415740967,0.0
1,1.0,1,0,84,0.522118866443634,0.0
1,1.0,1,0,85,0.5250295400619507,0.0
1,1.0,1,0,86,0.519612729549408,0.0
1,1.0,1,0,87,0.5177739262580872,0.0
1,1.0,1,0,88,0.5143945217132568,0.03956468030810356
1,1.0,1,0,89,0.5046287775039673,0.0
1,1.0,1,0,90,0.505515456199646,0.0
1,1.0,1,0,91,0.5063096284866333,0.05595290660858154
1,1.0,1,0,92,0.48871472477912903,0.06852804124355316
1,1.0,1,0,93,0.49616748094558716,0.06852804124355316
1,1.0,1,0,94,0.4964062571525574,0.03956468030810356
1,1.0,1,0,95,0.4884353280067444,0.08392936736345291
1,1.0,1,0,96,0.4786625802516937,0.08846931904554367
1,1.0,1,0,97,0.4882991909980774,0.06852804124355316
1,1.0,1,0,98,0.48193424940109253,0.07401873916387558
1,1.0,1,0,99,0.46143949031829834,0.10087054967880249
1,1.0,1,0,100,0.47250986099243164,0.11190582811832428
1,1.0,1,1,0,0.07287247478961945,0.9970110654830933
1,1.0,1,1,1,0.07287247478961945,0.9970110654830933
1,1.0,1,1,2,0.07970599830150604,0.907413125038147
1,1.0,1,1,3,0.07449417561292648,0.8313364386558533
1,1.0,1,1,4,0.10814429819583893,0.6766640543937683
1,1.0,1,1,5,0.16701781749725342,0.4334103763103485
1,1.0,1,1,6,0.3662232756614685,0.3403487205505371
1,1.0,1,1,7,0.2272871881723404,0.5308178067207336
1,1.0,1,1,8,0.18962635099887848,0.55813068151474
1,1.0,1,1,9,0.2001762092113495,0.49416419863700867
1,1.0,1,1,10,0.2250688523054123,0.4015384614467621
1,1.0,1,1,11,0.2738824784755707,0.3140352964401245
1,1.0,1,1,12,0.3412448465824127,0.25178828835487366
1,1.0,1,1,13,0.4587881565093994,0.26244261860847473
1,1.0,1,1,14,0.336393266916275,0.3936643600463867
1,1.0,1,1,15,0.3133234977722168,0.4242849051952362
1,1.0,1,1,16,0.4351504445075989,0.3286493718624115
1,1.0,1,1,17,0.44774967432022095,0.21306245028972626
1,1.0,1,1,18,0.3624754548072815,0.22728192806243896
1,1.0,1,1,19,0.4353395700454712,0.20174117386341095
1,1.0,1,1,20,0.521501898765564,0.25793036818504333
1,1.0,1,1,21,0.4175820052623749,0.33102232217788696
1,1.0,1,1,22,0.46633896231651306,0.28254860639572144
1,1.0,1,1,23,0.5069595575332642,0.19782349467277527
1,1.0,1,1,24,0.4451768398284912,0.19382664561271667
1,1.0,1,1,25,0.48718786239624023,0.18130820989608765
1,1.0,1,1,26,0.5173142552375793,0.23069989681243896
1,1.0,1,1,27,0.4732905626296997,0.27124202251434326
1,1.0,1,1,28,0.5142199993133545,0.22728192806243896
1,1.0,1,1,29,0.5045395493507385,0.17471295595169067
1,1.0,1,1,30,0.4954283833503723,0.17017418146133423
1,1.0,1,1,31,0.5148524641990662,0.19782349467277527
1,1.0,1,1,32,0.5095362663269043,0.2255535125732422
1,1.0,1,1,33,0.5155318379402161,0.20935672521591187
1,1.0,1,1,34,0.5156330466270447,0.18130820989608765
1,1.0,1,1,35,0.5174292325973511,0.15825876593589783
1,1.0,1,1,36,0.520940899848938,0.1678587794303894
1,1.0,1,1,37,0.518214762210846,0.18974561989307404
1,1.0,1,1,38,0.5282943844795227,0.18345394730567932
1,1.0,1,1,39,0.5207024216651917,0.1532333940267563
1,1.0,1,1,40,0.523407518863678,0.1312212198972702
1,1.0,1,1,41,0.5288321375846863,0.15825876593589783
1,1.0,1,1,42,0.5213314294815063,0.17693869769573212
1,1.0,1,1,43,0.5310186147689819,0.1532333940267563
1,1.0,1,1,44,0.5231114029884338,0.13417038321495056
1,1.0,1,1,45,0.5256361961364746,0.13417038321495056
1,1.0,1,1,46,0.5295372009277344,0.14265252649784088
1,1.0,1,1,47,0.5232506990432739,0.15065784752368927
1,1.0,1,1,48,0.5325698256492615,0.13705609738826752
1,1.0,1,1,49,0.5225534439086914,0.11190582811832428
1,1.0,1,1,50,0.5281766057014465,0.10835235565900803
1,1.0,1,1,51,0.5287434458732605,0.11869405955076218
1,1.0,1,1,52,0.5248599648475647,0.11869405955076218
1,1.0,1,1,53,0.5325539112091064,0.09691328555345535
1,1.0,1,1,54,0.5241376161575317,0.09691328555345535
1,1.0,1,1,55,0.5307444334030151,0.10467831790447235
1,1.0,1,1,56,0.5277430415153503,0.10467831790447235
1,1.0,1,1,57,0.5274071097373962,0.09691328555345535
1,1.0,1,1,58,0.5320374965667725,0.08392936736345291
1,1.0,1,1,59,0.5271833539009094,0.08392936736345291
1,1.0,1,1,60,0.5325511693954468,0.06852804124355316
1,1.0,1,1,61,0.5283712148666382,0.08392936736345291
1,1.0,1,1,62,0.5300982594490051,0.06255725026130676
1,1.0,1,1,63,0.5309927463531494,0.05595290660858154
1,1.0,1,1,64,0.5304473638534546,0.07912936806678772
1,1.0,1,1,65,0.5314520597457886,0.0
1,1.0,1,1,66,0.5302752256393433,0.06255725026130676
1,1.0,1,1,67,0.5326562523841858,0.05595290660858154
1,1.0,1,1,68,0.5306057929992676,0.03956468030810356
1,1.0,1,1,69,0.5328269004821777,0.0
1,1.0,1,1,70,0.531353235244751,0.02797645330429077
1,1.0,1,1,71,0.5335332751274109,0.0
1,1.0,1,1,72,0.5327525734901428,0.0
1,1.0,1,1,73,0.5334612131118774,0.03956468030810356
1,1.0,1,1,74,0.5334814786911011,0.06255725026130676
1,1.0,1,1,75,0.533128023147583,0.0
1,1.0,1,1,76,0.5332462191581726,0.0
1,1.0,1,1,77,0.5328561663627625,0.0
1,1.0,1,1,78,0.5332134366035461,0.0
1,1.0,1,1,79,0.5324087738990784,0.03956468030810356
1,1.0,1,1,80,0.5337013006210327,0.0
1,1.0,1,1,81,0.5326492786407471,0.0
1,1.0,1,1,82,0.533855676651001,0.0
1,1.0,1,1,83,0.5323917865753174,0.0
1,1.0,1,1,84,0.5335019826889038,0.02797645330429077
1,1.0,1,1,85,0.5333299040794373,0.0
1,1.0,1,1,86,0.5330268740653992,0.02797645330429077
1,1.0,1,1,87,0.5336312651634216,0.03956468030810356
1,1.0,1,1,88,0.5336683392524719,0.0
1,1.0,1,1,89,0.5327245593070984,0.0
1,1.0,1,1,90,0.533284068107605,0.05595290660858154
1,1.0,1,1,91,0.5331311821937561,0.05595290660858154
1,1.0,1,1,92,0.5329747796058655,0.06852804124355316
1,1.0,1,1,93,0.5337393283843994,0.03956468030810356
1,1.0,1,1,94,0.5339732766151428,0.07912936806678772
1,1.0,1,1,95,0.5331956744194031,0.06255725026130676
1,1.0,1,1,96,0.5332277417182922,0.05595290660858154
1,1.0,1,1,97,0.5338630676269531,0.09691328555345535
1,1.0,1,1,98,0.531684935092926,0.09278740733861923
1,1.0,1,1,99,0.533562958240509,0.09691328555345535
1,1.0,1,1,100,0.5330032706260681,0.09691328555345535
1,1.0,1,2,0,0.08398045599460602,0.9970110654830933
1,1.0,1,2,1,0.08398045599460602,0.9970110654830933
1,1.0,1,2,2,0.09031128883361816,0.907413125038147
1,1.0,1,2,3,0.09182879328727722,0.7370133996009827
1,1.0,1,2,4,0.10804468393325806,0.6954878568649292
1,1.0,1,2,5,0.15656867623329163,0.46980583667755127
1,1.0,1,2,6,0.21613489091396332,0.4689721167087555
1,1.0,1,2,7,0.21301868557929993,0.5733490586280823
1,1.0,1,2,8,0.20272529125213623,0.5868415832519531
1,1.0,1,2,9,0.2797466218471527,0.443231463432312
1,1.0,1,2,10,0.3158577084541321,0.29475054144859314
1,1.0,1,2,11,0.2949661910533905,0.2797648012638092
1,1.0,1,2,12,0.37655743956565857,0.2486603558063507
1,1.0,1,2,13,0.40178486704826355,0.3426406979560852
1,1.0,1,2,14,0.351270467042923,0.40348297357559204
1,1.0,1,2,15,0.417752206325531,0.34149664640426636
1,1.0,1,2,16,0.4502052366733551,0.23069989681243896
1,1.0,1,2,17,0.37573036551475525,0.23069989681243896
1,1.0,1,2,18,0.4235827922821045,0.20935672521591187
1,1.0,1,2,19,0.5059061646461487,0.26094719767570496
1,1.0,1,2,20,0.41681545972824097,0.333378404378891
1,1.0,1,2,21,0.4324713349342346,0.3214254081249237
1,1.0,1,2,22,0.5142446756362915,0.22381176054477692
1,1.0,1,2,23,0.451894611120224,0.19382664561271667
1,1.0,1,2,24,0.4541872441768646,0.19382664561271667
1,1.0,1,2,25,0.519148051738739,0.22028693556785583
1,1.0,1,2,26,0.46510374546051025,0.2839302718639374
1,1.0,1,2,27,0.47804874181747437,0.26834097504615784
1,1.0,1,2,28,0.51469886302948,0.18974561989307404
1,1.0,1,2,29,0.4723096489906311,0.1678587794303894
1,1.0,1,2,30,0.48723500967025757,0.18345394730567932
1,1.0,1,2,31,0.5225697755813599,0.20747904479503632
1,1.0,1,2,32,0.4912041425704956,0.25487783551216125
1,1.0,1,2,33,0.5108324289321899,0.22381176054477692
1,1.0,1,2,34,0.5161641240119934,0.16312941908836365
1,1.0,1,2,35,0.5009463429450989,0.16551098227500916
1,1.0,1,2,36,0.5154082775115967,0.1724584996700287
1,1.0,1,2,37,0.519446849822998,0.20174117386341095
1,1.0,1,2,38,0.507475733757019,0.2112177014350891
1,1.0,1,2,39,0.5218040943145752,0.18130820989608765
1,1.0,1,2,40,0.5205512046813965,0.14803750813007355
1,1.0,1,2,41,0.5165242552757263,0.15825876593589783
1,1.0,1,2,42,0.5241549015045166,0.17017418146133423
1,1.0,1,2,43,0.5234716534614563,0.17693869769573212
1,1.0,1,2,44,0.5208346843719482,0.1678587794303894
1,1.0,1,2,45,0.5275933146476746,0.13988231122493744
1,1.0,1,2,46,0.5238180160522461,0.14536994695663452
1,1.0,1,2,47,0.5236617922782898,0.14803750813007355
1,1.0,1,2,48,0.5311289429664612,0.14803750813007355
1,1.0,1,2,49,0.525466799736023,0.14265252649784088
1,1.0,1,2,50,0.5296788215637207,0.13705609738826752
1,1.0,1,2,51,0.5288331508636475,0.1312212198972702
1,1.0,1,2,52,0.5280106067657471,0.1312212198972702
1,1.0,1,2,53,0.531376302242279,0.1312212198972702
1,1.0,1,2,54,0.5286128520965576,0.1219465509057045
1,1.0,1,2,55,0.5323345065116882,0.1219465509057045
1,1.0,1,2,56,0.526749849319458,0.1219465509057045
1,1.0,1,2,57,0.5308986306190491,0.11190582811832428
1,1.0,1,2,58,0.5282570719718933,0.09691328555345535
1,1.0,1,2,59,0.5273942947387695,0.11190582811832428
1,1.0,1,2,60,0.5312603712081909,0.09691328555345535
1,1.0,1,2,61,0.5288013815879822,0.07912936806678772
1,1.0,1,2,62,0.5305194854736328,0.09691328555345535
1,1.0,1,2,63,0.5310285091400146,0.06852804124355316
1,1.0,1,2,64,0.5307876467704773,0.07912936806678772
1,1.0,1,2,65,0.5315073132514954,0.08846931904554367
1,1.0,1,2,66,0.5311768054962158,0.03956468030810356
1,1.0,1,2,67,0.5315828919410706,0.048456642776727676
1,1.0,1,2,68,0.5315178036689758,0.06255725026130676
1,1.0,1,2,69,0.5327852368354797,0.03956468030810356
1,1.0,1,2,70,0.5316094160079956,0.03956468030810356
1,1.0,1,2,71,0.5326433777809143,0.0
1,1.0,1,2,72,0.5311993360519409,0.06852804124355316
1,1.0,1,2,73,0.5325698256492615,0.03956468030810356
1,1.0,1,2,74,0.5322757363319397,0.06852804124355316
1,1.0,1,2,75,0.5326026678085327,0.02797645330429077
1,1.0,1,2,76,0.5328990817070007,0.0
1,1.0,1,2,77,0.5331478714942932,0.0
1,1.0,1,2,78,0.5338107943534851,0.02797645330429077
1,1.0,1,2,79,0.533228874206543,0.02797645330429077
1,1.0,1,2,80,0.533263087272644,0.02797645330429077
1,1.0,1,2,81,0.5337435007095337,0.03956468030810356
1,1.0,1,2,82,0.5325503349304199,0.02797645330429077
1,1.0,1,2,83,0.5331944823265076,0.0
1,1.0,1,2,84,0.5335288643836975,0.03956468030810356
1,1.0,1,2,85,0.5323300361633301,0.0
1,1.0,1,2,86,0.5333627462387085,0.0
1,1.0,1,2,87,0.5332366824150085,0.0
1,1.0,1,2,88,0.5326002240180969,0.03956468030810356
1,1.0,1,2,89,0.5338356494903564,0.0
1,1.0,1,2,90,0.5335355997085571,0.02797645330429077
1,1.0,1,2,91,0.532927393913269,0.03956468030810356
1,1.0,1,2,92,0.5335006713867188,0.0
1,1.0,1,2,93,0.5335749983787537,0.02797645330429077
1,1.0,1,2,94,0.5327358245849609,0.03956468030810356
1,1.0,1,2,95,0.5334852933883667,0.03956468030810356
1,1.0,1,2,96,0.5336326360702515,0.0
1,1.0,1,2,97,0.5332489013671875,0.05595290660858154
1,1.0,1,2,98,0.5337702035903931,0.048456642776727676
1,1.0,1,2,99,0.5339535474777222,0.08846931904554367
1,1.0,1,2,100,0.5334687232971191,0.05595290660858154
1,1.0,2,0,0,0.057577818632125854,0.9970110654830933
1,1.0,2,0,1,0.057577818632125854,0.9970110654830933
1,1.0,2,0,2,0.2500567138195038,0.4252062439918518
1,1.0,2,0,3,0.20774799585342407,0.451107919216156
1,1.0,2,0,4,0.2059590220451355,0.451107919216156
1,1.0,2,0,5,0.305331826210022,0.3214254081249237
1,1.0,2,0,6,0.2963016927242279,0.35827401280403137
1,1.0,2,0,7,0.20984876155853271,0.4877876043319702
1,1.0,2,0,8,0.21760176122188568,0.4780632257461548
1,1.0,2,0,9,0.2868524193763733,0.3815486431121826
1,1.0,2,0,10,0.3496290445327759,0.28803551197052
1,1.0,2,0,11,0.31917819380760193,0.29870712757110596
1,1.0,2,0,12,0.3128092288970947,0.31027427315711975
1,1.0,2,0,13,0.3340606391429901,0.30131596326828003
1,1.0,2,0,14,0.30303117632865906,0.3483045697212219
1,1.0,2,0,15,0.2809240221977234,0.37115025520324707
1,1.0,2,0,16,0.3085138201713562,0.3426406979560852
1,1.0,2,0,17,0.33912333846092224,0.2960752844810486
1,1.0,2,0,18,0.33321207761764526,0.29475054144859314
1,1.0,2,0,19,0.33633315563201904,0.2893909811973572
1,1.0,2,0,20,0.35567507147789,0.27124202251434326
1,1.0,2,0,21,0.3378671109676361,0.29341983795166016
1,1.0,2,0,22,0.31162065267562866,0.34149664640426636
1,1.0,2,0,23,0.3116838037967682,0.34149664640426636
1,1.0,2,0,24,0.34434616565704346,0.29870712757110596
1,1.0,2,0,25,0.3606410026550293,0.2564086616039276
1,1.0,2,0,26,0.3619057834148407,0.2533377707004547
1,1.0,2,0,27,0.3522126078605652,0.26540815830230713
1,1.0,2,0,28,0.34225088357925415,0.28254860639572144
1,1.0,2,0,29,0.33867964148521423,0.3000143766403198
1,1.0,2,0,30,0.35008952021598816,0.2893909811973572
1,1.0,2,0,31,0.3547924757003784,0.2564086616039276
1,1.0,2,0,32,0.3583620488643646,0.25487783551216125
1,1.0,2,0,33,0.3516678512096405,0.26094719767570496
1,1.0,2,0,34,0.3506578505039215,0.25944316387176514
1,1.0,2,0,35,0.3598661720752716,0.2564086616039276
1,1.0,2,0,36,0.3562740683555603,0.266878604888916
1,1.0,2,0,37,0.3608637750148773,0.26244261860847473
1,1.0,2,0,38,0.3633938133716583,0.25022920966148376
1,1.0,2,0,39,0.3595646321773529,0.24389323592185974
1,1.0,2,0,40,0.3605586588382721,0.24228335916996002
1,1.0,2,0,41,0.3734646141529083,0.22028693556785583
1,1.0,2,0,42,0.3700650930404663,0.22899729013442993
1,1.0,2,0,43,0.3655897080898285,0.2373882532119751
1,1.0,2,0,44,0.3643735647201538,0.23406796157360077
1,1.0,2,0,45,0.3723640739917755,0.23069989681243896
1,1.0,2,0,46,0.38185015320777893,0.21306245028972626
1,1.0,2,0,47,0.390430212020874,0.2112177014350891
1,1.0,2,0,48,0.3859356939792633,0.21306245028972626
1,1.0,2,0,49,0.37550783157348633,0.20367176830768585
1,1.0,2,0,50,0.37185001373291016,0.21306245028972626
1,1.0,2,0,51,0.38487741351127625,0.19782349467277527
1,1.0,2,0,52,0.39561551809310913,0.18557488918304443
1,1.0,2,0,53,0.3971819579601288,0.18130820989608765
1,1.0,2,0,54,0.3938749432563782,0.18130820989608765
1,1.0,2,0,55,0.3869764804840088,0.19583526253700256
1,1.0,2,0,56,0.39231523871421814,0.18130820989608765
1,1.0,2,0,57,0.39852261543273926,0.17017418146133423
1,1.0,2,0,58,0.4033593237400055,0.16312941908836365
1,1.0,2,0,59,0.3997209966182709,0.16551098227500916
1,1.0,2,0,60,0.4044167697429657,0.16312941908836365
1,1.0,2,0,61,0.4083336293697357,0.1557663530111313
1,1.0,2,0,62,0.40851128101348877,0.14803750813007355
1,1.0,2,0,63,0.4119216501712799,0.14265252649784088
1,1.0,2,0,64,0.41785523295402527,0.14803750813007355
1,1.0,2,0,65,0.41800838708877563,0.13705609738826752
1,1.0,2,0,66,0.4141418933868408,0.11869405955076218
1,1.0,2,0,67,0.41418376564979553,0.13705609738826752
1,1.0,2,0,68,0.4239661395549774,0.11869405955076218
1,1.0,2,0,69,0.4297206699848175,0.10835235565900803
1,1.0,2,0,70,0.43225061893463135,0.1153498962521553
1,1.0,2,0,71,0.43256571888923645,0.11190582811832428
1,1.0,2,0,72,0.43611419200897217,0.10087054967880249
1,1.0,2,0,73,0.4403125047683716,0.07401873916387558
1,1.0,2,0,74,0.441360741853714,0.10087054967880249
1,1.0,2,0,75,0.4431096315383911,0.06852804124355316
1,1.0,2,0,76,0.4446910321712494,0.07401873916387558
1,1.0,2,0,77,0.44824886322021484,0.06255725026130676
1,1.0,2,0,78,0.44976991415023804,0.06852804124355316
1,1.0,2,0,79,0.4542480409145355,0.05595290660858154
1,1.0,2,0,80,0.45152121782302856,0.02797645330429077
1,1.0,2,0,81,0.45149844884872437,0.03956468030810356
1,1.0,2,0,82,0.45594194531440735,0.0
1,1.0,2,0,83,0.4659436047077179,0.0
1,1.0,2,0,84,0.4548822045326233,0.05595290660858154
1,1.0,2,0,85,0.45533204078674316,0.03956468030810356
1,1.0,2,0,86,0.4701002836227417,0.0
1,1.0,2,0,87,0.46624940633773804,0.0
1,1.0,2,0,88,0.46693259477615356,0.0
1,1.0,2,0,89,0.47666633129119873,0.0
1,1.0,2,0,90,0.47814053297042847,0.0
1,1.0,2,0,91,0.47120293974876404,0.0
1,1.0,2,0,92,0.4672132432460785,0.0
1,1.0,2,0,93,0.47230076789855957,0.0
1,1.0,2,0,94,0.47078394889831543,0.0
1,1.0,2,0,95,0.4636494815349579,0.0
1,1.0,2,0,96,0.4512999653816223,0.02797645330429077
1,1.0,2,0,97,0.45941290259361267,0.0
1,1.0,2,0,98,0.4567791521549225,0.0
1,1.0,2,0,99,0.4492020010948181,0.03956468030810356
1,1.0,2,0,100,0.4291115403175354,0.09691328555345535
1,1.0,2,1,0,0.13059350848197937,0.9970110654830933
1,1.0,2,1,1,0.13059350848197937,0.9970110654830933
1,1.0,2,1,2,0.4003944993019104,0.4252062439918518
1,1.0,2,1,3,0.3253702223300934,0.44936954975128174
1,1.0,2,1,4,0.2764337956905365,0.5344913005828857
1,1.0,2,1,5,0.31929734349250793,0.47063809633255005
1,1.0,2,1,6,0.43091127276420593,0.35387781262397766
1,1.0,2,1,7,0.4271220266819,0.3936643600463867
1,1.0,2,1,8,0.3702583611011505,0.429783433675766
1,1.0,2,1,9,0.4095720946788788,0.364768922328949
1,1.0,2,1,10,0.4674699008464813,0.2866736352443695
1,1.0,2,1,11,0.4422585666179657,0.30261197686195374
1,1.0,2,1,12,0.41959133744239807,0.3505445122718811
1,1.0,2,1,13,0.4413517117500305,0.3494263291358948
1,1.0,2,1,14,0.47133368253707886,0.33571791648864746
1,1.0,2,1,15,0.46302661299705505,0.3214254081249237
1,1.0,2,1,16,0.4463401436805725,0.30261197686195374
1,1.0,2,1,17,0.44903799891471863,0.2755363881587982
1,1.0,2,1,18,0.462257981300354,0.2564086616039276
1,1.0,2,1,19,0.47417017817497253,0.27124202251434326
1,1.0,2,1,20,0.46471041440963745,0.3140352964401245
1,1.0,2,1,21,0.4561682939529419,0.3345502018928528
1,1.0,2,1,22,0.4738069176673889,0.2973940968513489
1,1.0,2,1,23,0.477225661277771,0.2533377707004547
1,1.0,2,1,24,0.4660405218601227,0.24389323592185974
1,1.0,2,1,25,0.46527037024497986,0.24066270887851715
1,1.0,2,1,26,0.4746876060962677,0.25178828835487366
1,1.0,2,1,27,0.4783936142921448,0.26540815830230713
1,1.0,2,1,28,0.47228071093559265,0.27411240339279175
1,1.0,2,1,29,0.47158992290496826,0.2533377707004547
1,1.0,2,1,30,0.4740349352359772,0.23239001631736755
1,1.0,2,1,31,0.47920259833335876,0.22028693556785583
1,1.0,2,1,32,0.4765639007091522,0.23069989681243896
1,1.0,2,1,33,0.4728531837463379,0.24066270887851715
1,1.0,2,1,34,0.4773097634315491,0.2255535125732422
1,1.0,2,1,35,0.4795694351196289,0.20935672521591187
1,1.0,2,1,36,0.4761026203632355,0.20558421313762665
1,1.0,2,1,37,0.47709348797798157,0.21670480072498322
1,1.0,2,1,38,0.47684934735298157,0.22381176054477692
1,1.0,2,1,39,0.47894322872161865,0.2112177014350891
1,1.0,2,1,40,0.4789314866065979,0.17693869769573212
1,1.0,2,1,41,0.4767645299434662,0.1678587794303894
1,1.0,2,1,42,0.4779701828956604,0.16551098227500916
1,1.0,2,1,43,0.47952017188072205,0.18130820989608765
1,1.0,2,1,44,0.4773891568183899,0.18974561989307404
1,1.0,2,1,45,0.47794365882873535,0.18130820989608765
1,1.0,2,1,46,0.4793637990951538,0.16551098227500916
1,1.0,2,1,47,0.47853416204452515,0.14803750813007355
1,1.0,2,1,48,0.47923702001571655,0.14536994695663452
1,1.0,2,1,49,0.4792320132255554,0.14536994695663452
1,1.0,2,1,50,0.4793621897697449,0.13705609738826752
1,1.0,2,1,51,0.47946760058403015,0.13705609738826752
1,1.0,2,1,52,0.47857779264450073,0.1251145303249359
1,1.0,2,1,53,0.47977709770202637,0.11190582811832428
1,1.0,2,1,54,0.47950494289398193,0.11190582811832428
1,1.0,2,1,55,0.4792896807193756,0.11869405955076218
1,1.0,2,1,56,0.4797505736351013,0.10835235565900803
1,1.0,2,1,57,0.4794710874557495,0.10467831790447235
1,1.0,2,1,58,0.4797852039337158,0.08392936736345291
1,1.0,2,1,59,0.4795968234539032,0.08846931904554367
1,1.0,2,1,60,0.4797968864440918,0.07912936806678772
1,1.0,2,1,61,0.4799058437347412,0.08846931904554367
1,1.0,2,1,62,0.47954344749450684,0.05595290660858154
1,1.0,2,1,63,0.47990682721138,0.048456642776727676
1,1.0,2,1,64,0.47970566153526306,0.06852804124355316
1,1.0,2,1,65,0.47982171177864075,0.0
1,1.0,2,1,66,0.479890912771225,0.02797645330429077
1,1.0,2,1,67,0.4798610806465149,0.0
1,1.0,2,1,68,0.47994160652160645,0.0
1,1.0,2,1,69,0.47973132133483887,0.05595290660858154
1,1.0,2,1,70,0.47997531294822693,0.048456642776727676
1,1.0,2,1,71,0.4806371033191681,0.0
1,1.0,2,1,72,0.48078763484954834,0.0
1,1.0,2,1,73,0.4807768166065216,0.0
1,1.0,2,1,74,0.480796754360199,0.0
1,1.0,2,1,75,0.480823814868927,0.0
1,1.0,2,1,76,0.4808323383331299,0.0
1,1.0,2,1,77,0.480812132358551,0.048456642776727676
1,1.0,2,1,78,0.48086440563201904,0.0
1,1.0,2,1,79,0.4808787405490875,0.0
1,1.0,2,1,80,0.48083072900772095,0.0
1,1.0,2,1,81,0.4808283746242523,0.03956468030810356
1,1.0,2,1,82,0.48089197278022766,0.0
1,1.0,2,1,83,0.48074305057525635,0.06255725026130676
1,1.0,2,1,84,0.480861097574234,0.0
1,1.0,2,1,85,0.4807404577732086,0.03956468030810356
1,1.0,2,1,86,0.4809010922908783,0.0
1,1.0,2,1,87,0.48080161213874817,0.07912936806678772
1,1.0,2,1,88,0.4809178411960602,0.06852804124355316
1,1.0,2,1,89,0.4809240996837616,0.03956468030810356
1,1.0,2,1,90,0.4809176027774811,0.07912936806678772
1,1.0,2,1,91,0.48093265295028687,0.07912936806678772
1,1.0,2,1,92,0.4809306263923645,0.08846931904554367
1,1.0,2,1,93,0.48092156648635864,0.10087054967880249
1,1.0,2,1,94,0.4809514582157135,0.10087054967880249
1,1.0,2,1,95,0.48092085123062134,0.1153498962521553
1,1.0,2,1,96,0.4808826446533203,0.1153498962521553
1,1.0,2,1,97,0.48095306754112244,0.13417038321495056
1,1.0,2,1,98,0.4807777404785156,0.14536994695663452
1,1.0,2,1,99,0.4809238910675049,0.1312212198972702
1,1.0,2,1,100,0.48080945014953613,0.14265252649784088
1,1.0,2,2,0,0.14704328775405884,0.9970110654830933
1,1.0,2,2,1,0.14704328775405884,0.9970110654830933
1,1.0,2,2,2,0.4009804427623749,0.4252062439918518
1,1.0,2,2,3,0.3308408260345459,0.4562833309173584
1,1.0,2,2,4,0.28325095772743225,0.5489397644996643
1,1.0,2,2,5,0.31968680024147034,0.4893895387649536
1,1.0,2,2,6,0.4265347421169281,0.36045196652412415
1,1.0,2,2,7,0.43348345160484314,0.3856295347213745
1,1.0,2,2,8,0.37059611082077026,0.4279584586620331
1,1.0,2,2,9,0.40014874935150146,0.37325307726860046
1,1.0,2,2,10,0.45856553316116333,0.2866736352443695
1,1.0,2,2,11,0.4434601366519928,0.30261197686195374
1,1.0,2,2,12,0.4187590479850769,0.3516591191291809
1,1.0,2,2,13,0.4248570203781128,0.36903539299964905
1,1.0,2,2,14,0.45386627316474915,0.3560826778411865
1,1.0,2,2,15,0.47023725509643555,0.32983797788619995
1,1.0,2,2,16,0.45021215081214905,0.2973940968513489
1,1.0,2,2,17,0.4377034604549408,0.28254860639572144
1,1.0,2,2,18,0.4427855312824249,0.26540815830230713
1,1.0,2,2,19,0.4666405916213989,0.2564086616039276
1,1.0,2,2,20,0.47807151079177856,0.2853052616119385
1,1.0,2,2,21,0.4548974931240082,0.3380412459373474
1,1.0,2,2,22,0.45500755310058594,0.32983797788619995
1,1.0,2,2,23,0.4755048453807831,0.2769530415534973
1,1.0,2,2,24,0.4741213917732239,0.2373882532119751
1,1.0,2,2,25,0.46700382232666016,0.23406796157360077
1,1.0,2,2,26,0.46572697162628174,0.24389323592185974
1,1.0,2,2,27,0.4714358150959015,0.25944316387176514
1,1.0,2,2,28,0.4772423803806305,0.2564086616039276
1,1.0,2,2,29,0.4761807918548584,0.2564086616039276
1,1.0,2,2,30,0.4701533317565918,0.24549256265163422
1,1.0,2,2,31,0.47033989429473877,0.24066270887851715
1,1.0,2,2,32,0.47852623462677,0.2255535125732422
1,1.0,2,2,33,0.47829344868659973,0.23069989681243896
1,1.0,2,2,34,0.4743765890598297,0.23069989681243896
1,1.0,2,2,35,0.47455060482025146,0.21489134430885315
1,1.0,2,2,36,0.4786509871482849,0.19382664561271667
1,1.0,2,2,37,0.4788866639137268,0.19583526253700256
1,1.0,2,2,38,0.47687944769859314,0.20558421313762665
1,1.0,2,2,39,0.4756183624267578,0.21306245028972626
1,1.0,2,2,40,0.4782874286174774,0.20174117386341095
1,1.0,2,2,41,0.4801369309425354,0.18130820989608765
1,1.0,2,2,42,0.47721371054649353,0.16551098227500916
1,1.0,2,2,43,0.47690847516059875,0.18130820989608765
1,1.0,2,2,44,0.47871607542037964,0.1678587794303894
1,1.0,2,2,45,0.479684054851532,0.1678587794303894
1,1.0,2,2,46,0.4788610339164734,0.1557663530111313
1,1.0,2,2,47,0.47768497467041016,0.1532333940267563
1,1.0,2,2,48,0.4789388179779053,0.14803750813007355
1,1.0,2,2,49,0.47999435663223267,0.15065784752368927
1,1.0,2,2,50,0.47901982069015503,0.14265252649784088
1,1.0,2,2,51,0.4786648750305176,0.14265252649784088
1,1.0,2,2,52,0.4796447157859802,0.1251145303249359
1,1.0,2,2,53,0.4800015687942505,0.11190582811832428
1,1.0,2,2,54,0.4792644679546356,0.1251145303249359
1,1.0,2,2,55,0.47922611236572266,0.11190582811832428
1,1.0,2,2,56,0.4797394275665283,0.10467831790447235
1,1.0,2,2,57,0.48018303513526917,0.09691328555345535
1,1.0,2,2,58,0.4795340895652771,0.07912936806678772
1,1.0,2,2,59,0.4795904755592346,0.08846931904554367
1,1.0,2,2,60,0.4801444411277771,0.09691328555345535
1,1.0,2,2,61,0.4800436794757843,0.06852804124355316
1,1.0,2,2,62,0.47985565662384033,0.06852804124355316
1,1.0,2,2,63,0.48003819584846497,0.07912936806678772
1,1.0,2,2,64,0.4801691174507141,0.0
1,1.0,2,2,65,0.4800761938095093,0.05595290660858154
1,1.0,2,2,66,0.4799730181694031,0.048456642776727676
1,1.0,2,2,67,0.48021286725997925,0.03956468030810356
1,1.0,2,2,68,0.4801713526248932,0.0
1,1.0,2,2,69,0.4800888001918793,0.0
1,1.0,2,2,70,0.4802011549472809,0.0
1,1.0,2,2,71,0.48104315996170044,0.0
1,1.0,2,2,72,0.48096543550491333,0.03956468030810356
1,1.0,2,2,73,0.4808979630470276,0.0
1,1.0,2,2,74,0.4810415208339691,0.0
1,1.0,2,2,75,0.4810318946838379,0.0
1,1.0,2,2,76,0.4809766709804535,0.0
1,1.0,2,2,77,0.4810968339443207,0.0
1,1.0,2,2,78,0.48111632466316223,0.0
1,1.0,2,2,79,0.4810717701911926,0.0
1,1.0,2,2,80,0.4810699224472046,0.0
1,1.0,2,2,81,0.48111265897750854,0.0
1,1.0,2,2,82,0.4811217784881592,0.0
1,1.0,2,2,83,0.4810318946838379,0.0
1,1.0,2,2,84,0.4810430705547333,0.0
1,1.0,2,2,85,0.48116832971572876,0.02797645330429077
1,1.0,2,2,86,0.48113399744033813,0.07401873916387558
1,1.0,2,2,87,0.4811064600944519,0.07401873916387558
1,1.0,2,2,88,0.4811692535877228,0.06255725026130676
1,1.0,2,2,89,0.48118406534194946,0.06852804124355316
1,1.0,2,2,90,0.48112332820892334,0.06852804124355316
1,1.0,2,2,91,0.48113760352134705,0.09691328555345535
1,1.0,2,2,92,0.48107802867889404,0.07912936806678772
1,1.0,2,2,93,0.48115992546081543,0.11190582811832428
1,1.0,2,2,94,0.4811246693134308,0.10087054967880249
1,1.0,2,2,95,0.4811765253543854,0.11869405955076218
1,1.0,2,2,96,0.481102854013443,0.1251145303249359
1,1.0,2,2,97,0.48122963309288025,0.1153498962521553
1,1.0,2,2,98,0.4811455011367798,0.14803750813007355
1,1.0,2,2,99,0.48122355341911316,0.14265252649784088
1,1.0,2,2,100,0.4811426103115082,0.14536994695663452
1,2.0,1,0,0,0.006991650443524122,1.9997819662094116
1,2.0,1,0,1,0.006991650443524122,1.9997819662094116
1,2.0,1,0,2,0.009053575806319714,1.5996103286743164
1,2.0,1,0,3,0.015456121414899826,1.3856451511383057
1,2.0,1,0,4,0.028892066329717636,1.0620155334472656
1,2.0,1,0,5,0.04237155616283417,0.8127697110176086
1,2.0,1,0,6,0.06698428839445114,0.5801345705986023
1,2.0,1,0,7,0.23247160017490387,0.26094719767570496
1,2.0,1,0,8,0.20803506672382355,0.35718002915382385
1,2.0,1,0,9,0.22343581914901733,0.3140352964401245
1,2.0,1,0,10,0.24420785903930664,0.23573395609855652
1,2.0,1,0,11,0.25592997670173645,0.21489134430885315
1,2.0,1,0,12,0.39128515124320984,0.12820424139499664
1,2.0,1,0,13,0.2987181544303894,0.25487783551216125
1,2.0,1,0,14,0.21502956748008728,0.3549819588661194
1,2.0,1,0,15,0.22252804040908813,0.34149664640426636
1,2.0,1,0,16,0.34468701481819153,0.23239001631736755
1,2.0,1,0,17,0.40552783012390137,0.14265252649784088
1,2.0,1,0,18,0.3175733983516693,0.17693869769573212
1,2.0,1,0,19,0.37037768959999084,0.14803750813007355
1,2.0,1,0,20,0.44415226578712463,0.15825876593589783
1,2.0,1,0,21,0.3299747109413147,0.25944316387176514
1,2.0,1,0,22,0.3152771592140198,0.27124202251434326
1,2.0,1,0,23,0.40227457880973816,0.20174117386341095
1,2.0,1,0,24,0.4212784469127655,0.1312212198972702
1,2.0,1,0,25,0.3882755935192108,0.1557663530111313
1,2.0,1,0,26,0.4375666677951813,0.16312941908836365
1,2.0,1,0,27,0.3998238444328308,0.21489134430885315
1,2.0,1,0,28,0.36519211530685425,0.23406796157360077
1,2.0,1,0,29,0.4127272069454193,0.20558421313762665
1,2.0,1,0,30,0.43358662724494934,0.1678587794303894
1,2.0,1,0,31,0.40804460644721985,0.15825876593589783
1,2.0,1,0,32,0.4328173100948334,0.1724584996700287
1,2.0,1,0,33,0.41228899359703064,0.21670480072498322
1,2.0,1,0,34,0.3760490119457245,0.24389323592185974
1,2.0,1,0,35,0.4073251187801361,0.2185032218694687
1,2.0,1,0,36,0.4289644658565521,0.18345394730567932
1,2.0,1,0,37,0.4119359850883484,0.18974561989307404
1,2.0,1,0,38,0.43009135127067566,0.18557488918304443
1,2.0,1,0,39,0.4096558094024658,0.22381176054477692
1,2.0,1,0,40,0.3826432228088379,0.24066270887851715
1,2.0,1,0,41,0.4083271324634552,0.23069989681243896
1,2.0,1,0,42,0.4219723343849182,0.20558421313762665
1,2.0,1,0,43,0.4106505513191223,0.19583526253700256
1,2.0,1,0,44,0.42131680250167847,0.2112177014350891
1,2.0,1,0,45,0.3980443477630615,0.24066270887851715
1,2.0,1,0,46,0.38980841636657715,0.25178828835487366
1,2.0,1,0,47,0.4124530553817749,0.23406796157360077
1,2.0,1,0,48,0.4172937273979187,0.2185032218694687
1,2.0,1,0,49,0.4108627438545227,0.2255535125732422
1,2.0,1,0,50,0.4040619432926178,0.24066270887851715
1,2.0,1,0,51,0.3922809958457947,0.25022920966148376
1,2.0,1,0,52,0.39653250575065613,0.26244261860847473
1,2.0,1,0,53,0.4017113447189331,0.2486603558063507
1,2.0,1,0,54,0.40535968542099,0.2373882532119751
1,2.0,1,0,55,0.3976530134677887,0.24549256265163422
1,2.0,1,0,56,0.38539040088653564,0.27411240339279175
1,2.0,1,0,57,0.3757587671279907,0.27411240339279175
1,2.0,1,0,58,0.3805634677410126,0.27268099784851074
1,2.0,1,0,59,0.384884774684906,0.26244261860847473
1,2.0,1,0,60,0.3834938406944275,0.26244261860847473
1,2.0,1,0,61,0.376406729221344,0.2797648012638092
1,2.0,1,0,62,0.3676171898841858,0.29870712757110596
1,2.0,1,0,63,0.37671077251434326,0.2811601459980011
1,2.0,1,0,64,0.37373948097229004,0.28803551197052
1,2.0,1,0,65,0.3664862811565399,0.28803551197052
1,2.0,1,0,66,0.3678615689277649,0.28803551197052
1,2.0,1,0,67,0.3694859445095062,0.30261197686195374
1,2.0,1,0,68,0.36501097679138184,0.30646705627441406
1,2.0,1,0,69,0.36189374327659607,0.30646705627441406
1,2.0,1,0,70,0.3628869950771332,0.3000143766403198
1,2.0,1,0,71,0.3635403513908386,0.30646705627441406
1,2.0,1,0,72,0.36104413866996765,0.31651782989501953
1,2.0,1,0,73,0.3534552752971649,0.3286493718624115
1,2.0,1,0,74,0.35423702001571655,0.3238512873649597
1,2.0,1,0,75,0.3601721227169037,0.32020553946495056
1,2.0,1,0,76,0.35132575035095215,0.32625913619995117
1,2.0,1,0,77,0.3493792414665222,0.3286493718624115
1,2.0,1,0,78,0.3497905731201172,0.3345502018928528
1,2.0,1,0,79,0.3541928231716156,0.3426406979560852
1,2.0,1,0,80,0.3450072109699249,0.33919697999954224
1,2.0,1,0,81,0.3408275544643402,0.3483045697212219
1,2.0,1,0,82,0.3411746621131897,0.34149664640426636
1,2.0,1,0,83,0.34195318818092346,0.3516591191291809
1,2.0,1,0,84,0.33860185742378235,0.35827401280403137
1,2.0,1,0,85,0.3379212021827698,0.3626168966293335
1,2.0,1,0,86,0.33697575330734253,0.36369451880455017
1,2.0,1,0,87,0.33595818281173706,0.36584022641181946
1,2.0,1,0,88,0.33615076541900635,0.3679734468460083
1,2.0,1,0,89,0.33468443155288696,0.3774236738681793
1,2.0,1,0,90,0.33163297176361084,0.3774236738681793
1,2.0,1,0,91,0.3282804787158966,0.376385360956192
1,2.0,1,0,92,0.32743796706199646,0.3856295347213745
1,2.0,1,0,93,0.33142998814582825,0.3815486431121826
1,2.0,1,0,94,0.328809916973114,0.3815486431121826
1,2.0,1,0,95,0.3216121196746826,0.3916711211204529
1,2.0,1,0,96,0.32043707370758057,0.3966354727745056
1,2.0,1,0,97,0.3184022605419159,0.3966354727745056
1,2.0,1,0,98,0.31931376457214355,0.38966765999794006
1,2.0,1,0,99,0.3179675042629242,0.4025118947029114
1,2.0,1,0,100,0.31631574034690857,0.4092611074447632
1,2.0,1,1,0,0.014957132749259472,1.9997819662094116
1,2.0,1,1,1,0.014957132749259472,1.9997819662094116
1,2.0,1,1,2,0.03317238390445709,1.5996103286743164
1,2.0,1,1,3,0.05686416104435921,1.0864251852035522
1,2.0,1,1,4,0.13929656147956848,0.508988618850708
1,2.0,1,1,5,0.2000948190689087,0.4788811206817627
1,2.0,1,1,6,0.3849751949310303,0.3214254081249237
1,2.0,1,1,7,0.31809329986572266,0.21670480072498322
1,2.0,1,1,8,0.306334525346756,0.2373882532119751
1,2.0,1,1,9,0.462919682264328,0.17693869769573212
1,2.0,1,1,10,0.3564181327819824,0.3560826778411865
1,2.0,1,1,11,0.2815283536911011,0.4261256456375122
1,2.0,1,1,12,0.33202099800109863,0.3815486431121826
1,2.0,1,1,13,0.5102243423461914,0.23239001631736755
1,2.0,1,1,14,0.3767734169960022,0.18974561989307404
1,2.0,1,1,15,0.31256890296936035,0.23406796157360077
1,2.0,1,1,16,0.36759206652641296,0.2112177014350891
1,2.0,1,1,17,0.5295593738555908,0.20174117386341095
1,2.0,1,1,18,0.41826823353767395,0.32625913619995117
1,2.0,1,1,19,0.3817862868309021,0.35718002915382385
1,2.0,1,1,20,0.47109872102737427,0.2893909811973572
1,2.0,1,1,21,0.5030863285064697,0.20174117386341095
1,2.0,1,1,22,0.43735015392303467,0.18767184019088745
1,2.0,1,1,23,0.4839072823524475,0.20558421313762665
1,2.0,1,1,24,0.505196213722229,0.25487783551216125
1,2.0,1,1,25,0.46764880418777466,0.30390241742134094
1,2.0,1,1,26,0.4788161516189575,0.29074013233184814
1,2.0,1,1,27,0.5165960192680359,0.23406796157360077
1,2.0,1,1,28,0.5001479983329773,0.21670480072498322
1,2.0,1,1,29,0.48761674761772156,0.22728192806243896
1,2.0,1,1,30,0.5143940448760986,0.25022920966148376
1,2.0,1,1,31,0.5136054754257202,0.2811601459980011
1,2.0,1,1,32,0.49787965416908264,0.26834097504615784
1,2.0,1,1,33,0.5248641967773438,0.2533377707004547
1,2.0,1,1,34,0.5147536396980286,0.24549256265163422
1,2.0,1,1,35,0.50204998254776,0.25022920966148376
1,2.0,1,1,36,0.5265463590621948,0.25793036818504333
1,2.0,1,1,37,0.5194862484931946,0.26834097504615784
1,2.0,1,1,38,0.5138563513755798,0.2797648012638092
1,2.0,1,1,39,0.5316583514213562,0.26540815830230713
1,2.0,1,1,40,0.5189002156257629,0.26540815830230713
1,2.0,1,1,41,0.5252712368965149,0.27124202251434326
1,2.0,1,1,42,0.5299196243286133,0.2769530415534973
1,2.0,1,1,43,0.5235226154327393,0.29341983795166016
1,2.0,1,1,44,0.5297953486442566,0.3000143766403198
1,2.0,1,1,45,0.5263000726699829,0.29074013233184814
1,2.0,1,1,46,0.5271059274673462,0.2811601459980011
1,2.0,1,1,47,0.5315337181091309,0.29208308458328247
1,2.0,1,1,48,0.5278170108795166,0.30901038646698
1,2.0,1,1,49,0.5274183750152588,0.31651782989501953
1,2.0,1,1,50,0.5286920070648193,0.29870712757110596
1,2.0,1,1,51,0.528264582157135,0.3000143766403198
1,2.0,1,1,52,0.5302645564079285,0.30646705627441406
1,2.0,1,1,53,0.5280450582504272,0.32625913619995117
1,2.0,1,1,54,0.5270684361457825,0.333378404378891
1,2.0,1,1,55,0.5311601758003235,0.3189810514450073
1,2.0,1,1,56,0.5255430340766907,0.3140352964401245
1,2.0,1,1,57,0.5314791798591614,0.3238512873649597
1,2.0,1,1,58,0.525922954082489,0.3449174165725708
1,2.0,1,1,59,0.5273793339729309,0.34605011343955994
1,2.0,1,1,60,0.5295615196228027,0.333378404378891
1,2.0,1,1,61,0.528777003288269,0.333378404378891
1,2.0,1,1,62,0.5293429493904114,0.3483045697212219
1,2.0,1,1,63,0.5289409756660461,0.36045196652412415
1,2.0,1,1,64,0.5301539897918701,0.35277020931243896
1,2.0,1,1,65,0.5298430919647217,0.3494263291358948
1,2.0,1,1,66,0.5306581854820251,0.35718002915382385
1,2.0,1,1,67,0.5302395224571228,0.37115025520324707
1,2.0,1,1,68,0.5310796499252319,0.3679734468460083
1,2.0,1,1,69,0.5302827954292297,0.37009432911872864
1,2.0,1,1,70,0.531114935874939,0.36903539299964905
1,2.0,1,1,71,0.5301467180252075,0.38052162528038025
1,2.0,1,1,72,0.531080424785614,0.3835945427417755
1,2.0,1,1,73,0.5309739708900452,0.3835945427417755
1,2.0,1,1,74,0.5303516983985901,0.3835945427417755
1,2.0,1,1,75,0.5309398770332336,0.39762091636657715
1,2.0,1,1,76,0.5305471420288086,0.3986038863658905
1,2.0,1,1,77,0.5316376686096191,0.3936643600463867
1,2.0,1,1,78,0.5309293866157532,0.3956475853919983
1,2.0,1,1,79,0.5313022136688232,0.40830373764038086
1,2.0,1,1,80,0.530524492263794,0.4159007966518402
1,2.0,1,1,81,0.5318257212638855,0.4111690819263458
1,2.0,1,1,82,0.5303974151611328,0.4111690819263458
1,2.0,1,1,83,0.5316545367240906,0.4242849051952362
1,2.0,1,1,84,0.5310706496238708,0.4261256456375122
1,2.0,1,1,85,0.5312328934669495,0.429783433675766
1,2.0,1,1,86,0.5312755107879639,0.4343124032020569
1,2.0,1,1,87,0.5315280556678772,0.4423476457595825
1,2.0,1,1,88,0.5313939452171326,0.4405747056007385
1,2.0,1,1,89,0.5317064523696899,0.43700721859931946
1,2.0,1,1,90,0.5310754179954529,0.4484977722167969
1,2.0,1,1,91,0.5315407514572144,0.4528396427631378
1,2.0,1,1,92,0.5317519903182983,0.45456475019454956
1,2.0,1,1,93,0.5308293104171753,0.4579954743385315
1,2.0,1,1,94,0.5317800641059875,0.46309393644332886
1,2.0,1,1,95,0.5316638350486755,0.46980583667755127
1,2.0,1,1,96,0.5313587784767151,0.4747775197029114
1,2.0,1,1,97,0.5318376421928406,0.47229820489883423
1,2.0,1,1,98,0.5318107604980469,0.4764232337474823
1,2.0,1,1,99,0.5312909483909607,0.4845678508281708
1,2.0,1,1,100,0.5317263007164001,0.4861803650856018
1,2.0,1,2,0,0.022216930985450745,1.9997819662094116
1,2.0,1,2,1,0.022216930985450745,1.9997819662094116
1,2.0,1,2,2,0.04676772654056549,1.5996103286743164
1,2.0,1,2,3,0.0728730857372284,1.0009287595748901
1,2.0,1,2,4,0.20257800817489624,0.37009432911872864
1,2.0,1,2,5,0.3444395959377289,0.35718002915382385
1,2.0,1,2,6,0.31455329060554504,0.3189810514450073
1,2.0,1,2,7,0.2844380736351013,0.2783624827861786
1,2.0,1,2,8,0.31556546688079834,0.22899729013442993
1,2.0,1,2,9,0.4573841989040375,0.19979193806648254
1,2.0,1,2,10,0.34473752975463867,0.37009432911872864
1,2.0,1,2,11,0.28921642899513245,0.4279584586620331
1,2.0,1,2,12,0.35517948865890503,0.37115025520324707
1,2.0,1,2,13,0.5164340734481812,0.22028693556785583
1,2.0,1,2,14,0.37043362855911255,0.20747904479503632
1,2.0,1,2,15,0.3322315514087677,0.2220563441514969
1,2.0,1,2,16,0.4225764572620392,0.20174117386341095
1,2.0,1,2,17,0.5135676860809326,0.2533377707004547
1,2.0,1,2,18,0.41748228669166565,0.3368815779685974
1,2.0,1,2,19,0.4504435658454895,0.3140352964401245
1,2.0,1,2,20,0.5335348844528198,0.2373882532119751
1,2.0,1,2,21,0.4475199580192566,0.2112177014350891
1,2.0,1,2,22,0.46702122688293457,0.19782349467277527
1,2.0,1,2,23,0.5209970474243164,0.2533377707004547
1,2.0,1,2,24,0.46981555223464966,0.31651782989501953
1,2.0,1,2,25,0.48083820939064026,0.30390241742134094
1,2.0,1,2,26,0.5243775844573975,0.25944316387176514
1,2.0,1,2,27,0.49844080209732056,0.23069989681243896
1,2.0,1,2,28,0.5024093985557556,0.23573395609855652
1,2.0,1,2,29,0.5168958306312561,0.266878604888916
1,2.0,1,2,30,0.5079479217529297,0.2960752844810486
1,2.0,1,2,31,0.506058394908905,0.29074013233184814
1,2.0,1,2,32,0.5274820923805237,0.26244261860847473
1,2.0,1,2,33,0.5150827765464783,0.2486603558063507
1,2.0,1,2,34,0.5109831094741821,0.26244261860847473
1,2.0,1,2,35,0.5291392803192139,0.2853052616119385
1,2.0,1,2,36,0.5146797299385071,0.2960752844810486
1,2.0,1,2,37,0.522834837436676,0.2853052616119385
1,2.0,1,2,38,0.5284295678138733,0.2811601459980011
1,2.0,1,2,39,0.5159057378768921,0.2755363881587982
1,2.0,1,2,40,0.5285937786102295,0.2811601459980011
1,2.0,1,2,41,0.5274943709373474,0.29341983795166016
1,2.0,1,2,42,0.5249220132827759,0.30646705627441406
1,2.0,1,2,43,0.5275632739067078,0.30390241742134094
1,2.0,1,2,44,0.5268444418907166,0.2960752844810486
1,2.0,1,2,45,0.5277238488197327,0.29208308458328247
1,2.0,1,2,46,0.5302603840827942,0.30131596326828003
1,2.0,1,2,47,0.5271255970001221,0.3214254081249237
1,2.0,1,2,48,0.5262060761451721,0.3286493718624115
1,2.0,1,2,49,0.5313882827758789,0.3077413737773895
1,2.0,1,2,50,0.528056263923645,0.31153297424316406
1,2.0,1,2,51,0.5306553244590759,0.32625913619995117
1,2.0,1,2,52,0.5289069414138794,0.3345502018928528
1,2.0,1,2,53,0.5293395519256592,0.3380412459373474
1,2.0,1,2,54,0.5296521186828613,0.3286493718624115
1,2.0,1,2,55,0.5284002423286438,0.33571791648864746
1,2.0,1,2,56,0.5293883085250854,0.3449174165725708
1,2.0,1,2,57,0.5284883379936218,0.3483045697212219
1,2.0,1,2,58,0.5305761098861694,0.34717920422554016
1,2.0,1,2,59,0.5282586812973022,0.3505445122718811
1,2.0,1,2,60,0.5285388827323914,0.3494263291358948
1,2.0,1,2,61,0.5300496220588684,0.3626168966293335
1,2.0,1,2,62,0.5300194025039673,0.364768922328949
1,2.0,1,2,63,0.5285051465034485,0.37220317125320435
1,2.0,1,2,64,0.529414713382721,0.3679734468460083
1,2.0,1,2,65,0.5290940403938293,0.36584022641181946
1,2.0,1,2,66,0.5302018523216248,0.37949177622795105
1,2.0,1,2,67,0.5290942788124084,0.38966765999794006
1,2.0,1,2,68,0.5314610600471497,0.37949177622795105
1,2.0,1,2,69,0.5280908942222595,0.38052162528038025
1,2.0,1,2,70,0.5308730602264404,0.3956475853919983
1,2.0,1,2,71,0.5293988585472107,0.3966354727745056
1,2.0,1,2,72,0.5311543345451355,0.39958447217941284
1,2.0,1,2,73,0.5304579138755798,0.39958447217941284
1,2.0,1,2,74,0.5291091799736023,0.40734416246414185
1,2.0,1,2,75,0.530852198600769,0.4121197760105133
1,2.0,1,2,76,0.5291067957878113,0.4092611074447632
1,2.0,1,2,77,0.5313993096351624,0.4140145778656006
1,2.0,1,2,78,0.5312514901161194,0.4242849051952362
1,2.0,1,2,79,0.5309165120124817,0.4261256456375122
1,2.0,1,2,80,0.531566858291626,0.4252062439918518
1,2.0,1,2,81,0.5315348505973816,0.4279584586620331
1,2.0,1,2,82,0.5314962267875671,0.43611082434654236
1,2.0,1,2,83,0.5315006971359253,0.44146206974983215
1,2.0,1,2,84,0.5317461490631104,0.44587242603302
1,2.0,1,2,85,0.5304651260375977,0.444113552570343
1,2.0,1,2,86,0.5300094485282898,0.4571402072906494
1,2.0,1,2,87,0.531198263168335,0.46055179834365845
1,2.0,1,2,88,0.5296229124069214,0.4579954743385315
1,2.0,1,2,89,0.53094482421875,0.46393826603889465
1,2.0,1,2,90,0.5311796069145203,0.47229820489883423
1,2.0,1,2,91,0.5305953025817871,0.47063809633255005
1,2.0,1,2,92,0.530860960483551,0.47560110688209534
1,2.0,1,2,93,0.531592845916748,0.4780632257461548
1,2.0,1,2,94,0.5301690101623535,0.4845678508281708
1,2.0,1,2,95,0.53056401014328,0.49098625779151917
1,2.0,1,2,96,0.5313112139701843,0.4877876043319702
1,2.0,1,2,97,0.5283628106117249,0.4933716356754303
1,2.0,1,2,98,0.5309833884239197,0.5035777688026428
1,2.0,1,2,99,0.5300511717796326,0.5082191824913025
1,2.0,1,2,100,0.530620276927948,0.5051296353340149
1,2.0,2,0,0,0.015604128129780293,1.9997819662094116
1,2.0,2,0,1,0.015604128129780293,1.9997819662094116
1,2.0,2,0,2,0.034038055688142776,1.283899188041687
1,2.0,2,0,3,0.0832480937242508,0.8011302351951599
1,2.0,2,0,4,0.24234583973884583,0.34717920422554016
1,2.0,2,0,5,0.34133538603782654,0.25944316387176514
1,2.0,2,0,6,0.2708216607570648,0.37949177622795105
1,2.0,2,0,7,0.3083854913711548,0.31278666853904724
1,2.0,2,0,8,0.3650949001312256,0.2220563441514969
1,2.0,2,0,9,0.3545890748500824,0.20367176830768585
1,2.0,2,0,10,0.38146451115608215,0.1724584996700287
1,2.0,2,0,11,0.36899232864379883,0.2220563441514969
1,2.0,2,0,12,0.32081368565559387,0.29870712757110596
1,2.0,2,0,13,0.32178282737731934,0.3000143766403198
1,2.0,2,0,14,0.35857394337654114,0.2564086616039276
1,2.0,2,0,15,0.3650677502155304,0.19179698824882507
1,2.0,2,0,16,0.3709111213684082,0.19782349467277527
1,2.0,2,0,17,0.38810718059539795,0.19382664561271667
1,2.0,2,0,18,0.3526614308357239,0.25487783551216125
1,2.0,2,0,19,0.31303590536117554,0.30646705627441406
1,2.0,2,0,20,0.3204754889011383,0.3077413737773895
1,2.0,2,0,21,0.36012396216392517,0.2564086616039276
1,2.0,2,0,22,0.37767359614372253,0.20558421313762665
1,2.0,2,0,23,0.37871724367141724,0.20558421313762665
1,2.0,2,0,24,0.36898887157440186,0.23406796157360077
1,2.0,2,0,25,0.3309016525745392,0.3000143766403198
1,2.0,2,0,26,0.3104931712150574,0.3345502018928528
1,2.0,2,0,27,0.32338467240333557,0.30131596326828003
1,2.0,2,0,28,0.36682286858558655,0.25022920966148376
1,2.0,2,0,29,0.3741461932659149,0.22728192806243896
1,2.0,2,0,30,0.35889095067977905,0.24066270887851715
1,2.0,2,0,31,0.35010644793510437,0.26540815830230713
1,2.0,2,0,32,0.32134535908699036,0.3189810514450073
1,2.0,2,0,33,0.31375783681869507,0.33571791648864746
1,2.0,2,0,34,0.32897865772247314,0.30646705627441406
1,2.0,2,0,35,0.34869715571403503,0.27124202251434326
1,2.0,2,0,36,0.3456813395023346,0.25793036818504333
1,2.0,2,0,37,0.3459358811378479,0.27411240339279175
1,2.0,2,0,38,0.3286862373352051,0.30901038646698
1,2.0,2,0,39,0.3180030882358551,0.3368815779685974
1,2.0,2,0,40,0.32073113322257996,0.32983797788619995
1,2.0,2,0,41,0.3278007507324219,0.3140352964401245
1,2.0,2,0,42,0.3368561565876007,0.29341983795166016
1,2.0,2,0,43,0.3345596492290497,0.3000143766403198
1,2.0,2,0,44,0.3256627023220062,0.3238512873649597
1,2.0,2,0,45,0.313269704580307,0.3483045697212219
1,2.0,2,0,46,0.31085190176963806,0.36045196652412415
1,2.0,2,0,47,0.31546398997306824,0.3426406979560852
1,2.0,2,0,48,0.32688379287719727,0.3214254081249237
1,2.0,2,0,49,0.32682910561561584,0.3238512873649597
1,2.0,2,0,50,0.3153369426727295,0.3368815779685974
1,2.0,2,0,51,0.30607935786247253,0.37220317125320435
1,2.0,2,0,52,0.2979528307914734,0.3784591257572174
1,2.0,2,0,53,0.30512484908103943,0.37220317125320435
1,2.0,2,0,54,0.30829378962516785,0.3505445122718811
1,2.0,2,0,55,0.3122081458568573,0.3516591191291809
1,2.0,2,0,56,0.3038404881954193,0.37115025520324707
1,2.0,2,0,57,0.28655481338500977,0.39958447217941284
1,2.0,2,0,58,0.2869938910007477,0.40734416246414185
1,2.0,2,0,59,0.2915886640548706,0.3916711211204529
1,2.0,2,0,60,0.3016807734966278,0.38052162528038025
1,2.0,2,0,61,0.30100375413894653,0.3815486431121826
1,2.0,2,0,62,0.29109498858451843,0.39958447217941284
1,2.0,2,0,63,0.27501070499420166,0.4261256456375122
1,2.0,2,0,64,0.27755022048950195,0.4279584586620331
1,2.0,2,0,65,0.28714925050735474,0.41021621227264404
1,2.0,2,0,66,0.28896379470825195,0.4015384614467621
1,2.0,2,0,67,0.2862052917480469,0.4111690819263458
1,2.0,2,0,68,0.27565181255340576,0.43069303035736084
1,2.0,2,0,69,0.2685965597629547,0.4484977722167969
1,2.0,2,0,70,0.275373637676239,0.4387945830821991
1,2.0,2,0,71,0.27873992919921875,0.4261256456375122
1,2.0,2,0,72,0.27754583954811096,0.4334103763103485
1,2.0,2,0,73,0.2663962244987488,0.45542487502098083
1,2.0,2,0,74,0.2614242434501648,0.4673001766204834
1,2.0,2,0,75,0.2682581841945648,0.46140074729919434
1,2.0,2,0,76,0.2710765600204468,0.4476243853569031
1,2.0,2,0,77,0.2666935920715332,0.4579954743385315
1,2.0,2,0,78,0.2528022527694702,0.47969764471054077
1,2.0,2,0,79,0.2503174841403961,0.4877876043319702
1,2.0,2,0,80,0.2582896053791046,0.4764232337474823
1,2.0,2,0,81,0.2633250057697296,0.47146889567375183
1,2.0,2,0,82,0.25793519616127014,0.47969764471054077
1,2.0,2,0,83,0.24504686892032623,0.5012409687042236
1,2.0,2,0,84,0.24519966542720795,0.5020211338996887
1,2.0,2,0,85,0.25920140743255615,0.49178266525268555
1,2.0,2,0,86,0.2563701570034027,0.49257779121398926
1,2.0,2,0,87,0.23873324692249298,0.5120548605918884
1,2.0,2,0,88,0.23601150512695312,0.5211454033851624
1,2.0,2,0,89,0.23809294402599335,0.5151028633117676
1,2.0,2,0,90,0.2488422393798828,0.5074485540390015
1,2.0,2,0,91,0.23977400362491608,0.5173770785331726
1,2.0,2,0,92,0.23394110798835754,0.5352230072021484
1,2.0,2,0,93,0.23409868776798248,0.5366833806037903
1,2.0,2,0,94,0.23657234013080597,0.5256316661834717
1,2.0,2,0,95,0.2320421040058136,0.5330249667167664
1,2.0,2,0,96,0.2269461452960968,0.5482263565063477
1,2.0,2,0,97,0.22571033239364624,0.5467968583106995
1,2.0,2,0,98,0.226699098944664,0.54104083776474
1,2.0,2,0,99,0.22134800255298615,0.5524927973747253
1,2.0,2,0,100,0.21400593221187592,0.5650989413261414
1,2.0,2,1,0,0.03376014903187752,1.9997819662094116
1,2.0,2,1,1,0.03376014903187752,1.9997819662094116
1,2.0,2,1,2,0.07857800275087357,1.283899188041687
1,2.0,2,1,3,0.15510161221027374,0.7600182890892029
1,2.0,2,1,4,0.3382987976074219,0.3140352964401245
1,2.0,2,1,5,0.4258781671524048,0.3286493718624115
1,2.0,2,1,6,0.3682883679866791,0.4015384614467621
1,2.0,2,1,7,0.433318167924881,0.2960752844810486
1,2.0,2,1,8,0.46827036142349243,0.19382664561271667
1,2.0,2,1,9,0.41215234994888306,0.22728192806243896
1,2.0,2,1,10,0.4449079632759094,0.18974561989307404
1,2.0,2,1,11,0.47781795263290405,0.20558421313762665
1,2.0,2,1,12,0.44132500886917114,0.29208308458328247
1,2.0,2,1,13,0.4414338767528534,0.30390241742134094
1,2.0,2,1,14,0.4706604778766632,0.2564086616039276
1,2.0,2,1,15,0.4684019088745117,0.19782349467277527
1,2.0,2,1,16,0.4470822215080261,0.19782349467277527
1,2.0,2,1,17,0.4664016366004944,0.19382664561271667
1,2.0,2,1,18,0.47839871048927307,0.22381176054477692
1,2.0,2,1,19,0.4609297811985016,0.2853052616119385
1,2.0,2,1,20,0.4593489468097687,0.29341983795166016
1,2.0,2,1,21,0.47514796257019043,0.25944316387176514
1,2.0,2,1,22,0.4755782186985016,0.20935672521591187
1,2.0,2,1,23,0.460849404335022,0.20747904479503632
1,2.0,2,1,24,0.47392022609710693,0.20367176830768585
1,2.0,2,1,25,0.47897830605506897,0.2390311062335968
1,2.0,2,1,26,0.46822473406791687,0.29074013233184814
1,2.0,2,1,27,0.4698454439640045,0.28803551197052
1,2.0,2,1,28,0.4792090058326721,0.25022920966148376
1,2.0,2,1,29,0.47585785388946533,0.23406796157360077
1,2.0,2,1,30,0.47237247228622437,0.23406796157360077
1,2.0,2,1,31,0.4785240590572357,0.24708154797554016
1,2.0,2,1,32,0.47804737091064453,0.2755363881587982
1,2.0,2,1,33,0.4756081998348236,0.2853052616119385
1,2.0,2,1,34,0.47718262672424316,0.28254860639572144
1,2.0,2,1,35,0.4791317284107208,0.25944316387176514
1,2.0,2,1,36,0.47713297605514526,0.25793036818504333
1,2.0,2,1,37,0.4779677093029022,0.25944316387176514
1,2.0,2,1,38,0.4791386127471924,0.27411240339279175
1,2.0,2,1,39,0.4778156876564026,0.29208308458328247
1,2.0,2,1,40,0.4774656891822815,0.30646705627441406
1,2.0,2,1,41,0.4794570505619049,0.29074013233184814
1,2.0,2,1,42,0.47836607694625854,0.2797648012638092
1,2.0,2,1,43,0.4786798059940338,0.2769530415534973
1,2.0,2,1,44,0.47914761304855347,0.29341983795166016
1,2.0,2,1,45,0.47877755761146545,0.31027427315711975
1,2.0,2,1,46,0.4778914153575897,0.32020553946495056
1,2.0,2,1,47,0.479126900434494,0.3077413737773895
1,2.0,2,1,48,0.4787960648536682,0.30261197686195374
1,2.0,2,1,49,0.47851306200027466,0.3077413737773895
1,2.0,2,1,50,0.47902220487594604,0.3214254081249237
1,2.0,2,1,51,0.47902360558509827,0.32625913619995117
1,2.0,2,1,52,0.4786750078201294,0.3380412459373474
1,2.0,2,1,53,0.47916510701179504,0.33102232217788696
1,2.0,2,1,54,0.4789949357509613,0.3286493718624115
1,2.0,2,1,55,0.47893092036247253,0.3345502018928528
1,2.0,2,1,56,0.47911298274993896,0.3403487205505371
1,2.0,2,1,57,0.4790313243865967,0.34717920422554016
1,2.0,2,1,58,0.4789634943008423,0.3560826778411865
1,2.0,2,1,59,0.47916364669799805,0.3516591191291809
1,2.0,2,1,60,0.4788971543312073,0.35387781262397766
1,2.0,2,1,61,0.47909116744995117,0.35827401280403137
1,2.0,2,1,62,0.4791502058506012,0.37430012226104736
1,2.0,2,1,63,0.4790426790714264,0.3753441572189331
1,2.0,2,1,64,0.47912514209747314,0.37325307726860046
1,2.0,2,1,65,0.4790460765361786,0.37430012226104736
1,2.0,2,1,66,0.4791492223739624,0.3815486431121826
1,2.0,2,1,67,0.47913262248039246,0.38966765999794006
1,2.0,2,1,68,0.47916731238365173,0.3936643600463867
1,2.0,2,1,69,0.4790670573711395,0.3946572244167328
1,2.0,2,1,70,0.4792717695236206,0.39762091636657715
1,2.0,2,1,71,0.47918176651000977,0.40734416246414185
1,2.0,2,1,72,0.47921761870384216,0.4092611074447632
1,2.0,2,1,73,0.47924599051475525,0.4111690819263458
1,2.0,2,1,74,0.47924402356147766,0.41871413588523865
1,2.0,2,1,75,0.4791804254055023,0.4242849051952362
1,2.0,2,1,76,0.47919392585754395,0.4252062439918518
1,2.0,2,1,77,0.4791264832019806,0.4261256456375122
1,2.0,2,1,78,0.4792191684246063,0.4316007196903229
1,2.0,2,1,79,0.47926321625709534,0.44587242603302
1,2.0,2,1,80,0.4791926443576813,0.4484977722167969
1,2.0,2,1,81,0.4792681634426117,0.4476243853569031
1,2.0,2,1,82,0.47924113273620605,0.45197463035583496
1,2.0,2,1,83,0.47926226258277893,0.45370301604270935
1,2.0,2,1,84,0.4793238639831543,0.46140074729919434
1,2.0,2,1,85,0.47920453548431396,0.47063809633255005
1,2.0,2,1,86,0.47931692004203796,0.46980583667755127
1,2.0,2,1,87,0.4792872667312622,0.47146889567375183
1,2.0,2,1,88,0.47928401827812195,0.4788811206817627
1,2.0,2,1,89,0.47930723428726196,0.4877876043319702
1,2.0,2,1,90,0.47920289635658264,0.49574556946754456
1,2.0,2,1,91,0.479310005903244,0.49416419863700867
1,2.0,2,1,92,0.47928112745285034,0.49889320135116577
1,2.0,2,1,93,0.479276567697525,0.5059038400650024
1,2.0,2,1,94,0.479329913854599,0.5120548605918884
1,2.0,2,1,95,0.4792298972606659,0.5188876986503601
1,2.0,2,1,96,0.47932547330856323,0.5196413397789001
1,2.0,2,1,97,0.4793282449245453,0.522645115852356
1,2.0,2,1,98,0.47931185364723206,0.5293412208557129
1,2.0,2,1,99,0.4793665111064911,0.53595370054245
1,2.0,2,1,100,0.4800555109977722,0.5417636632919312
1,2.0,2,2,0,0.05095521733164787,1.9997819662094116
1,2.0,2,2,1,0.05095521733164787,1.9997819662094116
1,2.0,2,2,2,0.09942899644374847,1.283899188041687
1,2.0,2,2,3,0.17398469150066376,0.7380746006965637
1,2.0,2,2,4,0.36378759145736694,0.2564086616039276
1,2.0,2,2,5,0.4155278205871582,0.376385360956192
1,2.0,2,2,6,0.3585464656352997,0.48213887214660645
1,2.0,2,2,7,0.38072100281715393,0.4252062439918518
1,2.0,2,2,8,0.46078404784202576,0.2564086616039276
1,2.0,2,2,9,0.43475884199142456,0.20367176830768585
1,2.0,2,2,10,0.3942856788635254,0.2373882532119751
1,2.0,2,2,11,0.42812711000442505,0.19979193806648254
1,2.0,2,2,12,0.4770261347293854,0.19782349467277527
1,2.0,2,2,13,0.45019248127937317,0.30131596326828003
1,2.0,2,2,14,0.42568162083625793,0.36369451880455017
1,2.0,2,2,15,0.440642386674881,0.3380412459373474
1,2.0,2,2,16,0.4733166992664337,0.25487783551216125
1,2.0,2,2,17,0.4691663980484009,0.17913678288459778
1,2.0,2,2,18,0.4468233287334442,0.18767184019088745
1,2.0,2,2,19,0.4613136649131775,0.20174117386341095
1,2.0,2,2,20,0.47636479139328003,0.23406796157360077
1,2.0,2,2,21,0.46442168951034546,0.2893909811973572
1,2.0,2,2,22,0.45543283224105835,0.30901038646698
1,2.0,2,2,23,0.46607351303100586,0.2783624827861786
1,2.0,2,2,24,0.48086681962013245,0.23406796157360077
1,2.0,2,2,25,0.4687579274177551,0.21670480072498322
1,2.0,2,2,26,0.46359995007514954,0.21670480072498322
1,2.0,2,2,27,0.4790925681591034,0.22728192806243896
1,2.0,2,2,28,0.4773162603378296,0.25487783551216125
1,2.0,2,2,29,0.4709022045135498,0.28803551197052
1,2.0,2,2,30,0.4715447723865509,0.29475054144859314
1,2.0,2,2,31,0.47773757576942444,0.26834097504615784
1,2.0,2,2,32,0.4774700999259949,0.2373882532119751
1,2.0,2,2,33,0.47314155101776123,0.23069989681243896
1,2.0,2,2,34,0.47946637868881226,0.2390311062335968
1,2.0,2,2,35,0.47900497913360596,0.27411240339279175
1,2.0,2,2,36,0.47447678446769714,0.29870712757110596
1,2.0,2,2,37,0.4753013253211975,0.29074013233184814
1,2.0,2,2,38,0.47930651903152466,0.27411240339279175
1,2.0,2,2,39,0.47888070344924927,0.26540815830230713
1,2.0,2,2,40,0.4765029549598694,0.25793036818504333
1,2.0,2,2,41,0.4787772595882416,0.2639295756816864
1,2.0,2,2,42,0.47944819927215576,0.28254860639572144
1,2.0,2,2,43,0.477127343416214,0.3051874339580536
1,2.0,2,2,44,0.4765263497829437,0.3140352964401245
1,2.0,2,2,45,0.47961169481277466,0.29341983795166016
1,2.0,2,2,46,0.4786306619644165,0.29074013233184814
1,2.0,2,2,47,0.47821280360221863,0.28803551197052
1,2.0,2,2,48,0.4788903594017029,0.29341983795166016
1,2.0,2,2,49,0.479277640581131,0.30901038646698
1,2.0,2,2,50,0.47781485319137573,0.32625913619995117
1,2.0,2,2,51,0.4791056513786316,0.31775182485580444
1,2.0,2,2,52,0.4790646731853485,0.30646705627441406
1,2.0,2,2,53,0.47836485505104065,0.3140352964401245
1,2.0,2,2,54,0.478453665971756,0.31651782989501953
1,2.0,2,2,55,0.47933536767959595,0.3250574469566345
1,2.0,2,2,56,0.47893276810646057,0.3426406979560852
1,2.0,2,2,57,0.4789675176143646,0.3426406979560852
1,2.0,2,2,58,0.4794202148914337,0.3345502018928528
1,2.0,2,2,59,0.47890332341194153,0.32983797788619995
1,2.0,2,2,60,0.47893235087394714,0.33571791648864746
1,2.0,2,2,61,0.47929278016090393,0.3494263291358948
1,2.0,2,2,62,0.4792143702507019,0.35827401280403137
1,2.0,2,2,63,0.47901344299316406,0.36690837144851685
1,2.0,2,2,64,0.47939419746398926,0.35718002915382385
1,2.0,2,2,65,0.4791632890701294,0.36045196652412415
1,2.0,2,2,66,0.4791533946990967,0.36153605580329895
1,2.0,2,2,67,0.4793657958507538,0.36903539299964905
1,2.0,2,2,68,0.4793364107608795,0.37325307726860046
1,2.0,2,2,69,0.4791678488254547,0.3856295347213745
1,2.0,2,2,70,0.4792674779891968,0.38052162528038025
1,2.0,2,2,71,0.47924861311912537,0.37949177622795105
1,2.0,2,2,72,0.4791133999824524,0.3866429924964905
1,2.0,2,2,73,0.47950372099876404,0.39067065715789795
1,2.0,2,2,74,0.47916433215141296,0.39762091636657715
1,2.0,2,2,75,0.47940289974212646,0.4015384614467621
1,2.0,2,2,76,0.47945332527160645,0.39958447217941284
1,2.0,2,2,77,0.4793192446231842,0.39762091636657715
1,2.0,2,2,78,0.47940531373023987,0.4092611074447632
1,2.0,2,2,79,0.47948580980300903,0.4205792546272278
1,2.0,2,2,80,0.4793044328689575,0.4242849051952362
1,2.0,2,2,81,0.47941136360168457,0.4242849051952362
1,2.0,2,2,82,0.47940558195114136,0.42704302072525024
1,2.0,2,2,83,0.47925764322280884,0.429783433675766
1,2.0,2,2,84,0.47952184081077576,0.43521252274513245
1,2.0,2,2,85,0.4791443347930908,0.44499385356903076
1,2.0,2,2,86,0.4793606400489807,0.44936954975128174
1,2.0,2,2,87,0.47941505908966064,0.4405747056007385
1,2.0,2,2,88,0.4790748357772827,0.44146206974983215
1,2.0,2,2,89,0.47933530807495117,0.451107919216156
1,2.0,2,2,90,0.4793925881385803,0.46393826603889465
1,2.0,2,2,91,0.4794403314590454,0.4681369364261627
1,2.0,2,2,92,0.479459673166275,0.46309393644332886
1,2.0,2,2,93,0.47934970259666443,0.4681369364261627
1,2.0,2,2,94,0.4794948697090149,0.4739525020122528
1,2.0,2,2,95,0.4795137941837311,0.4829498827457428
1,2.0,2,2,96,0.47952693700790405,0.4893895387649536
1,2.0,2,2,97,0.4795452356338501,0.4837595522403717
1,2.0,2,2,98,0.47946590185165405,0.4877876043319702
1,2.0,2,2,99,0.47945985198020935,0.4973219037055969
1,2.0,2,2,100,0.47952544689178467,0.5035777688026428
1,5.0,1,0,0,0.00033708757837302983,4.993555068969727
1,5.0,1,0,1,0.00033708757837302983,4.993555068969727
1,5.0,1,0,2,0.0,4.712682723999023
1,5.0,1,0,3,0.0,4.570117950439453
1,5.0,1,0,4,0.0,4.487946033477783
1,5.0,1,0,5,0.0,4.439590930938721
1,5.0,1,0,6,0.0,4.412685394287109
1,5.0,1,0,7,0.0014871328603476286,4.400774002075195
1,5.0,1,0,8,0.0012123064370825887,4.162171363830566
1,5.0,1,0,9,0.0007050698040984571,4.05308723449707
1,5.0,1,0,10,0.0007691503851674497,4.050573825836182
1,5.0,1,0,11,0.0012149139074608684,4.125971794128418
1,5.0,1,0,12,0.001801214413717389,4.25468635559082
1,5.0,1,0,13,0.0014483791310340166,4.305206298828125
1,5.0,1,0,14,0.0006634241435676813,4.174200057983398
1,5.0,1,0,15,0.0015641807112842798,3.999390125274658
1,5.0,1,0,16,0.0021878345869481564,3.8151586055755615
1,5.0,1,0,17,0.001614975742995739,3.6813180446624756
1,5.0,1,0,18,0.0,3.6346418857574463
1,5.0,1,0,19,0.0,3.5942296981811523
1,5.0,1,0,20,0.0005898835370317101,3.5605146884918213
1,5.0,1,0,21,0.0,3.4509382247924805
1,5.0,1,0,22,0.0012831605272367597,3.384486675262451
1,5.0,1,0,23,0.0013156849890947342,3.343163013458252
1,5.0,1,0,24,0.0021133036352694035,3.327901840209961
1,5.0,1,0,25,0.0,3.3543879985809326
1,5.0,1,0,26,0.0016926649259403348,3.3986873626708984
1,5.0,1,0,27,0.0025252755731344223,3.451505422592163
1,5.0,1,0,28,0.0033628330565989017,3.5021870136260986
1,5.0,1,0,29,0.003118530148640275,3.5470714569091797
1,5.0,1,0,30,0.0034577278420329094,3.5848476886749268
1,5.0,1,0,31,0.0034541264176368713,3.6123788356781006
1,5.0,1,0,32,0.0033215335570275784,3.6228790283203125
1,5.0,1,0,33,0.003450928721576929,3.6175787448883057
1,5.0,1,0,34,0.0033383499830961227,3.6055431365966797
1,5.0,1,0,35,0.003424019319936633,3.587686777114868
1,5.0,1,0,36,0.003430301556363702,3.5601847171783447
1,5.0,1,0,37,0.0035609949845820665,3.531360149383545
1,5.0,1,0,38,0.002491921419277787,3.5006210803985596
1,5.0,1,0,39,0.002675941912457347,3.46769118309021
1,5.0,1,0,40,0.0016465039225295186,3.4337615966796875
1,5.0,1,0,41,0.0,3.406742811203003
1,5.0,1,0,42,0.0006630307179875672,3.3863372802734375
1,5.0,1,0,43,0.000986976781859994,3.374986171722412
1,5.0,1,0,44,0.0026492765173316,3.3782334327697754
1,5.0,1,0,45,0.0024031875655055046,3.391883134841919
1,5.0,1,0,46,0.0018422540742903948,3.401681661605835
1,5.0,1,0,47,0.0018522904720157385,3.4012210369110107
1,5.0,1,0,48,0.003314696252346039,3.3887646198272705
1,5.0,1,0,49,0.002667945809662342,3.412484884262085
1,5.0,1,0,50,0.0,3.420736789703369
1,5.0,1,0,51,0.0,3.4331912994384766
1,5.0,1,0,52,0.0017784220399335027,3.4484410285949707
1,5.0,1,0,53,0.0013311366783455014,3.4987192153930664
1,5.0,1,0,54,0.0016781052108854055,3.5166923999786377
1,5.0,1,0,55,0.0,3.508107900619507
1,5.0,1,0,56,0.0,3.5037519931793213
1,5.0,1,0,57,0.0,3.502634048461914
1,5.0,1,0,58,0.00027959072031080723,3.5037519931793213
1,5.0,1,0,59,0.001720332889817655,3.520031452178955
1,5.0,1,0,60,0.0,3.576317071914673
1,5.0,1,0,61,0.0,3.643465995788574
1,5.0,1,0,62,0.0021181742195039988,3.71720552444458
1,5.0,1,0,63,0.004070790484547615,3.8653335571289062
1,5.0,1,0,64,0.0033070959616452456,3.9126646518707275
1,5.0,1,0,65,0.006088978610932827,3.8994295597076416
1,5.0,1,0,66,0.010001207701861858,3.795398473739624
1,5.0,1,0,67,0.004604695830494165,3.846238136291504
1,5.0,1,0,68,0.003716373583301902,3.905752182006836
1,5.0,1,0,69,0.0,3.8817129135131836
1,5.0,1,0,70,0.0,3.8626980781555176
1,5.0,1,0,71,0.0,3.8478667736053467
1,5.0,1,0,72,8.777877519605681e-05,3.835531711578369
1,5.0,1,0,73,5.726111703552306e-05,3.8425707817077637
1,5.0,1,0,74,0.0002566508774179965,3.8666505813598633
1,5.0,1,0,75,0.0014223703183233738,3.910461902618408
1,5.0,1,0,76,0.0,4.0236029624938965
1,5.0,1,0,77,0.0,4.1389570236206055
1,5.0,1,0,78,0.0,4.252292633056641
1,5.0,1,0,79,0.0,4.362509727478027
1,5.0,1,0,80,0.0007623040000908077,4.467737197875977
1,5.0,1,0,81,0.0,4.626433849334717
1,5.0,1,0,82,0.0,4.78053092956543
1,5.0,1,0,83,0.0,4.927917003631592
1,5.0,1,0,84,0.0,5.066547870635986
1,5.0,1,0,85,2.9729562811553478e-05,5.196745872497559
1,5.0,1,0,86,0.0,5.310353755950928
1,5.0,1,0,87,0.0,5.415875434875488
1,5.0,1,0,88,1.4229559383238666e-05,5.512848377227783
1,5.0,1,0,89,0.00019967021944466978,5.605912685394287
1,5.0,1,0,90,0.0008726644446142018,5.705987453460693
1,5.0,1,0,91,0.0036302392836660147,5.839356422424316
1,5.0,1,0,92,7.22548138583079e-05,6.008378982543945
1,5.0,1,0,93,0.0,6.152750492095947
1,5.0,1,0,94,0.0,6.287839412689209
1,5.0,1,0,95,0.0,6.4137420654296875
1,5.0,1,0,96,0.0,6.529906749725342
1,5.0,1,0,97,0.0,6.637375354766846
1,5.0,1,0,98,0.0,6.736388206481934
1,5.0,1,0,99,0.00038134586066007614,6.827081680297852
1,5.0,1,0,100,0.00018485049076844007,6.892956733703613
1,5.0,1,1,0,0.002798349829390645,4.993555068969727
1,5.0,1,1,1,0.002798349829390645,4.993555068969727
1,5.0,1,1,2,0.004037561360746622,4.76740026473999
1,5.0,1,1,3,0.0038589078467339277,4.710770130157471
1,5.0,1,1,4,0.0057563381269574165,4.73201322555542
1,5.0,1,1,5,0.005881007760763168,4.636584281921387
1,5.0,1,1,6,0.006332528777420521,4.62846565246582
1,5.0,1,1,7,0.006663816049695015,4.612015724182129
1,5.0,1,1,8,0.006019873078912497,4.606916427612305
1,5.0,1,1,9,0.006884243804961443,4.542173862457275
1,5.0,1,1,10,0.0063928463496267796,4.470191478729248
1,5.0,1,1,11,0.006791757419705391,4.398993015289307
1,5.0,1,1,12,0.006826088763773441,4.372734069824219
1,5.0,1,1,13,0.008003982715308666,4.380431652069092
1,5.0,1,1,14,0.005451330449432135,4.362509727478027
1,5.0,1,1,15,0.007212440017610788,4.248974800109863
1,5.0,1,1,16,0.005723587702959776,4.172134876251221
1,5.0,1,1,17,0.0058195991441607475,4.12150764465332
1,5.0,1,1,18,0.005793485324829817,4.0829339027404785
1,5.0,1,1,19,0.0064442395232617855,4.041280746459961
1,5.0,1,1,20,0.00619828375056386,3.9777870178222656
1,5.0,1,1,21,0.007718584034591913,3.934325695037842
1,5.0,1,1,22,0.009458068758249283,3.8543753623962402
1,5.0,1,1,23,0.005916718393564224,3.7945728302001953
1,5.0,1,1,24,0.006087431684136391,3.7465882301330566
1,5.0,1,1,25,0.005654812790453434,3.7236263751983643
1,5.0,1,1,26,0.005900026764720678,3.7118284702301025
1,5.0,1,1,27,0.008293512277305126,3.7121453285217285
1,5.0,1,1,28,0.005817970260977745,3.734862804412842
1,5.0,1,1,29,0.005966998636722565,3.749305009841919
1,5.0,1,1,30,0.005687030032277107,3.770033597946167
1,5.0,1,1,31,0.0027050403878092766,3.798698663711548
1,5.0,1,1,32,0.0013100283686071634,3.8877618312835693
1,5.0,1,1,33,0.002162323798984289,3.99723482131958
1,5.0,1,1,34,0.0017641102895140648,4.116087436676025
1,5.0,1,1,35,0.0010941996006295085,4.229293346405029
1,5.0,1,1,36,0.00047553921467624605,4.326082229614258
1,5.0,1,1,37,6.894965190440416e-05,4.405933380126953
1,5.0,1,1,38,0.0,4.469928741455078
1,5.0,1,1,39,0.0,4.529563903808594
1,5.0,1,1,40,0.0,4.585094928741455
1,5.0,1,1,41,0.0,4.636415481567383
1,5.0,1,1,42,0.0,4.684499263763428
1,5.0,1,1,43,1.9320703358971514e-05,4.728286266326904
1,5.0,1,1,44,0.00024237140314653516,4.773888111114502
1,5.0,1,1,45,0.000883681932464242,4.831563949584961
1,5.0,1,1,46,0.0012479543220251799,4.907999515533447
1,5.0,1,1,47,0.001550575834698975,4.98121976852417
1,5.0,1,1,48,0.0018871873617172241,5.073503494262695
1,5.0,1,1,49,0.0005663491901941597,5.155712604522705
1,5.0,1,1,50,0.0,5.214587211608887
1,5.0,1,1,51,1.0331968042009976e-05,5.26931095123291
1,5.0,1,1,52,0.00013278612459544092,5.319276332855225
1,5.0,1,1,53,0.000583689019549638,5.362788677215576
1,5.0,1,1,54,0.0016781683079898357,5.401745796203613
1,5.0,1,1,55,0.00634267320856452,5.4407124519348145
1,5.0,1,1,56,0.0050978586077690125,5.5808258056640625
1,5.0,1,1,57,0.00121965236030519,5.727038860321045
1,5.0,1,1,58,0.0031847641803324223,5.8652801513671875
1,5.0,1,1,59,0.000738694507163018,6.004201889038086
1,5.0,1,1,60,1.1154746971442364e-05,6.149499416351318
1,5.0,1,1,61,0.0021273258607834578,6.282349109649658
1,5.0,1,1,62,0.0013341649901121855,6.3676581382751465
1,5.0,1,1,63,0.0005588515195995569,6.487245559692383
1,5.0,1,1,64,0.00048127613263204694,6.607704162597656
1,5.0,1,1,65,0.0017431682208552957,6.730329513549805
1,5.0,1,1,66,0.0029750934336334467,6.892728805541992
1,5.0,1,1,67,0.0025614879559725523,7.063080787658691
1,5.0,1,1,68,0.001779415411874652,7.217163562774658
1,5.0,1,1,69,0.003142689587548375,7.357594013214111
1,5.0,1,1,70,0.0015742385294288397,7.496874809265137
1,5.0,1,1,71,0.000630210037343204,7.602457523345947
1,5.0,1,1,72,0.0005105864838697016,7.6908488273620605
1,5.0,1,1,73,0.001144843059591949,7.7667765617370605
1,5.0,1,1,74,0.003574015572667122,7.83806848526001
1,5.0,1,1,75,0.0060633146204054356,7.901520252227783
1,5.0,1,1,76,0.003915296867489815,7.994140148162842
1,5.0,1,1,77,0.003507050685584545,8.03885555267334
1,5.0,1,1,78,0.0033377495128661394,8.045202255249023
1,5.0,1,1,79,0.003583385609090328,8.02810287475586
1,5.0,1,1,80,0.0030262363143265247,7.996201992034912
1,5.0,1,1,81,0.002565270522609353,7.9837212562561035
1,5.0,1,1,82,0.0029013981111347675,7.985885143280029
1,5.0,1,1,83,0.0037864684127271175,8.00346565246582
1,5.0,1,1,84,0.0035614697262644768,8.00125789642334
1,5.0,1,1,85,0.003542152466252446,7.982442378997803
1,5.0,1,1,86,0.0037022202741354704,7.938647270202637
1,5.0,1,1,87,0.004019192419946194,7.870756149291992
1,5.0,1,1,88,0.003922030329704285,7.776424407958984
1,5.0,1,1,89,0.0027175091672688723,7.669332027435303
1,5.0,1,1,90,0.0027672704309225082,7.565507411956787
1,5.0,1,1,91,0.0029158531688153744,7.46376895904541
1,5.0,1,1,92,0.003231765702366829,7.363032341003418
1,5.0,1,1,93,0.0028864946216344833,7.261715888977051
1,5.0,1,1,94,0.002748634433373809,7.191073894500732
1,5.0,1,1,95,0.0033901191782206297,7.147345542907715
1,5.0,1,1,96,0.003045404329895973,7.115821361541748
1,5.0,1,1,97,0.0028598466888070107,7.077508449554443
1,5.0,1,1,98,0.0028320439159870148,7.033802509307861
1,5.0,1,1,99,0.0029171619098633528,6.985333442687988
1,5.0,1,1,100,0.0031531089916825294,6.932567119598389
1,5.0,1,2,0,0.004105818923562765,4.993555068969727
1,5.0,1,2,1,0.004105818923562765,4.993555068969727
1,5.0,1,2,2,0.010032651014626026,4.76740026473999
1,5.0,1,2,3,0.008704368956387043,4.657323837280273
1,5.0,1,2,4,0.006912237964570522,4.646122455596924
1,5.0,1,2,5,0.007086752913892269,4.627110958099365
1,5.0,1,2,6,0.010045304894447327,4.6381049156188965
1,5.0,1,2,7,0.010363289155066013,4.679980754852295
1,5.0,1,2,8,0.007734774611890316,4.6710991859436035
1,5.0,1,2,9,0.006615573540329933,4.625586986541748
1,5.0,1,2,10,0.008380427025258541,4.535268306732178
1,5.0,1,2,11,0.00936506874859333,4.407978057861328
1,5.0,1,2,12,0.009492076002061367,4.326082229614258
1,5.0,1,2,13,0.00781476404517889,4.252200126647949
1,5.0,1,2,14,0.00867994874715805,4.220021724700928
1,5.0,1,2,15,0.00606668833643198,4.238175392150879
1,5.0,1,2,16,0.011033333837985992,4.309752941131592
1,5.0,1,2,17,0.008136681281030178,4.382845401763916
1,5.0,1,2,18,0.006279101129621267,4.43234920501709
1,5.0,1,2,19,0.0030822870321571827,4.457818031311035
1,5.0,1,2,20,0.0029536758083850145,4.470016002655029
1,5.0,1,2,21,0.0032936190254986286,4.486112594604492
1,5.0,1,2,22,0.0022209370508790016,4.51657247543335
1,5.0,1,2,23,0.00288082892075181,4.558187484741211
1,5.0,1,2,24,0.003840216202661395,4.598830699920654
1,5.0,1,2,25,0.0026476893108338118,4.667827129364014
1,5.0,1,2,26,0.002034953562542796,4.672776222229004
1,5.0,1,2,27,0.003530469024553895,4.620417594909668
1,5.0,1,2,28,0.0034735670778900385,4.530342102050781
1,5.0,1,2,29,0.0029999653343111277,4.481569290161133
1,5.0,1,2,30,0.002721474040299654,4.435529708862305
1,5.0,1,2,31,0.002515834756195545,4.405044078826904
1,5.0,1,2,32,0.0025247172452509403,4.391506671905518
1,5.0,1,2,33,0.0027735307812690735,4.394181728363037
1,5.0,1,2,34,0.0031312117353081703,4.412330150604248
1,5.0,1,2,35,0.003402009140700102,4.426954746246338
1,5.0,1,2,36,0.0043236748315393925,4.457730293273926
1,5.0,1,2,37,0.0030436941888183355,4.511017799377441
1,5.0,1,2,38,0.0032403324730694294,4.492743968963623
1,5.0,1,2,39,0.0044297100976109505,4.412418842315674
1,5.0,1,2,40,0.004077801946550608,4.362330436706543
1,5.0,1,2,41,0.004342370666563511,4.323908805847168
1,5.0,1,2,42,0.004787086509168148,4.281667709350586
1,5.0,1,2,43,0.004647861700505018,4.235124111175537
1,5.0,1,2,44,0.0032973862253129482,4.202442646026611
1,5.0,1,2,45,0.0033222052734345198,4.1661224365234375
1,5.0,1,2,46,0.003198783379048109,4.129862308502197
1,5.0,1,2,47,0.003171999240294099,4.133464813232422
1,5.0,1,2,48,0.0031159021891653538,4.174012184143066
1,5.0,1,2,49,0.0029584455769509077,4.199832439422607
1,5.0,1,2,50,0.002884889952838421,4.211566925048828
1,5.0,1,2,51,0.0028787844348698854,4.210636615753174
1,5.0,1,2,52,0.002929879119619727,4.197966575622559
1,5.0,1,2,53,0.0030294652096927166,4.175325393676758
1,5.0,1,2,54,0.0031553145963698626,4.143969535827637
1,5.0,1,2,55,0.002942883176729083,4.1110405921936035
1,5.0,1,2,56,0.0032025687396526337,4.119131088256836
1,5.0,1,2,57,0.003161844564601779,4.163488864898682
1,5.0,1,2,58,0.00303652067668736,4.192551136016846
1,5.0,1,2,59,0.0030276882462203503,4.204026699066162
1,5.0,1,2,60,0.0031454982236027718,4.197966575622559
1,5.0,1,2,61,0.004689500667154789,4.177013874053955
1,5.0,1,2,62,0.004574311897158623,4.168190002441406
1,5.0,1,2,63,0.004621957428753376,4.1478424072265625
1,5.0,1,2,64,0.004557304084300995,4.131853103637695
1,5.0,1,2,65,0.00450735492631793,4.120747089385986
1,5.0,1,2,66,0.0044835819862782955,4.115611553192139
1,5.0,1,2,67,0.004489168059080839,4.115992069244385
1,5.0,1,2,68,0.004517481662333012,4.121317386627197
1,5.0,1,2,69,0.004552473779767752,4.129672527313232
1,5.0,1,2,70,0.004580226726830006,4.138767242431641
1,5.0,1,2,71,0.004601582419127226,4.146709442138672
1,5.0,1,2,72,0.004508001264184713,4.1518073081970215
1,5.0,1,2,73,0.004528434947133064,4.140092372894287
1,5.0,1,2,74,0.004629429429769516,4.112755298614502
1,5.0,1,2,75,0.004623216111212969,4.087440490722656
1,5.0,1,2,76,0.004618873354047537,4.0654377937316895
1,5.0,1,2,77,0.004611528478562832,4.049316883087158
1,5.0,1,2,78,0.004620502237230539,4.038178443908691
1,5.0,1,2,79,0.004644838627427816,4.032548904418945
1,5.0,1,2,80,0.003466377267614007,4.030605792999268
1,5.0,1,2,81,0.003450307296589017,4.022922039031982
1,5.0,1,2,82,0.003462268505245447,4.009268760681152
1,5.0,1,2,83,0.0034983684308826923,3.989781379699707
1,5.0,1,2,84,0.0035493008326739073,3.965559482574463
1,5.0,1,2,85,0.0032605789601802826,3.938504457473755
1,5.0,1,2,86,0.004576382227241993,3.9574522972106934
1,5.0,1,2,87,0.004625142086297274,3.980346202850342
1,5.0,1,2,88,0.00465946551412344,4.006629943847656
1,5.0,1,2,89,0.004553275648504496,4.030216693878174
1,5.0,1,2,90,0.004274160135537386,4.064280986785889
1,5.0,1,2,91,0.004798655863851309,4.0331315994262695
1,5.0,1,2,92,0.0032334153074771166,4.0034027099609375
1,5.0,1,2,93,0.0033349129371345043,3.9574522972106934
1,5.0,1,2,94,0.0034008941147476435,3.9082579612731934
1,5.0,1,2,95,0.0030386201106011868,3.859959602355957
1,5.0,1,2,96,0.002937257057055831,3.8276612758636475
1,5.0,1,2,97,0.002901484491303563,3.80734920501709
1,5.0,1,2,98,0.002919696969911456,3.7962236404418945
1,5.0,1,2,99,0.0030312244780361652,3.7771942615509033
1,5.0,1,2,100,0.0057778190821409225,3.7452290058135986
1,5.0,2,0,0,0.0012307546567171812,4.993555068969727
1,5.0,2,0,1,0.0012307546567171812,4.993555068969727
1,5.0,2,0,2,0.0033927075564861298,4.76740026473999
1,5.0,2,0,3,0.003578280098736286,4.762877941131592
1,5.0,2,0,4,0.003049304708838463,4.7841362953186035
1,5.0,2,0,5,0.003068959340453148,4.76723575592041
1,5.0,2,0,6,0.002614968456327915,4.7414422035217285
1,5.0,2,0,7,0.003271539928391576,4.635316371917725
1,5.0,2,0,8,0.0039072344079613686,4.515444755554199
1,5.0,2,0,9,0.003924035467207432,4.3916850090026855
1,5.0,2,0,10,0.005240457598119974,4.2797465324401855
1,5.0,2,0,11,0.006181097589433193,4.1854448318481445
1,5.0,2,0,12,0.005601187702268362,4.148975849151611
1,5.0,2,0,13,0.006377564277499914,4.130146503448486
1,5.0,2,0,14,0.003306089900434017,4.142362117767334
1,5.0,2,0,15,0.0023566726595163345,4.135169506072998
1,5.0,2,0,16,0.0020664501935243607,4.142551422119141
1,5.0,2,0,17,0.0028024527709931135,4.1663103103637695
1,5.0,2,0,18,0.0026173738297075033,4.234199047088623
1,5.0,2,0,19,0.0010718461126089096,4.284046173095703
1,5.0,2,0,20,0.0013385576894506812,4.266179084777832
1,5.0,2,0,21,0.0027745512779802084,4.191523551940918
1,5.0,2,0,22,0.0014717624289914966,4.112184047698975
1,5.0,2,0,23,0.0011971571948379278,4.063124656677246
1,5.0,2,0,24,0.0014798312913626432,4.020000457763672
1,5.0,2,0,25,0.0020694711711257696,3.965855598449707
1,5.0,2,0,26,0.0033722762018442154,3.909961223602295
1,5.0,2,0,27,0.0033329371362924576,3.848477602005005
1,5.0,2,0,28,0.0030793475452810526,3.802408456802368
1,5.0,2,0,29,0.0025127448607236147,3.7735636234283447
1,5.0,2,0,30,0.001876908470876515,3.7560882568359375
1,5.0,2,0,31,0.0017151556676253676,3.7421956062316895
1,5.0,2,0,32,0.0021743939723819494,3.7304561138153076
1,5.0,2,0,33,0.0023007988929748535,3.7123560905456543
1,5.0,2,0,34,0.0024976544082164764,3.6892876625061035
1,5.0,2,0,35,0.0028061470948159695,3.6622273921966553
1,5.0,2,0,36,0.0033631636761128902,3.632594108581543
1,5.0,2,0,37,0.0031402779277414083,3.6081488132476807
1,5.0,2,0,38,0.004713783040642738,3.5924859046936035
1,5.0,2,0,39,0.007801684085279703,3.5710575580596924
1,5.0,2,0,40,0.008066926151514053,3.5445313453674316
1,5.0,2,0,41,0.007884019985795021,3.5278100967407227
1,5.0,2,0,42,0.0028226037975400686,3.5262556076049805
1,5.0,2,0,43,0.0018067883793264627,3.5311384201049805
1,5.0,2,0,44,0.0013167689321562648,3.539999008178711
1,5.0,2,0,45,0.0009219840285368264,3.560734748840332
1,5.0,2,0,46,0.0028878396842628717,3.5997817516326904
1,5.0,2,0,47,0.0029992256313562393,3.664578914642334
1,5.0,2,0,48,0.0019376181298866868,3.7160465717315674
1,5.0,2,0,49,0.0,3.7815463542938232
1,5.0,2,0,50,0.0013099705101922154,3.8480703830718994
1,5.0,2,0,51,0.0,4.014052391052246
1,5.0,2,0,52,0.0,4.1896538734436035
1,5.0,2,0,53,0.0,4.366907596588135
1,5.0,2,0,54,0.0,4.541310787200928
1,5.0,2,0,55,0.0010152340400964022,4.709023475646973
1,5.0,2,0,56,0.0,4.874997138977051
1,5.0,2,0,57,0.00027152220718562603,5.031702518463135
1,5.0,2,0,58,0.0011694938875734806,5.149628639221191
1,5.0,2,0,59,0.001143706846050918,5.230644226074219
1,5.0,2,0,60,0.001218260731548071,5.292760848999023
1,5.0,2,0,61,0.00157595903147012,5.321559906005859
1,5.0,2,0,62,0.0017569982446730137,5.317434310913086
1,5.0,2,0,63,0.001679083565250039,5.303708076477051
1,5.0,2,0,64,0.0013404638739302754,5.328698635101318
1,5.0,2,0,65,0.001526799751445651,5.388088226318359
1,5.0,2,0,66,0.0019465850200504065,5.4790449142456055
1,5.0,2,0,67,0.0,5.5416388511657715
1,5.0,2,0,68,0.0006398785044439137,5.599056720733643
1,5.0,2,0,69,0.0023453906178474426,5.657418251037598
1,5.0,2,0,70,0.002593398792669177,5.732238292694092
1,5.0,2,0,71,0.0030159743037074804,5.822751045227051
1,5.0,2,0,72,0.0029486077837646008,5.895480155944824
1,5.0,2,0,73,0.0027697919867932796,5.957134246826172
1,5.0,2,0,74,0.002600259380415082,5.995641231536865
1,5.0,2,0,75,0.0023028783034533262,6.011510372161865
1,5.0,2,0,76,0.0025830641388893127,5.98405647277832
1,5.0,2,0,77,0.0028443485498428345,5.91373872756958
1,5.0,2,0,78,0.002989014843478799,5.832370281219482
1,5.0,2,0,79,0.0029952286276966333,5.754693031311035
1,5.0,2,0,80,0.0028720872942358255,5.705437660217285
1,5.0,2,0,81,0.002917288802564144,5.675265789031982
1,5.0,2,0,82,0.0031363239977508783,5.663166046142578
1,5.0,2,0,83,0.003073771484196186,5.6570024490356445
1,5.0,2,0,84,0.0018245859537273645,5.631167411804199
1,5.0,2,0,85,0.0018556852592155337,5.620716571807861
1,5.0,2,0,86,0.002508202102035284,5.608010292053223
1,5.0,2,0,87,0.002590194810181856,5.598916530609131
1,5.0,2,0,88,0.002748662605881691,5.587914943695068
1,5.0,2,0,89,0.001441526459529996,5.546799659729004
1,5.0,2,0,90,0.0014673728728666902,5.510572910308838
1,5.0,2,0,91,0.00029713366529904306,5.476898670196533
1,5.0,2,0,92,0.0003285764541942626,5.4461846351623535
1,5.0,2,0,93,0.0003639008500613272,5.417684555053711
1,5.0,2,0,94,0.0004039885534439236,5.391506195068359
1,5.0,2,0,95,0.00046267372090369463,5.367537021636963
1,5.0,2,0,96,0.0005515422089956701,5.344854354858398
1,5.0,2,0,97,0.0006707540596835315,5.324504852294922
1,5.0,2,0,98,0.0008258338202722371,5.305185794830322
1,5.0,2,0,99,0.0010325561743229628,5.287945747375488
1,5.0,2,0,100,0.00129720161203295,5.273176670074463
1,5.0,2,1,0,0.006291905418038368,4.993555068969727
1,5.0,2,1,1,0.006291905418038368,4.993555068969727
1,5.0,2,1,2,0.006930362433195114,4.76740026473999
1,5.0,2,1,3,0.005751957651227713,4.653284072875977
1,5.0,2,1,4,0.009959300979971886,4.560421466827393
1,5.0,2,1,5,0.00932079367339611,4.489342212677002
1,5.0,2,1,6,0.008836450055241585,4.42686653137207
1,5.0,2,1,7,0.00879016611725092,4.360354423522949
1,5.0,2,1,8,0.007955593056976795,4.286787986755371
1,5.0,2,1,9,0.0057533374056220055,4.207286357879639
1,5.0,2,1,10,0.00643288204446435,4.134696006774902
1,5.0,2,1,11,0.0077469851821660995,4.11180305480957
1,5.0,2,1,12,0.008860546164214611,4.099209785461426
1,5.0,2,1,13,0.012273336760699749,4.101311683654785
1,5.0,2,1,14,0.008989001624286175,4.116467475891113
1,5.0,2,1,15,0.008240800350904465,4.067652702331543
1,5.0,2,1,16,0.00881197303533554,3.9783778190612793
1,5.0,2,1,17,0.008825714699923992,3.8969180583953857
1,5.0,2,1,18,0.00633654510602355,3.8189544677734375
1,5.0,2,1,19,0.007355148438364267,3.7749125957489014
1,5.0,2,1,20,0.010307430289685726,3.697028398513794
1,5.0,2,1,21,0.005766088608652353,3.6341030597686768
1,5.0,2,1,22,0.006622467190027237,3.59041428565979
1,5.0,2,1,23,0.002526635304093361,3.5569934844970703
1,5.0,2,1,24,0.0029507477302104235,3.5541298389434814
1,5.0,2,1,25,0.009577752090990543,3.595536947250366
1,5.0,2,1,26,0.00864883977919817,3.6786577701568604
1,5.0,2,1,27,0.02378801628947258,3.837369203567505
1,5.0,2,1,28,0.009447135962545872,4.041571140289307
1,5.0,2,1,29,0.007384504657238722,4.174012184143066
1,5.0,2,1,30,0.0075019849464297295,4.2604827880859375
1,5.0,2,1,31,0.0073938677087426186,4.301565170288086
1,5.0,2,1,32,0.007248267997056246,4.314295291900635
1,5.0,2,1,33,0.00773564912378788,4.288980484008789
1,5.0,2,1,34,0.008475699461996555,4.209892749786377
1,5.0,2,1,35,0.014470414258539677,4.08216667175293
1,5.0,2,1,36,0.012730574235320091,3.9132652282714844
1,5.0,2,1,37,0.012804310768842697,3.823259115219116
1,5.0,2,1,38,0.012170513160526752,3.7851693630218506
1,5.0,2,1,39,0.010270906612277031,3.751497745513916
1,5.0,2,1,40,0.011143529787659645,3.7411487102508545
1,5.0,2,1,41,0.01467391848564148,3.7616100311279297
1,5.0,2,1,42,0.017175497487187386,3.829502820968628
1,5.0,2,1,43,0.007489951327443123,4.002326488494873
1,5.0,2,1,44,0.0025124771054834127,4.163112163543701
1,5.0,2,1,45,0.0032419494818896055,4.317562580108643
1,5.0,2,1,46,0.001555312075652182,4.523506164550781
1,5.0,2,1,47,0.0033751430455595255,4.736151218414307
1,5.0,2,1,48,0.002330938819795847,4.9498138427734375
1,5.0,2,1,49,0.003368744160979986,5.141251087188721
1,5.0,2,1,50,0.004596142563968897,5.330389976501465
1,5.0,2,1,51,0.00920732133090496,5.517183780670166
1,5.0,2,1,52,0.007197531405836344,5.651941776275635
1,5.0,2,1,53,0.006501350086182356,5.788923263549805
1,5.0,2,1,54,0.006429529283195734,5.921092987060547
1,5.0,2,1,55,0.00584540655836463,5.9916510581970215
1,5.0,2,1,56,0.005563105922192335,6.007726669311523
1,5.0,2,1,57,0.005806411616504192,6.0233683586120605
1,5.0,2,1,58,0.005459765437990427,6.018810749053955
1,5.0,2,1,59,0.005923174787312746,5.968442916870117
1,5.0,2,1,60,0.006751269567757845,5.877298355102539
1,5.0,2,1,61,0.0072965240105986595,5.800896644592285
1,5.0,2,1,62,0.00810664426535368,5.739141464233398
1,5.0,2,1,63,0.008506803773343563,5.635342597961426
1,5.0,2,1,64,0.009758002124726772,5.500036239624023
1,5.0,2,1,65,0.0048936503008008,5.372281074523926
1,5.0,2,1,66,0.005039855372160673,5.255161285400391
1,5.0,2,1,67,0.003242734121158719,5.147726058959961
1,5.0,2,1,68,0.001752696931362152,5.04414701461792
1,5.0,2,1,69,0.0017035040073096752,4.9517927169799805
1,5.0,2,1,70,0.0028398376889526844,4.870977401733398
1,5.0,2,1,71,0.0019239914836362004,4.793054103851318
1,5.0,2,1,72,0.003224165178835392,4.706693172454834
1,5.0,2,1,73,0.0020619481801986694,4.619993686676025
1,5.0,2,1,74,0.0017686544451862574,4.550446033477783
1,5.0,2,1,75,0.0018633361905813217,4.495620250701904
1,5.0,2,1,76,0.0030854344367980957,4.439414024353027
1,5.0,2,1,77,0.00034937626332975924,4.3581976890563965
1,5.0,2,1,78,0.001760156825184822,4.310116767883301
1,5.0,2,1,79,0.0025118414778262377,4.266454219818115
1,5.0,2,1,80,0.005689357873052359,4.218536376953125
1,5.0,2,1,81,0.0064764805138111115,4.162736415863037
1,5.0,2,1,82,0.015707695856690407,4.083126068115234
1,5.0,2,1,83,0.014555979520082474,3.9406919479370117
1,5.0,2,1,84,0.012751700356602669,3.918665885925293
1,5.0,2,1,85,0.014621380716562271,3.9475433826446533
1,5.0,2,1,86,0.019329968839883804,4.057047367095947
1,5.0,2,1,87,0.016291916370391846,4.089643955230713
1,5.0,2,1,88,0.020900093019008636,4.035655498504639
1,5.0,2,1,89,0.014859924092888832,3.960618257522583
1,5.0,2,1,90,0.015220459550619125,3.9666454792022705
1,5.0,2,1,91,0.020994393154978752,4.039535999298096
1,5.0,2,1,92,0.013296648859977722,4.115230560302734
1,5.0,2,1,93,0.0127730593085289,4.120367527008057
1,5.0,2,1,94,0.01961621269583702,4.084085464477539
1,5.0,2,1,95,0.01586885377764702,3.9975290298461914
1,5.0,2,1,96,0.0135338194668293,3.998802423477173
1,5.0,2,1,97,0.020708303898572922,4.05521297454834
1,5.0,2,1,98,0.008649960160255432,4.150674343109131
1,5.0,2,1,99,0.00570644112303853,4.209054946899414
1,5.0,2,1,100,0.0028937344904989004,4.251002311706543
1,5.0,2,2,0,0.008756707422435284,4.993555068969727
1,5.0,2,2,1,0.008756707422435284,4.993555068969727
1,5.0,2,2,2,0.015234743244946003,4.76740026473999
1,5.0,2,2,3,0.014292138628661633,4.65370512008667
1,5.0,2,2,4,0.014647911302745342,4.543725967407227
1,5.0,2,2,5,0.015562029555439949,4.419072151184082
1,5.0,2,2,6,0.017453350126743317,4.270033359527588
1,5.0,2,2,7,0.02098407968878746,4.101406574249268
1,5.0,2,2,8,0.020708156749606133,3.934922933578491
1,5.0,2,2,9,0.020176734775304794,3.8324670791625977
1,5.0,2,2,10,0.020704716444015503,3.7336044311523438
1,5.0,2,2,11,0.021488007158041,3.6585898399353027
1,5.0,2,2,12,0.019352512434124947,3.6159543991088867
1,5.0,2,2,13,0.011123014613986015,3.598367691040039
1,5.0,2,2,14,0.004637831822037697,3.6185529232025146
1,5.0,2,2,15,0.021046459674835205,3.711300849914551
1,5.0,2,2,16,0.01969386450946331,3.8642184734344482
1,5.0,2,2,17,0.023489294573664665,3.974634885787964
1,5.0,2,2,18,0.02856644056737423,4.012198448181152
1,5.0,2,2,19,0.030583390966057777,4.015613555908203
1,5.0,2,2,20,0.03177537024021149,3.981330394744873
1,5.0,2,2,21,0.038137275725603104,3.9340274333953857
1,5.0,2,2,22,0.04193820431828499,3.861886978149414
1,5.0,2,2,23,0.043592069298028946,3.7650442123413086
1,5.0,2,2,24,0.04426034912467003,3.760776996612549
1,5.0,2,2,25,0.042304642498493195,3.817211151123047
1,5.0,2,2,26,0.033251695334911346,3.8566102981567383
1,5.0,2,2,27,0.022836726158857346,3.8564069271087646
1,5.0,2,2,28,0.025145258754491806,3.8135154247283936
1,5.0,2,2,29,0.013515775091946125,3.7690982818603516
1,5.0,2,2,30,0.0011200266890227795,3.774082660675049
1,5.0,2,2,31,0.0009023583261296153,3.803849935531616
1,5.0,2,2,32,9.609753760742024e-05,3.8550865650177
1,5.0,2,2,33,0.00038470703293569386,3.9097609519958496
1,5.0,2,2,34,0.001364806666970253,3.967237949371338
1,5.0,2,2,35,0.001447340240702033,4.027981281280518
1,5.0,2,2,36,0.00480846781283617,4.090984344482422
1,5.0,2,2,37,0.004602639935910702,4.143685817718506
1,5.0,2,2,38,0.004768965300172567,4.188999652862549
1,5.0,2,2,39,0.005457785911858082,4.226884841918945
1,5.0,2,2,40,0.006493744906038046,4.256711483001709
1,5.0,2,2,41,0.006869865115731955,4.286148548126221
1,5.0,2,2,42,0.005111196078360081,4.309935092926025
1,5.0,2,2,43,0.0062950290739536285,4.333500862121582
1,5.0,2,2,44,0.007617334369570017,4.35280179977417
1,5.0,2,2,45,0.007394857704639435,4.37130069732666
1,5.0,2,2,46,0.009340747259557247,4.400595664978027
1,5.0,2,2,47,0.008663100190460682,4.430934906005859
1,5.0,2,2,48,0.008471382781863213,4.46966552734375
1,5.0,2,2,49,0.01007662620395422,4.4998884201049805
1,5.0,2,2,50,0.00990436039865017,4.5240254402160645
1,5.0,2,2,51,0.010028836317360401,4.546483993530273
1,5.0,2,2,52,0.011054813861846924,4.56213903427124
1,5.0,2,2,53,0.010796304792165756,4.560765266418457
1,5.0,2,2,54,0.008555891923606396,4.528785705566406
1,5.0,2,2,55,0.008824093267321587,4.495969295501709
1,5.0,2,2,56,0.008939370512962341,4.464491844177246
1,5.0,2,2,57,0.009252222254872322,4.431465148925781
1,5.0,2,2,58,0.006330460775643587,4.396320819854736
1,5.0,2,2,59,0.00755048543214798,4.37730073928833
1,5.0,2,2,60,0.007771061267703772,4.376316070556641
1,5.0,2,2,61,0.006998033728450537,4.372823715209961
1,5.0,2,2,62,0.0065139527432620525,4.365830898284912
1,5.0,2,2,63,0.006247910670936108,4.352441787719727
1,5.0,2,2,64,0.004593326710164547,4.334223747253418
1,5.0,2,2,65,0.005047409795224667,4.314113616943359
1,5.0,2,2,66,0.005792465526610613,4.291719436645508
1,5.0,2,2,67,0.004414396360516548,4.275075912475586
1,5.0,2,2,68,0.004363116808235645,4.268474102020264
1,5.0,2,2,69,0.004163560923188925,4.2616777420043945
1,5.0,2,2,70,0.005453790072351694,4.250726222991943
1,5.0,2,2,71,0.0074379295110702515,4.224010944366455
1,5.0,2,2,72,0.008379042148590088,4.167156219482422
1,5.0,2,2,73,0.005191707517951727,4.129387855529785
1,5.0,2,2,74,0.006476986687630415,4.0815911293029785
1,5.0,2,2,75,0.00390887726098299,4.022337913513184
1,5.0,2,2,76,0.00727110356092453,3.947146415710449
1,5.0,2,2,77,0.0066310940310359,3.883931875228882
1,5.0,2,2,78,0.005263037979602814,3.850308895111084
1,5.0,2,2,79,0.006920758634805679,3.8352253437042236
1,5.0,2,2,80,0.0036068183835595846,3.8337955474853516
1,5.0,2,2,81,0.0034724357537925243,3.8346126079559326
1,5.0,2,2,82,0.003533633891493082,3.838695764541626
1,5.0,2,2,83,0.003745424561202526,3.8439974784851074
1,5.0,2,2,84,0.005263574421405792,3.8523426055908203
1,5.0,2,2,85,0.00549602136015892,3.872823715209961
1,5.0,2,2,86,0.005412302911281586,3.9360179901123047
1,5.0,2,2,87,0.00430351123213768,4.002424240112305
1,5.0,2,2,88,0.0032889568246901035,4.036819934844971
1,5.0,2,2,89,0.0031535490415990353,4.054439544677734
1,5.0,2,2,90,0.0033025089651346207,4.066689491271973
1,5.0,2,2,91,0.003701593028381467,4.073906898498535
1,5.0,2,2,92,0.0014267528895288706,4.085811138153076
1,5.0,2,2,93,0.0009260560036636889,4.094620704650879
1,5.0,2,2,94,0.0008672182448208332,4.111516952514648
1,5.0,2,2,95,0.0009013050002977252,4.133938312530518
1,5.0,2,2,96,0.0012752092443406582,4.161041736602783
1,5.0,2,2,97,0.0011979329865425825,4.183104515075684
1,5.0,2,2,98,0.0012271355371922255,4.200204849243164
1,5.0,2,2,99,0.001391036668792367,4.2136125564575195
1,5.0,2,2,100,0.00375129166059196,4.22493839263916
2,1.0,1,0,0,0.023316271603107452,1.000146508216858
2,1.0,1,0,1,0.023316271603107452,1.000146508216858
2,1.0,1,0,2,0.0632023960351944,0.6318004727363586
2,1.0,1,0,3,0.29539182782173157,0.1557663530111313
2,1.0,1,0,4,0.10626775026321411,0.41684067249298096
2,1.0,1,0,5,0.059013839811086655,0.5510743856430054
2,1.0,1,0,6,0.040418840944767,0.6943615674972534
2,1.0,1,0,7,0.03202972188591957,0.8704313039779663
2,1.0,1,0,8,0.02224307507276535,1.0358988046646118
2,1.0,1,0,9,0.01708289422094822,1.1426095962524414
2,1.0,1,0,10,0.01597040705382824,1.237013578414917
2,1.0,1,0,11,0.016728689894080162,1.3008577823638916
2,1.0,1,0,12,0.015489139594137669,1.3431919813156128
2,1.0,1,0,13,0.01641807146370411,1.3751546144485474
2,1.0,1,0,14,0.01564028486609459,1.4030479192733765
2,1.0,1,0,15,0.015651440247893333,1.4024899005889893
2,1.0,1,0,16,0.015872148796916008,1.3816851377487183
2,1.0,1,0,17,0.01712341606616974,1.3434832096099854
2,1.0,1,0,18,0.017089011147618294,1.3113455772399902
2,1.0,1,0,19,0.021912556141614914,1.289374589920044
2,1.0,1,0,20,0.023934246972203255,1.2697995901107788
2,1.0,1,0,21,0.025413112714886665,1.2496049404144287
2,1.0,1,0,22,0.02919437736272812,1.2297152280807495
2,1.0,1,0,23,0.029403913766145706,1.209822177886963
2,1.0,1,0,24,0.03073783591389656,1.168351173400879
2,1.0,1,0,25,0.023768391460180283,1.113114833831787
2,1.0,1,0,26,0.023704158142209053,1.0751999616622925
2,1.0,1,0,27,0.02521907538175583,1.052390694618225
2,1.0,1,0,28,0.02868562936782837,1.0430521965026855
2,1.0,1,0,29,0.025495009496808052,1.049038290977478
2,1.0,1,0,30,0.020787501707673073,1.0744718313217163
2,1.0,1,0,31,0.021154174581170082,1.1225676536560059
2,1.0,1,0,32,0.018483003601431847,1.2030096054077148
2,1.0,1,0,33,0.00988604687154293,1.3173011541366577
2,1.0,1,0,34,0.009802273474633694,1.4323115348815918
2,1.0,1,0,35,0.006185402162373066,1.5428154468536377
2,1.0,1,0,36,0.0026998233515769243,1.6742112636566162
2,1.0,1,0,37,0.0014751439448446035,1.8187609910964966
2,1.0,1,0,38,0.0009873893577605486,1.9622406959533691
2,1.0,1,0,39,0.0006021513254381716,2.0882537364959717
2,1.0,1,0,40,0.00035193562507629395,2.1982011795043945
2,1.0,1,0,41,0.0021063925232738256,2.2938811779022217
2,1.0,1,0,42,8.600215369369835e-05,2.3784983158111572
2,1.0,1,0,43,0.0,2.451920509338379
2,1.0,1,0,44,0.0,2.519482374191284
2,1.0,1,0,45,0.0,2.5808846950531006
2,1.0,1,0,46,0.0,2.6371524333953857
2,1.0,1,0,47,0.0,2.688462018966675
2,1.0,1,0,48,0.0,2.7352354526519775
2,1.0,1,0,49,0.0,2.7779831886291504
2,1.0,1,0,50,0.0,2.8168888092041016
2,1.0,1,0,51,0.0,2.8522465229034424
2,1.0,1,0,52,0.0,2.884594202041626
2,1.0,1,0,53,0.0,2.9138975143432617
2,1.0,1,0,54,0.0,2.9407799243927
2,1.0,1,0,55,0.0,2.9649109840393066
2,1.0,1,0,56,0.0,2.9870128631591797
2,1.0,1,0,57,0.0,3.00700044631958
2,1.0,1,0,58,0.0,3.025432825088501
2,1.0,1,0,59,0.0,3.041952133178711
2,1.0,1,0,60,0.0,3.056974172592163
2,1.0,1,0,61,0.0,3.070647716522217
2,1.0,1,0,62,0.0,3.083118200302124
2,1.0,1,0,63,0.0,3.0943996906280518
2,1.0,1,0,64,0.0,3.1046319007873535
2,1.0,1,0,65,0.0,3.11395001411438
2,1.0,1,0,66,0.0,3.1223628520965576
2,1.0,1,0,67,0.0,3.1298775672912598
2,1.0,1,0,68,0.0,3.1368753910064697
2,1.0,1,0,69,0.0,3.1432344913482666
2,1.0,1,0,70,0.0,3.1489593982696533
2,1.0,1,0,71,0.0,3.15417742729187
2,1.0,1,0,72,0.0,3.158890724182129
2,1.0,1,0,73,0.0,3.163102149963379
2,1.0,1,0,74,0.0,3.166813611984253
2,1.0,1,0,75,0.0,3.170520544052124
2,1.0,1,0,76,0.0,3.1736063957214355
2,1.0,1,0,77,0.0,3.1765661239624023
2,1.0,1,0,78,0.0,3.1791534423828125
2,1.0,1,0,79,0.0,3.181492567062378
2,1.0,1,0,80,0.0,3.183583974838257
2,1.0,1,0,81,0.0,3.185551404953003
2,1.0,1,0,82,0.0,3.1872715950012207
2,1.0,1,0,83,0.0,3.1888680458068848
2,1.0,1,0,84,0.0,3.190218448638916
2,1.0,1,0,85,0.0,3.1914455890655518
2,1.0,1,0,86,0.0,3.1927947998046875
2,1.0,1,0,87,0.0,3.1938982009887695
2,1.0,1,0,88,0.0,3.1948788166046143
2,1.0,1,0,89,0.0,3.1956140995025635
2,1.0,1,0,90,0.0,3.196471691131592
2,1.0,1,0,91,0.0,3.197206735610962
2,1.0,1,0,92,0.0,3.1978187561035156
2,1.0,1,0,93,0.0,3.1985535621643066
2,1.0,1,0,94,0.0,3.199043035507202
2,1.0,1,0,95,0.0,3.1995325088500977
2,1.0,1,0,96,0.0,3.199899673461914
2,1.0,1,0,97,0.0,3.2002668380737305
2,1.0,1,0,98,0.0,3.2006337642669678
2,1.0,1,0,99,0.0,3.201000928878784
2,1.0,1,0,100,0.0,3.2013678550720215
2,1.0,1,1,0,0.05535916984081268,1.000146508216858
2,1.0,1,1,1,0.05535916984081268,1.000146508216858
2,1.0,1,1,2,0.11828380823135376,0.6318004727363586
2,1.0,1,1,3,0.32382118701934814,0.18767184019088745
2,1.0,1,1,4,0.2094378024339676,0.46055179834365845
2,1.0,1,1,5,0.15730561316013336,0.6019843220710754
2,1.0,1,1,6,0.18611545860767365,0.5774299502372742
2,1.0,1,1,7,0.36664319038391113,0.4387945830821991
2,1.0,1,1,8,0.2547611594200134,0.35387781262397766
2,1.0,1,1,9,0.1543988585472107,0.4869846701622009
2,1.0,1,1,10,0.12869471311569214,0.5954477787017822
2,1.0,1,1,11,0.125139519572258,0.6869955658912659
2,1.0,1,1,12,0.1347605586051941,0.7758166790008545
2,1.0,1,1,13,0.16771583259105682,0.869081437587738
2,1.0,1,1,14,0.2799740135669708,0.9699515700340271
2,1.0,1,1,15,0.37993597984313965,1.135738492012024
2,1.0,1,1,16,0.22243371605873108,1.2820689678192139
2,1.0,1,1,17,0.20316363871097565,1.368307113647461
2,1.0,1,1,18,0.23035958409309387,1.4155449867248535
2,1.0,1,1,19,0.21222497522830963,1.504281759262085
2,1.0,1,1,20,0.12878943979740143,1.680511474609375
2,1.0,1,1,21,0.04807652160525322,1.8592005968093872
2,1.0,1,1,22,0.011007712222635746,2.0206167697906494
2,1.0,1,1,23,0.003504940075799823,2.1688008308410645
2,1.0,1,1,24,0.00027343162219040096,2.304776668548584
2,1.0,1,1,25,7.933853339636698e-05,2.4276931285858154
2,1.0,1,1,26,1.1716228982550092e-05,2.539292573928833
2,1.0,1,1,27,0.0,2.6405646800994873
2,1.0,1,1,28,0.0,2.7329442501068115
2,1.0,1,1,29,0.0,2.817166566848755
2,1.0,1,1,30,0.0,2.8940792083740234
2,1.0,1,1,31,0.0,2.9642508029937744
2,1.0,1,1,32,0.0,3.0282785892486572
2,1.0,1,1,33,0.0,3.086544990539551
2,1.0,1,1,34,0.0,3.139744758605957
2,1.0,1,1,35,0.0,3.1880085468292236
2,1.0,1,1,36,0.0,3.232405185699463
2,1.0,1,1,37,0.0,3.272374391555786
2,1.0,1,1,38,0.0,3.309022903442383
2,1.0,1,1,39,0.0,3.3424599170684814
2,1.0,1,1,40,0.0,3.372781276702881
2,1.0,1,1,41,0.0,3.4005303382873535
2,1.0,1,1,42,0.0,3.4255411624908447
2,1.0,1,1,43,0.0,3.4484410285949707
2,1.0,1,1,44,0.0,3.469271659851074
2,1.0,1,1,45,0.0,3.488294839859009
2,1.0,1,1,46,0.0,3.505539655685425
2,1.0,1,1,47,0.0,3.5212550163269043
2,1.0,1,1,48,0.0,3.535571575164795
2,1.0,1,1,49,0.0,3.548395872116089
2,1.0,1,1,50,0.0,3.5601847171783447
2,1.0,1,1,51,0.0,3.5709478855133057
2,1.0,1,1,52,0.0,3.5806941986083984
2,1.0,1,1,53,0.0,3.5895416736602783
2,1.0,1,1,54,0.0,3.5976054668426514
2,1.0,1,1,55,0.0,3.604891300201416
2,1.0,1,1,56,0.0,3.611511468887329
2,1.0,1,1,57,0.0,3.6175787448883057
2,1.0,1,1,58,0.0,3.6230955123901367
2,1.0,1,1,59,0.0,3.627955913543701
2,1.0,1,1,60,0.0,3.632486581802368
2,1.0,1,1,61,0.0,3.6365807056427
2,1.0,1,1,62,0.0,3.640347719192505
2,1.0,1,1,63,0.0,3.643465995788574
2,1.0,1,1,64,0.0,3.646688938140869
2,1.0,1,1,65,0.0,3.649480104446411
2,1.0,1,1,66,0.0,3.651947498321533
2,1.0,1,1,67,0.0,3.654198408126831
2,1.0,1,1,68,0.0,3.6563408374786377
2,1.0,1,1,69,0.0,3.6581616401672363
2,1.0,1,1,70,0.0,3.6598739624023438
2,1.0,1,1,71,0.0,3.6613714694976807
2,1.0,1,1,72,0.0,3.6628684997558594
2,1.0,1,1,73,0.0,3.664151191711426
2,1.0,1,1,74,0.0,3.6653268337249756
2,1.0,1,1,75,0.0,3.666288137435913
2,1.0,1,1,76,0.0,3.6672496795654297
2,1.0,1,1,77,0.0,3.6681036949157715
2,1.0,1,1,78,0.0,3.668850898742676
2,1.0,1,1,79,0.0,3.6694912910461426
2,1.0,1,1,80,0.0,3.6703450679779053
2,1.0,1,1,81,0.0,3.6708781719207764
2,1.0,1,1,82,0.0,3.671304941177368
2,1.0,1,1,83,0.0,3.6718382835388184
2,1.0,1,1,84,0.0,3.67226505279541
2,1.0,1,1,85,0.0,3.672691583633423
2,1.0,1,1,86,0.0,3.6729044914245605
2,1.0,1,1,87,0.0,3.6733310222625732
2,1.0,1,1,88,0.0,3.673544406890869
2,1.0,1,1,89,0.0,3.6738641262054443
2,1.0,1,1,90,0.0,3.674077272415161
2,1.0,1,1,91,0.0,3.674290657043457
2,1.0,1,1,92,0.0,3.674503803253174
2,1.0,1,1,93,0.0,3.674823522567749
2,1.0,1,1,94,0.0,3.674823522567749
2,1.0,1,1,95,0.0,3.6750364303588867
2,1.0,1,1,96,0.0,3.675143241882324
2,1.0,1,1,97,0.0,3.6752495765686035
2,1.0,1,1,98,0.0,3.675356149673462
2,1.0,1,1,99,0.0,3.6754629611968994
2,1.0,1,1,100,0.0,3.6754629611968994
2,1.0,1,2,0,0.061859115958213806,1.000146508216858
2,1.0,1,2,1,0.061859115958213806,1.000146508216858
2,1.0,1,2,2,0.12469211220741272,0.6318004727363586
2,1.0,1,2,3,0.26404133439064026,0.27411240339279175
2,1.0,1,2,4,0.3286154866218567,0.3152790069580078
2,1.0,1,2,5,0.42962026596069336,0.22728192806243896
2,1.0,1,2,6,0.2835482060909271,0.21670480072498322
2,1.0,1,2,7,0.26174628734588623,0.24228335916996002
2,1.0,1,2,8,0.32956787943840027,0.2220563441514969
2,1.0,1,2,9,0.4400893449783325,0.35277020931243896
2,1.0,1,2,10,0.3029746413230896,0.584168016910553
2,1.0,1,2,11,0.2761476933956146,0.6620474457740784
2,1.0,1,2,12,0.3828940689563751,0.6280729174613953
2,1.0,1,2,13,0.4029589891433716,0.522645115852356
2,1.0,1,2,14,0.32924818992614746,0.5066767334938049
2,1.0,1,2,15,0.3596358001232147,0.5553188920021057
2,1.0,1,2,16,0.4477123022079468,0.6926686763763428
2,1.0,1,2,17,0.39635056257247925,0.8789324164390564
2,1.0,1,2,18,0.3724824786186218,0.9585875272750854
2,1.0,1,2,19,0.41650786995887756,0.9404522180557251
2,1.0,1,2,20,0.46155402064323425,0.8961295485496521
2,1.0,1,2,21,0.40109315514564514,0.9228090047836304
2,1.0,1,2,22,0.4245477616786957,1.01567804813385
2,1.0,1,2,23,0.476500928401947,1.1460297107696533
2,1.0,1,2,24,0.4205329716205597,1.2605191469192505
2,1.0,1,2,25,0.449921190738678,1.3125388622283936
2,1.0,1,2,26,0.46854090690612793,1.3173011541366577
2,1.0,1,2,27,0.43679824471473694,1.3379368782043457
2,1.0,1,2,28,0.45416438579559326,1.411946177482605
2,1.0,1,2,29,0.46198272705078125,1.5450968742370605
2,1.0,1,2,30,0.45448437333106995,1.6683565378189087
2,1.0,1,2,31,0.4628719985485077,1.7155476808547974
2,1.0,1,2,32,0.47199133038520813,1.7128077745437622
2,1.0,1,2,33,0.44819438457489014,1.753234624862671
2,1.0,1,2,34,0.4724772572517395,1.856461763381958
2,1.0,1,2,35,0.46524685621261597,1.9826802015304565
2,1.0,1,2,36,0.44063711166381836,2.058805227279663
2,1.0,1,2,37,0.4345182478427887,2.0811188220977783
2,1.0,1,2,38,0.40912187099456787,2.1096994876861572
2,1.0,1,2,39,0.3804062008857727,2.1826541423797607
2,1.0,1,2,40,0.32944950461387634,2.28018856048584
2,1.0,1,2,41,0.28825199604034424,2.369429111480713
2,1.0,1,2,42,0.25433939695358276,2.4315600395202637
2,1.0,1,2,43,0.231014683842659,2.4710049629211426
2,1.0,1,2,44,0.2229999154806137,2.5035836696624756
2,1.0,1,2,45,0.20249460637569427,2.545912981033325
2,1.0,1,2,46,0.19014319777488708,2.5982697010040283
2,1.0,1,2,47,0.1684148758649826,2.662710189819336
2,1.0,1,2,48,0.1439845710992813,2.7302210330963135
2,1.0,1,2,49,0.11004138737916946,2.792741298675537
2,1.0,1,2,50,0.08056814223527908,2.84578800201416
2,1.0,1,2,51,0.057745955884456635,2.8917784690856934
2,1.0,1,2,52,0.04051579535007477,2.9318463802337646
2,1.0,1,2,53,0.030277684330940247,2.9666271209716797
2,1.0,1,2,54,0.018016871064901352,2.9990475177764893
2,1.0,1,2,55,0.009085772559046745,3.0272440910339355
2,1.0,1,2,56,0.003640119219198823,3.054539680480957
2,1.0,1,2,57,0.0009626090177334845,3.0795602798461914
2,1.0,1,2,58,0.0009731504833325744,3.1022346019744873
2,1.0,1,2,59,0.000986133236438036,3.1219868659973145
2,1.0,1,2,60,0.0010010070400312543,3.139620065689087
2,1.0,1,2,61,0.0010180054232478142,3.155294179916382
2,1.0,1,2,62,0.0010327516356483102,3.1690382957458496
2,1.0,1,2,63,0.0010529491119086742,3.1811232566833496
2,1.0,1,2,64,0.0010738048003986478,3.1918137073516846
2,1.0,1,2,65,0.0010961622465401888,3.201000928878784
2,1.0,1,2,66,0.00112075952347368,3.209063768386841
2,1.0,1,2,67,0.0011489600874483585,3.216010808944702
2,1.0,1,2,68,0.0011779444757848978,3.2218496799468994
2,1.0,1,2,69,0.0012084355112165213,3.2267072200775146
2,1.0,1,2,70,0.0012400065315887332,3.231193780899048
2,1.0,1,2,71,0.001272266497835517,3.234705924987793
2,1.0,1,2,72,0.0013049067929387093,3.2377307415008545
2,1.0,1,2,73,0.0013382298639044166,3.240027666091919
2,1.0,1,2,74,0.00137164699845016,3.24183988571167
2,1.0,1,2,75,0.0014060140820220113,3.2434096336364746
2,1.0,1,2,76,0.0014404491521418095,3.2444958686828613
2,1.0,1,2,77,0.001475177239626646,3.244978666305542
2,1.0,1,2,78,0.0015080890152603388,3.2454612255096436
2,1.0,1,2,79,0.0015399877447634935,3.2457025051116943
2,1.0,1,2,80,0.0015736219938844442,3.245581865310669
2,1.0,1,2,81,0.0016131286974996328,3.2450993061065674
2,1.0,1,2,82,0.0016531608998775482,3.2444958686828613
2,1.0,1,2,83,0.0016945840325206518,3.2438924312591553
2,1.0,1,2,84,0.0017280825413763523,3.2430474758148193
2,1.0,1,2,85,0.0017582076834514737,3.2420814037323
2,1.0,1,2,86,0.0017702680779621005,3.24135684967041
2,1.0,1,2,87,0.0017343767685815692,3.2419605255126953
2,1.0,1,2,88,0.0017181572038680315,3.2438924312591553
2,1.0,1,2,89,0.0017061905236914754,3.2467880249023438
2,1.0,1,2,90,0.002829059725627303,3.2506446838378906
2,1.0,1,2,91,0.0017012290190905333,3.2565417289733887
2,1.0,1,2,92,0.0017070170724764466,3.26338791847229
2,1.0,1,2,93,0.0017152276122942567,3.2705790996551514
2,1.0,1,2,94,0.0017261122120544314,3.2783517837524414
2,1.0,1,2,95,0.0017378441989421844,3.2865824699401855
2,1.0,1,2,96,0.0017574363155290484,3.2952678203582764
2,1.0,1,2,97,0.0017819717759266496,3.304523229598999
2,1.0,1,2,98,0.0017439397051930428,3.3141071796417236
2,1.0,1,2,99,0.0017318744212388992,3.3229565620422363
2,1.0,1,2,100,0.0017225673655048013,3.3307247161865234
2,1.0,2,0,0,0.05792348459362984,1.000146508216858
2,1.0,2,0,1,0.05792348459362984,1.000146508216858
2,1.0,2,0,2,0.07436659187078476,0.9249269962310791
2,1.0,2,0,3,0.0069791339337825775,1.2319411039352417
2,1.0,2,0,4,0.0100183617323637,1.6171313524246216
2,1.0,2,0,5,0.009783967398107052,1.9596458673477173
2,1.0,2,0,6,0.007097472902387381,2.2424519062042236
2,1.0,2,0,7,0.004208320286124945,2.479229211807251
2,1.0,2,0,8,0.0037318277172744274,2.6745927333831787
2,1.0,2,0,9,0.004221051931381226,2.8394527435302734
2,1.0,2,0,10,0.00041666332981549203,2.979401111602783
2,1.0,2,0,11,0.0002715366135817021,3.1053881645202637
2,1.0,2,0,12,0.00020738654711749405,3.2189316749572754
2,1.0,2,0,13,0.00016888034588191658,3.3213064670562744
2,1.0,2,0,14,0.0002389336150372401,3.413517475128174
2,1.0,2,0,15,0.00022616982460021973,3.4961440563201904
2,1.0,2,0,16,0.00024215737357735634,3.570399522781372
2,1.0,2,0,17,0.00028425443451851606,3.636795997619629
2,1.0,2,0,18,0.0003573124995455146,3.696181058883667
2,1.0,2,0,19,0.00046936015132814646,3.7494094371795654
2,1.0,2,0,20,0.0006347419111989439,3.796842575073242
2,1.0,2,0,21,0.0008700331673026085,3.8390018939971924
2,1.0,2,0,22,0.0012009574566036463,3.876664876937866
2,1.0,2,0,23,0.0016746541950851679,3.9101614952087402
2,1.0,2,0,24,0.0020023093093186617,3.9400956630706787
2,1.0,2,0,25,0.0018002097494900227,3.967731475830078
2,1.0,2,0,26,0.0018361815018579364,3.9920382499694824
2,1.0,2,0,27,0.0020730618853121996,4.010538101196289
2,1.0,2,0,28,0.002583831548690796,4.022727012634277
2,1.0,2,0,29,0.003665120340883732,4.027106285095215
2,1.0,2,0,30,0.005001532845199108,4.026813983917236
2,1.0,2,0,31,0.00588862132281065,4.025160312652588
2,1.0,2,0,32,0.004816544242203236,4.026716709136963
2,1.0,2,0,33,0.003907409496605396,4.0394392013549805
2,1.0,2,0,34,0.0035083049442619085,4.058495044708252
2,1.0,2,0,35,0.0035904727410525084,4.083989143371582
2,1.0,2,0,36,0.004096602089703083,4.116087436676025
2,1.0,2,0,37,0.005019842647016048,4.154259204864502
2,1.0,2,0,38,0.005872994661331177,4.198992729187012
2,1.0,2,0,39,0.005385495722293854,4.240762233734131
2,1.0,2,0,40,0.004954257048666477,4.272418022155762
2,1.0,2,0,41,0.004684410057961941,4.2946391105651855
2,1.0,2,0,42,0.0047098686918616295,4.310661792755127
2,1.0,2,0,43,0.004859291948378086,4.320374011993408
2,1.0,2,0,44,0.005156265571713448,4.3246331214904785
2,1.0,2,0,45,0.005370157305151224,4.323455810546875
2,1.0,2,0,46,0.005555639509111643,4.324724197387695
2,1.0,2,0,47,0.005280777812004089,4.334223747253418
2,1.0,2,0,48,0.005948380567133427,4.357928276062012
2,1.0,2,0,49,0.003848317079246044,4.389008522033691
2,1.0,2,0,50,0.0036143306642770767,4.414726734161377
2,1.0,2,0,51,0.0035288145300000906,4.4304046630859375
2,1.0,2,0,52,0.0035835118032991886,4.4369425773620605
2,1.0,2,0,53,0.0037663739640265703,4.434999942779541
2,1.0,2,0,54,0.003961664158850908,4.42978572845459
2,1.0,2,0,55,0.004139994271099567,4.4224395751953125
2,1.0,2,0,56,0.003864550031721592,4.419604301452637
2,1.0,2,0,57,0.003802937688305974,4.428636074066162
2,1.0,2,0,58,0.0030068422202020884,4.448493480682373
2,1.0,2,0,59,0.0030373623594641685,4.472381591796875
2,1.0,2,0,60,0.0028742526192218065,4.497101783752441
2,1.0,2,0,61,0.0027953849639743567,4.517179489135742
2,1.0,2,0,62,0.0027647523675113916,4.532849311828613
2,1.0,2,0,63,0.002755215624347329,4.544760227203369
2,1.0,2,0,64,0.0027604512870311737,4.55311393737793
2,1.0,2,0,65,0.002762801246717572,4.557499885559082
2,1.0,2,0,66,0.002787347650155425,4.5580153465271
2,1.0,2,0,67,0.0028317018877714872,4.556210041046143
2,1.0,2,0,68,0.0029003233648836613,4.5516510009765625
2,1.0,2,0,69,0.003025337355211377,4.544760227203369
2,1.0,2,0,70,0.003028601175174117,4.53552770614624
2,1.0,2,0,71,0.002737556118518114,4.531120300292969
2,1.0,2,0,72,0.002812543883919716,4.536995887756348
2,1.0,2,0,73,0.00304630259051919,4.553027629852295
2,1.0,2,0,74,0.0008461888646706939,4.5714898109436035
2,1.0,2,0,75,0.0011489965254440904,4.591328144073486
2,1.0,2,0,76,0.0014589614002034068,4.611930847167969
2,1.0,2,0,77,0.0018566170474514365,4.634217739105225
2,1.0,2,0,78,0.0022192818578332663,4.658753395080566
2,1.0,2,0,79,0.001994288293644786,4.68316125869751
2,1.0,2,0,80,0.0016340967267751694,4.702695846557617
2,1.0,2,0,81,0.0014951598132029176,4.716671466827393
2,1.0,2,0,82,0.001539089367724955,4.7253851890563965
2,1.0,2,0,83,0.0017544720321893692,4.7291975021362305
2,1.0,2,0,84,0.0021515691187232733,4.729114532470703
2,1.0,2,0,85,0.002205592580139637,4.72596549987793
2,1.0,2,0,86,0.001959717134013772,4.724721431732178
2,1.0,2,0,87,0.0017422924283891916,4.726131439208984
2,1.0,2,0,88,0.0016856202855706215,4.729942798614502
2,1.0,2,0,89,0.0017314712749794126,4.735903263092041
2,1.0,2,0,90,0.0019063330255448818,4.743837833404541
2,1.0,2,0,91,0.00012160281039541587,4.753408908843994
2,1.0,2,0,92,0.0002239011664642021,4.7621378898620605
2,1.0,2,0,93,0.0,4.770029067993164
2,1.0,2,0,94,0.0,4.777989864349365
2,1.0,2,0,95,0.0,4.785773754119873
2,1.0,2,0,96,0.0,4.793381214141846
2,1.0,2,0,97,2.522703834983986e-05,4.800650119781494
2,1.0,2,0,98,9.9772478279192e-05,4.806604385375977
2,1.0,2,0,99,0.0003202911757398397,4.810923099517822
2,1.0,2,0,100,0.0009734181221574545,4.812225818634033
2,1.0,2,1,0,0.11477693915367126,1.000146508216858
2,1.0,2,1,1,0.11477693915367126,1.000146508216858
2,1.0,2,1,2,0.23922531306743622,0.6318004727363586
2,1.0,2,1,3,0.38871249556541443,0.1312212198972702
2,1.0,2,1,4,0.41196098923683167,0.08846931904554367
2,1.0,2,1,5,0.39991629123687744,0.2373882532119751
2,1.0,2,1,6,0.3964867889881134,0.22381176054477692
2,1.0,2,1,7,0.4352734684944153,0.14536994695663452
2,1.0,2,1,8,0.4108322858810425,0.24708154797554016
2,1.0,2,1,9,0.4208129644393921,0.2533377707004547
2,1.0,2,1,10,0.4309590756893158,0.26094719767570496
2,1.0,2,1,11,0.4278697371482849,0.3380412459373474
2,1.0,2,1,12,0.41545936465263367,0.4528396427631378
2,1.0,2,1,13,0.43112435936927795,0.5181329250335693
2,1.0,2,1,14,0.43548494577407837,0.5496521592140198
2,1.0,2,1,15,0.4222298860549927,0.5974162817001343
2,1.0,2,1,16,0.4339919090270996,0.6789735555648804
2,1.0,2,1,17,0.43520841002464294,0.7967215776443481
2,1.0,2,1,18,0.41891244053840637,0.893505334854126
2,1.0,2,1,19,0.4243893325328827,0.9387862086296082
2,1.0,2,1,20,0.42009031772613525,0.983574390411377
2,1.0,2,1,21,0.39189717173576355,1.0686280727386475
2,1.0,2,1,22,0.35070326924324036,1.1882797479629517
2,1.0,2,1,23,0.3040429949760437,1.295733094215393
2,1.0,2,1,24,0.257931649684906,1.3628616333007812
2,1.0,2,1,25,0.23963220417499542,1.3960567712783813
2,1.0,2,1,26,0.2347431629896164,1.433677077293396
2,1.0,2,1,27,0.2029992938041687,1.489640235900879
2,1.0,2,1,28,0.18069444596767426,1.5734606981277466
2,1.0,2,1,29,0.145890012383461,1.6860918998718262
2,1.0,2,1,30,0.09812140464782715,1.8018968105316162
2,1.0,2,1,31,0.04263940453529358,1.9053643941879272
2,1.0,2,1,32,0.010264482349157333,1.9917409420013428
2,1.0,2,1,33,0.00840376690030098,2.063173294067383
2,1.0,2,1,34,0.005008091684430838,2.123016357421875
2,1.0,2,1,35,0.0050907800905406475,2.172407388687134
2,1.0,2,1,36,0.00525430403649807,2.212224006652832
2,1.0,2,1,37,0.0054700905457139015,2.2434990406036377
2,1.0,2,1,38,0.0028905021026730537,2.2708992958068848
2,1.0,2,1,39,0.0028408614452928305,2.2972915172576904
2,1.0,2,1,40,0.0028012613765895367,2.323047399520874
2,1.0,2,1,41,0.0027651821728795767,2.348020553588867
2,1.0,2,1,42,0.0004222991119604558,2.371906042098999
2,1.0,2,1,43,0.00233956309966743,2.3932647705078125
2,1.0,2,1,44,0.0023310750257223845,2.413137197494507
2,1.0,2,1,45,0.0023168425541371107,2.431881904602051
2,1.0,2,1,46,0.0023054478224366903,2.4496843814849854
2,1.0,2,1,47,0.002296785358339548,2.4665651321411133
2,1.0,2,1,48,0.002286791568621993,2.4827005863189697
2,1.0,2,1,49,0.0022829726804047823,2.4982616901397705
2,1.0,2,1,50,0.0022809896618127823,2.5129477977752686
2,1.0,2,1,51,0.002280455781146884,2.5270843505859375
2,1.0,2,1,52,0.002283327281475067,2.5408337116241455
2,1.0,2,1,53,0.0022865482605993748,2.553896188735962
2,1.0,2,1,54,0.002291361801326275,2.566587209701538
2,1.0,2,1,55,0.00229734368622303,2.579064130783081
2,1.0,2,1,56,0.0004145671846345067,2.5910277366638184
2,1.0,2,1,57,0.000412503577535972,2.600829839706421
2,1.0,2,1,58,0.0004147443105466664,2.609095335006714
2,1.0,2,1,59,0.00042090899660252035,2.615389347076416
2,1.0,2,1,60,0.00043048307998105884,2.6201751232147217
2,1.0,2,1,61,0.00044422814971767366,2.623459815979004
2,1.0,2,1,62,0.00046005650074221194,2.6255483627319336
2,1.0,2,1,63,0.0004785530618391931,2.626591682434082
2,1.0,2,1,64,0.0004993412876501679,2.6264426708221436
2,1.0,2,1,65,0.0005222231266088784,2.625399112701416
2,1.0,2,1,66,0.0023001786321401596,2.6239075660705566
2,1.0,2,1,67,0.0022949213162064552,2.623161554336548
2,1.0,2,1,68,0.002284928923472762,2.623758316040039
2,1.0,2,1,69,0.0005880651297047734,2.6289753913879395
2,1.0,2,1,70,0.0005952257779426873,2.63314151763916
2,1.0,2,1,71,0.0006058300496079028,2.6358160972595215
2,1.0,2,1,72,0.0006193738081492484,2.637301206588745
2,1.0,2,1,73,0.000635783129837364,2.638043165206909
2,1.0,2,1,74,0.0006546342046931386,2.6375980377197266
2,1.0,2,1,75,0.0006757208611816168,2.6364102363586426
2,1.0,2,1,76,0.0007024580845609307,2.6347765922546387
2,1.0,2,1,77,0.002037883037701249,2.6321005821228027
2,1.0,2,1,78,0.0007520500803366303,2.6347765922546387
2,1.0,2,1,79,0.0007725689210928977,2.6364102363586426
2,1.0,2,1,80,0.0007974668988026679,2.6371524333953857
2,1.0,2,1,81,0.0008259331225417554,2.636707305908203
2,1.0,2,1,82,0.0018648719415068626,2.6353707313537598
2,1.0,2,1,83,0.0008699962054379284,2.6399717330932617
2,1.0,2,1,84,0.0008871288155205548,2.643676280975342
2,1.0,2,1,85,0.0009227838600054383,2.6458964347839355
2,1.0,2,1,86,0.000974781287368387,2.6463403701782227
2,1.0,2,1,87,0.0010428392561152577,2.6450088024139404
2,1.0,2,1,88,0.0011202845489606261,2.6420466899871826
2,1.0,2,1,89,0.001930021564476192,2.6381916999816895
2,1.0,2,1,90,0.0019603681284934282,2.635073661804199
2,1.0,2,1,91,0.0019865671638399363,2.6328442096710205
2,1.0,2,1,92,0.002008869079872966,2.631803035736084
2,1.0,2,1,93,0.0020279104355722666,2.631356716156006
2,1.0,2,1,94,0.0020400765351951122,2.632249355316162
2,1.0,2,1,95,0.0040343585424125195,2.634033203125
2,1.0,2,1,96,0.003966724965721369,2.6405646800994873
2,1.0,2,1,97,0.0039526731707155704,2.6509222984313965
2,1.0,2,1,98,0.002066303975880146,2.6650617122650146
2,1.0,2,1,99,0.002074653748422861,2.6789801120758057
2,1.0,2,1,100,0.0015605487860739231,2.692972421646118
2,1.0,2,2,0,0.12722282111644745,1.000146508216858
2,1.0,2,2,1,0.12722282111644745,1.000146508216858
2,1.0,2,2,2,0.25090038776397705,0.6318004727363586
2,1.0,2,2,3,0.3894394040107727,0.13988231122493744
2,1.0,2,2,4,0.4002271294593811,0.1251145303249359
2,1.0,2,2,5,0.4182133376598358,0.18345394730567932
2,1.0,2,2,6,0.40503472089767456,0.2112177014350891
2,1.0,2,2,7,0.44224682450294495,0.13417038321495056
2,1.0,2,2,8,0.42134425044059753,0.23573395609855652
2,1.0,2,2,9,0.427762508392334,0.2486603558063507
2,1.0,2,2,10,0.437713086605072,0.26244261860847473
2,1.0,2,2,11,0.4304150640964508,0.34149664640426636
2,1.0,2,2,12,0.42253750562667847,0.4476243853569031
2,1.0,2,2,13,0.44031620025634766,0.5035777688026428
2,1.0,2,2,14,0.43538492918014526,0.5496521592140198
2,1.0,2,2,15,0.4294002950191498,0.6211811304092407
2,1.0,2,2,16,0.4407511055469513,0.7165514826774597
2,1.0,2,2,17,0.4320412278175354,0.8146935105323792
2,1.0,2,2,18,0.4287968873977661,0.8798224925994873
2,1.0,2,2,19,0.43583959341049194,0.942530632019043
2,1.0,2,2,20,0.43780460953712463,1.0370315313339233
2,1.0,2,2,21,0.4343445599079132,1.1555520296096802
2,1.0,2,2,22,0.43941861391067505,1.2536698579788208
2,1.0,2,2,23,0.43705135583877563,1.3229340314865112
2,1.0,2,2,24,0.4323168396949768,1.3867744207382202
2,1.0,2,2,25,0.43510350584983826,1.4756494760513306
2,1.0,2,2,26,0.4405791461467743,1.5991209745407104
2,1.0,2,2,27,0.4361346662044525,1.7118934392929077
2,1.0,2,2,28,0.44014596939086914,1.791877031326294
2,1.0,2,2,29,0.4323795735836029,1.8562508821487427
2,1.0,2,2,30,0.4261245131492615,1.9444063901901245
2,1.0,2,2,31,0.40446439385414124,2.055570602416992
2,1.0,2,2,32,0.3630564212799072,2.156311511993408
2,1.0,2,2,33,0.32245713472366333,2.24489426612854
2,1.0,2,2,34,0.28170982003211975,2.3274242877960205
2,1.0,2,2,35,0.24369733035564423,2.402895927429199
2,1.0,2,2,36,0.21014003455638885,2.477017641067505
2,1.0,2,2,37,0.1841086447238922,2.546220541000366
2,1.0,2,2,38,0.16290594637393951,2.6168859004974365
2,1.0,2,2,39,0.14337700605392456,2.6964590549468994
2,1.0,2,2,40,0.11038444191217422,2.788111448287964
2,1.0,2,2,41,0.05556967109441757,2.873307228088379
2,1.0,2,2,42,0.024041617289185524,2.9467644691467285
2,1.0,2,2,43,0.012791907414793968,3.0148024559020996
2,1.0,2,2,44,0.002937803277745843,3.073451519012451
2,1.0,2,2,45,0.002930590882897377,3.1258721351623535
2,1.0,2,2,46,0.002920497441664338,3.1724958419799805
2,1.0,2,2,47,0.0029246823396533728,3.213940382003784
2,1.0,2,2,48,0.002937048440799117,3.2505245208740234
2,1.0,2,2,49,0.002955145901069045,3.2826485633850098
2,1.0,2,2,50,0.0029773733112961054,3.310560941696167
2,1.0,2,2,51,0.0007130393642000854,3.334719181060791
2,1.0,2,2,52,0.0007359359296970069,3.355788469314575
2,1.0,2,2,53,0.0007635310757905245,3.374174118041992
2,1.0,2,2,54,0.0007946995901875198,3.390035390853882
2,1.0,2,2,55,0.0008288574172183871,3.4035227298736572
2,1.0,2,2,56,0.0008655179990455508,3.4151229858398438
2,1.0,2,2,57,0.0009039872675202787,3.4249696731567383
2,1.0,2,2,58,0.0009681586525402963,3.4331912994384766
2,1.0,2,2,59,0.0010507701663300395,3.439344882965088
2,1.0,2,2,60,0.0011427534045651555,3.4433274269104004
2,1.0,2,2,61,0.0012370459735393524,3.4457144737243652
2,1.0,2,2,62,0.0013307889457792044,3.446510076522827
2,1.0,2,2,63,0.00210385350510478,3.446510076522827
2,1.0,2,2,64,0.004222620744258165,3.4471914768218994
2,1.0,2,2,65,0.007785009685903788,3.4517323970794678
2,1.0,2,2,66,0.00783887691795826,3.4638495445251465
2,1.0,2,2,67,0.006728957407176495,3.4831271171569824
2,1.0,2,2,68,0.0042193313129246235,3.503304958343506
2,1.0,2,2,69,0.004254554398357868,3.525700330734253
2,1.0,2,2,70,0.004214814398437738,3.5468506813049316
2,1.0,2,2,71,0.0020127398893237114,3.566887855529785
2,1.0,2,2,72,0.001999756321310997,3.58594012260437
2,1.0,2,2,73,0.001989030744880438,3.603695869445801
2,1.0,2,2,74,0.0019813873805105686,3.620283842086792
2,1.0,2,2,75,0.001977011561393738,3.6362576484680176
2,1.0,2,2,76,0.0019751659128814936,3.6510894298553467
2,1.0,2,2,77,0.0019755838438868523,3.665219783782959
2,1.0,2,2,78,0.001985414419323206,3.6786577701568604
2,1.0,2,2,79,0.0019906247034668922,3.6913042068481445
2,1.0,2,2,80,0.001997301820665598,3.703590154647827
2,1.0,2,2,81,0.0020060811657458544,3.715308427810669
2,1.0,2,2,82,0.002015672856941819,3.726675271987915
2,1.0,2,2,83,0.002026265487074852,3.7375881671905518
2,1.0,2,2,84,0.0017062181141227484,3.7483644485473633
2,1.0,2,2,85,0.001723870518617332,3.757755994796753
2,1.0,2,2,86,0.001743463915772736,3.766292095184326
2,1.0,2,2,87,0.0017620950238779187,3.773667335510254
2,1.0,2,2,88,0.001785433036275208,3.780406951904297
2,1.0,2,2,89,0.0018101654713973403,3.7864108085632324
2,1.0,2,2,90,0.0018360628746449947,3.79178524017334
2,1.0,2,2,91,0.0013884243089705706,3.7967398166656494
2,1.0,2,2,92,0.0014486772706732154,3.7992143630981445
2,1.0,2,2,93,0.001906448625959456,3.7996268272399902
2,1.0,2,2,94,0.004417204298079014,3.8001420497894287
2,1.0,2,2,95,0.00438422616571188,3.804056167602539
2,1.0,2,2,96,0.005989619996398687,3.810844898223877
2,1.0,2,2,97,0.006178169511258602,3.8237714767456055
2,1.0,2,2,98,0.0035773140843957663,3.8423666954040527
2,1.0,2,2,99,0.0018495010444894433,3.862900733947754
2,1.0,2,2,100,0.0018128638621419668,3.8819143772125244
2,2.0,1,0,0,0.005552877672016621,2.000173330307007
2,2.0,1,0,1,0.005552877672016621,2.000173330307007
2,2.0,1,0,2,0.0022242506965994835,2.1779861450195312
2,2.0,1,0,3,0.002662226790562272,2.310883045196533
2,2.0,1,0,4,0.0,2.396207094192505
2,2.0,1,0,5,0.0012359546963125467,2.495910167694092
2,2.0,1,0,6,0.002746370155364275,2.5949530601501465
2,2.0,1,0,7,0.006023998837918043,2.688898801803589
2,2.0,1,0,8,0.002909563947468996,2.6637392044067383
2,2.0,1,0,9,0.0013926647370681167,2.6304640769958496
2,2.0,1,0,10,0.0014182513114064932,2.654021739959717
2,2.0,1,0,11,0.0008201211458072066,2.785442352294922
2,2.0,1,0,12,0.0011561329010874033,2.919400930404663
2,2.0,1,0,13,0.002605059649795294,3.0650322437286377
2,2.0,1,0,14,0.0015278784558176994,3.2654271125793457
2,2.0,1,0,15,0.002045245375484228,3.4137468338012695
2,2.0,1,0,16,0.002342135878279805,3.545194387435913
2,2.0,1,0,17,0.002108398824930191,3.6585898399353027
2,2.0,1,0,18,0.0004855258157476783,3.744706153869629
2,2.0,1,0,19,0.0017018625512719154,3.7990081310272217
2,2.0,1,0,20,0.002201238414272666,3.815671682357788
2,2.0,1,0,21,0.0014041934628039598,3.7965331077575684
2,2.0,1,0,22,0.0010864187497645617,3.745333671569824
2,2.0,1,0,23,0.0007828191737644374,3.7375881671905518
2,2.0,1,0,24,0.0007917971233837306,3.736644744873047
2,2.0,1,0,25,0.0017937233205884695,3.7375881671905518
2,2.0,1,0,26,0.00433471892029047,3.6341030597686768
2,2.0,1,0,27,0.0021552173420786858,3.421766757965088
2,2.0,1,0,28,0.0014610133366659284,3.2856292724609375
2,2.0,1,0,29,0.005389155820012093,3.1796460151672363
2,2.0,1,0,30,0.0023330096155405045,3.0582544803619385
2,2.0,1,0,31,0.0023412390146404505,2.9910736083984375
2,2.0,1,0,32,0.0024989100638777018,2.894214630126953
2,2.0,1,0,33,0.0024963300675153732,2.843585968017578
2,2.0,1,0,34,0.0013622562400996685,2.762295961380005
2,2.0,1,0,35,0.0006929186638444662,2.7730462551116943
2,2.0,1,0,36,0.0007906071259640157,2.807422161102295
2,2.0,1,0,37,0.0053055924363434315,2.863753318786621
2,2.0,1,0,38,0.004275587387382984,2.947960138320923
2,2.0,1,0,39,0.003928658086806536,3.0132436752319336
2,2.0,1,0,40,0.004211726598441601,2.994605541229248
2,2.0,1,0,41,0.0031216279603540897,3.015321969985962
2,2.0,1,0,42,0.005661481525748968,3.084895610809326
2,2.0,1,0,43,0.004986746236681938,3.1978187561035156
2,2.0,1,0,44,0.007171675097197294,3.2168631553649902
2,2.0,1,0,45,0.005400531459599733,3.253293752670288
2,2.0,1,0,46,0.004553561098873615,3.3665060997009277
2,2.0,1,0,47,0.0038869210984557867,3.459211587905884
2,2.0,1,0,48,0.00571224931627512,3.4960319995880127
2,2.0,1,0,49,0.004338978789746761,3.532801389694214
2,2.0,1,0,50,0.005439295433461666,3.6167125701904297
2,2.0,1,0,51,0.0042892456986010075,3.7186801433563232
2,2.0,1,0,52,0.004206337500363588,3.808891534805298
2,2.0,1,0,53,0.003948892001062632,3.8827216625213623
2,2.0,1,0,54,0.004204531200230122,3.941387414932251
2,2.0,1,0,55,0.004107649438083172,3.988210439682007
2,2.0,1,0,56,0.003945583943277597,4.036819934844971
2,2.0,1,0,57,0.003935183398425579,4.112755298614502
2,2.0,1,0,58,0.0,4.216121673583984
2,2.0,1,0,59,0.0018857421819120646,4.314295291900635
2,2.0,1,0,60,0.00436476431787014,4.425981044769287
2,2.0,1,0,61,0.004172285553067923,4.600789546966553
2,2.0,1,0,62,0.0040215556509792805,4.633795261383057
2,2.0,1,0,63,0.004254352767020464,4.546139240264893
2,2.0,1,0,64,0.004756439942866564,4.421288013458252
2,2.0,1,0,65,0.003481863299384713,4.282125473022461
2,2.0,1,0,66,0.003419513115659356,4.197499752044678
2,2.0,1,0,67,0.006133217364549637,4.178701400756836
2,2.0,1,0,68,0.0018299067160114646,4.167344093322754
2,2.0,1,0,69,0.0053098807111382484,4.060906887054443
2,2.0,1,0,70,0.0011811975855380297,4.145669937133789
2,2.0,1,0,71,0.006050038617104292,4.137442588806152
2,2.0,1,0,72,0.002599343890324235,4.247684001922607
2,2.0,1,0,73,0.0011781841749325395,4.335850238800049
2,2.0,1,0,74,0.0008975359378382564,4.4048662185668945
2,2.0,1,0,75,0.0004104649124201387,4.468350887298584
2,2.0,1,0,76,0.0002264058857690543,4.523159503936768
2,2.0,1,0,77,7.540105434600264e-05,4.569775581359863
2,2.0,1,0,78,0.0013228545431047678,4.614902973175049
2,2.0,1,0,79,0.00047860207268968225,4.667575359344482
2,2.0,1,0,80,0.00013868430687580258,4.719827175140381
2,2.0,1,0,81,0.0,4.770604133605957
2,2.0,1,0,82,0.0,4.821497917175293
2,2.0,1,0,83,0.0005199899896979332,4.8716206550598145
2,2.0,1,0,84,0.00013029084948357195,4.922985076904297
2,2.0,1,0,85,3.567378735169768e-05,4.971771717071533
2,2.0,1,0,86,0.00010314867540728301,5.0168843269348145
2,2.0,1,0,87,0.0,5.059117317199707
2,2.0,1,0,88,0.0,5.097928524017334
2,2.0,1,0,89,0.0,5.1334710121154785
2,2.0,1,0,90,0.0,5.165963172912598
2,2.0,1,0,91,0.0,5.195614337921143
2,2.0,1,0,92,0.0,5.2226972579956055
2,2.0,1,0,93,0.0,5.247250556945801
2,2.0,1,0,94,0.0,5.269831657409668
2,2.0,1,0,95,0.0,5.290242671966553
2,2.0,1,0,96,0.0,5.308877944946289
2,2.0,1,0,97,0.0,5.325682640075684
2,2.0,1,0,98,0.0,5.341113567352295
2,2.0,1,0,99,0.0,5.354963779449463
2,2.0,1,0,100,0.0,5.367609977722168
2,2.0,1,1,0,0.016683245077729225,2.000173330307007
2,2.0,1,1,1,0.016683245077729225,2.000173330307007
2,2.0,1,1,2,0.04327813535928726,1.2207714319229126
2,2.0,1,1,3,0.042102959007024765,1.3423174619674683
2,2.0,1,1,4,0.06607703119516373,1.4172029495239258
2,2.0,1,1,5,0.0408150739967823,1.7312183380126953
2,2.0,1,1,6,0.06038800626993179,1.5094763040542603
2,2.0,1,1,7,0.1376354694366455,1.1388356685638428
2,2.0,1,1,8,0.4438161253929138,0.6932334303855896
2,2.0,1,1,9,0.22119946777820587,0.6026340126991272
2,2.0,1,1,10,0.2317611575126648,0.5467968583106995
2,2.0,1,1,11,0.3722288906574249,0.4215087294578552
2,2.0,1,1,12,0.2800454795360565,0.25487783551216125
2,2.0,1,1,13,0.20947426557540894,0.3140352964401245
2,2.0,1,1,14,0.24987632036209106,0.34717920422554016
2,2.0,1,1,15,0.45376503467559814,0.2769530415534973
2,2.0,1,1,16,0.2770352065563202,0.32625913619995117
2,2.0,1,1,17,0.18993891775608063,0.4747775197029114
2,2.0,1,1,18,0.1790573000907898,0.61293625831604
2,2.0,1,1,19,0.20964713394641876,0.7641265988349915
2,2.0,1,1,20,0.3110317885875702,0.9516217112541199
2,2.0,1,1,21,0.37328851222991943,1.1670105457305908
2,2.0,1,1,22,0.22961968183517456,1.2445836067199707
2,2.0,1,1,23,0.20012399554252625,1.2842040061950684
2,2.0,1,1,24,0.19341830909252167,1.3205652236938477
2,2.0,1,1,25,0.19246788322925568,1.4036056995391846
2,2.0,1,1,26,0.18634894490242004,1.5789237022399902
2,2.0,1,1,27,0.08485998958349228,1.816392183303833
2,2.0,1,1,28,0.012547632679343224,2.0333616733551025
2,2.0,1,1,29,0.0069617764092981815,2.2401814460754395
2,2.0,1,1,30,0.0052523864433169365,2.4309158325195312
2,2.0,1,1,31,0.0023384597152471542,2.605942487716675
2,2.0,1,1,32,0.0006750404136255383,2.7673933506011963
2,2.0,1,1,33,0.0005858573713339865,2.91524076461792
2,2.0,1,1,34,0.0005105079617351294,3.050306797027588
2,2.0,1,1,35,0.00044518985669128597,3.17348313331604
2,2.0,1,1,36,0.0003922715550288558,3.28586745262146
2,2.0,1,1,37,0.00034654923365451396,3.388417959213257
2,2.0,1,1,38,0.00030929260537959635,3.481553077697754
2,2.0,1,1,39,0.00027785380370914936,3.5666685104370117
2,2.0,1,1,40,0.0002520378620829433,3.6438958644866943
2,2.0,1,1,41,0.00023134748334996402,3.714043617248535
2,2.0,1,1,42,0.00021423916041385382,3.7780237197875977
2,2.0,1,1,43,0.00020127513562329113,3.835940361022949
2,2.0,1,1,44,0.0001917167828651145,3.8886680603027344
2,2.0,1,1,45,0.00018518934666644782,3.936415910720825
2,2.0,1,1,46,0.00018075687694363296,3.9797558784484863
2,2.0,1,1,47,0.0001794546260498464,4.018928527832031
2,2.0,1,1,48,0.00018043968884740025,4.054536819458008
2,2.0,1,1,49,0.00018343748524785042,4.086577892303467
2,2.0,1,1,50,0.0001877764007076621,4.115706443786621
2,2.0,1,1,51,0.00019452549167908728,4.141794681549072
2,2.0,1,1,52,0.00020294077694416046,4.165557861328125
2,2.0,1,1,53,0.0002129337372025475,4.186755180358887
2,2.0,1,1,54,0.00022441901091951877,4.205982685089111
2,2.0,1,1,55,0.0002373343741055578,4.2231764793396
2,2.0,1,1,56,0.00025171454763039947,4.238544940948486
2,2.0,1,1,57,0.0002673499984666705,4.252384185791016
2,2.0,1,1,58,0.000284375884803012,4.26470947265625
2,2.0,1,1,59,0.00030264261295087636,4.275625705718994
2,2.0,1,1,60,0.00032214930979534984,4.285234451293945
2,2.0,1,1,61,0.00034299708204343915,4.29381799697876
2,2.0,1,1,62,0.00036511864163912833,4.301383018493652
2,2.0,1,1,63,0.00038771232357248664,4.307934761047363
2,2.0,1,1,64,0.0004122848331462592,4.313568592071533
2,2.0,1,1,65,0.00043812679359689355,4.318469524383545
2,2.0,1,1,66,0.00046513541019521654,4.3226399421691895
2,2.0,1,1,67,0.0004935690085403621,4.326263427734375
2,2.0,1,1,68,0.0005232883850112557,4.329069137573242
2,2.0,1,1,69,0.0005543759907595813,4.331421375274658
2,2.0,1,1,70,0.000586669659242034,4.3332295417785645
2,2.0,1,1,71,0.0006205409881658852,4.334585666656494
2,2.0,1,1,72,0.0006556821754202247,4.335308074951172
2,2.0,1,1,73,0.0006924712215550244,4.33575963973999
2,2.0,1,1,74,0.0007307722116820514,4.335850238800049
2,2.0,1,1,75,0.0007732865633442998,4.3355793952941895
2,2.0,1,1,76,0.0008150748908519745,4.334946632385254
2,2.0,1,1,77,0.0008857640204951167,4.3338623046875
2,2.0,1,1,78,0.0009767120936885476,4.33241605758667
2,2.0,1,1,79,0.0010804192861542106,4.330154895782471
2,2.0,1,1,80,0.001197660225443542,4.327349662780762
2,2.0,1,1,81,0.0013703338336199522,4.324089527130127
2,2.0,1,1,82,0.0015978052979335189,4.319829940795898
2,2.0,1,1,83,0.0018785535357892513,4.314567565917969
2,2.0,1,1,84,0.002215893240645528,4.308480739593506
2,2.0,1,1,85,0.002632721560075879,4.301383018493652
2,2.0,1,1,86,0.0032246694900095463,4.293179035186768
2,2.0,1,1,87,0.0037640014197677374,4.283679962158203
2,2.0,1,1,88,0.00466178497299552,4.272509574890137
2,2.0,1,1,89,0.005848446395248175,4.259654998779297
2,2.0,1,1,90,0.006422465201467276,4.246577262878418
2,2.0,1,1,91,0.005827534943819046,4.236603736877441
2,2.0,1,1,92,0.004844045266509056,4.229385852813721
2,2.0,1,1,93,0.0043881675228476524,4.226235866546631
2,2.0,1,1,94,0.0044042556546628475,4.2266998291015625
2,2.0,1,1,95,0.004847951233386993,4.230404853820801
2,2.0,1,1,96,0.005692233797162771,4.237158298492432
2,2.0,1,1,97,0.006324736401438713,4.247222900390625
2,2.0,1,1,98,0.006114539224654436,4.258091449737549
2,2.0,1,1,99,0.0056592184118926525,4.266270637512207
2,2.0,1,1,100,0.005141735542565584,4.271867752075195
2,2.0,1,2,0,0.028730928897857666,2.000173330307007
2,2.0,1,2,1,0.028730928897857666,2.000173330307007
2,2.0,1,2,2,0.05453270673751831,1.2207714319229126
2,2.0,1,2,3,0.1376209557056427,0.9061183333396912
2,2.0,1,2,4,0.36840707063674927,1.199751853942871
2,2.0,1,2,5,0.36377206444740295,0.9371172785758972
2,2.0,1,2,6,0.34209054708480835,0.9589956402778625
2,2.0,1,2,7,0.43002599477767944,0.9795873761177063
2,2.0,1,2,8,0.4288003146648407,0.900920569896698
2,2.0,1,2,9,0.43674522638320923,0.7486041784286499
2,2.0,1,2,10,0.45174896717071533,0.6379646062850952
2,2.0,1,2,11,0.4426596164703369,0.6180230975151062
2,2.0,1,2,12,0.45167890191078186,0.543206512928009
2,2.0,1,2,13,0.4499182403087616,0.3876538574695587
2,2.0,1,2,14,0.46351346373558044,0.22899729013442993
2,2.0,1,2,15,0.4567394554615021,0.14803750813007355
2,2.0,1,2,16,0.4597727656364441,0.09691328555345535
2,2.0,1,2,17,0.4590827226638794,0.09278740733861923
2,2.0,1,2,18,0.4698288142681122,0.22381176054477692
2,2.0,1,2,19,0.4635111093521118,0.35827401280403137
2,2.0,1,2,20,0.46932488679885864,0.4316007196903229
2,2.0,1,2,21,0.4677565395832062,0.5446454286575317
2,2.0,1,2,22,0.4683944284915924,0.7066522240638733
2,2.0,1,2,23,0.470946729183197,0.8559228777885437
2,2.0,1,2,24,0.4701571762561798,0.9532652497291565
2,2.0,1,2,25,0.4733353853225708,1.052018642425537
2,2.0,1,2,26,0.4714120030403137,1.199751853942871
2,2.0,1,2,27,0.4762502908706665,1.3565291166305542
2,2.0,1,2,28,0.46726590394973755,1.4782993793487549
2,2.0,1,2,29,0.4756954610347748,1.5657305717468262
2,2.0,1,2,30,0.46999093890190125,1.680511474609375
2,2.0,1,2,31,0.47691360116004944,1.829917550086975
2,2.0,1,2,32,0.4755178689956665,1.9644337892532349
2,2.0,1,2,33,0.4471789598464966,2.0627939701080322
2,2.0,1,2,34,0.3930147588253021,2.1660919189453125
2,2.0,1,2,35,0.32784292101860046,2.2894399166107178
2,2.0,1,2,36,0.2726536989212036,2.415245294570923
2,2.0,1,2,37,0.21540945768356323,2.5230534076690674
2,2.0,1,2,38,0.1855400651693344,2.6167361736297607
2,2.0,1,2,39,0.15473295748233795,2.7090606689453125
2,2.0,1,2,40,0.10082017630338669,2.8035144805908203
2,2.0,1,2,41,0.055517230182886124,2.886493682861328
2,2.0,1,2,42,0.0227124635130167,2.9557855129241943
2,2.0,1,2,43,0.001146659953519702,3.0219368934631348
2,2.0,1,2,44,0.0011808470590040088,3.081721067428589
2,2.0,1,2,45,0.0012165172956883907,3.1355020999908447
2,2.0,1,2,46,0.0012498053256422281,3.1840760707855225
2,2.0,1,2,47,0.0012889695353806019,3.2277991771698
2,2.0,1,2,48,0.001329253544099629,3.2669856548309326
2,2.0,1,2,49,0.001370826386846602,3.302389621734619
2,2.0,1,2,50,0.0014130892232060432,3.334132194519043
2,2.0,1,2,51,0.0014562869910150766,3.3626656532287598
2,2.0,1,2,52,0.0014997926773503423,3.388071298599243
2,2.0,1,2,53,0.0015408152248710394,3.4108779430389404
2,2.0,1,2,54,0.0015801656991243362,3.4312517642974854
2,2.0,1,2,55,0.0016189680900424719,3.4495763778686523
2,2.0,1,2,56,0.0016612927429378033,3.465996742248535
2,2.0,1,2,57,0.001706368406303227,3.4808781147003174
2,2.0,1,2,58,0.0017433061730116606,3.4939029216766357
2,2.0,1,2,59,0.0017746820813044906,3.5058748722076416
2,2.0,1,2,60,0.0017445951234549284,3.518362283706665
2,2.0,1,2,61,0.0017285917419940233,3.5312492847442627
2,2.0,1,2,62,0.0017162214498966932,3.5443105697631836
2,2.0,1,2,63,0.0017067472217604518,3.5577640533447266
2,2.0,1,2,64,0.0017099656397476792,3.5712766647338867
2,2.0,1,2,65,0.0017136408714577556,3.5841922760009766
2,2.0,1,2,66,0.001710769603960216,3.5964081287384033
2,2.0,1,2,67,0.001714441110379994,3.607931613922119
2,2.0,1,2,68,0.0017172234365716577,3.618877410888672
2,2.0,1,2,69,0.0017199607100337744,3.6293587684631348
2,2.0,1,2,70,0.0017225317424163222,3.6393795013427734
2,2.0,1,2,71,0.0017248585354536772,3.648836374282837
2,2.0,1,2,72,0.0017280881293118,3.6580543518066406
2,2.0,1,2,73,0.0017300103791058064,3.666929006576538
2,2.0,1,2,74,0.0017327620880678296,3.675675868988037
2,2.0,1,2,75,0.0017355557065457106,3.683870553970337
2,2.0,1,2,76,0.0017383649246767163,3.6917285919189453
2,2.0,1,2,77,0.0017428011633455753,3.6993582248687744
2,2.0,1,2,78,0.0017467675497755408,3.706444263458252
2,2.0,1,2,79,0.0017508877208456397,3.7135164737701416
2,2.0,1,2,80,0.0017551952041685581,3.720154047012329
2,2.0,1,2,81,0.0017580445855855942,3.7265701293945312
2,2.0,1,2,82,0.001756854122504592,3.7329747676849365
2,2.0,1,2,83,0.0017562449211254716,3.7393686771392822
2,2.0,1,2,84,0.0017526978626847267,3.7457518577575684
2,2.0,1,2,85,0.0017525834264233708,3.752228260040283
2,2.0,1,2,86,0.0017522294074296951,3.7584855556488037
2,2.0,1,2,87,0.0017583650769665837,3.764940023422241
2,2.0,1,2,88,0.0017586303874850273,3.7711760997772217
2,2.0,1,2,89,0.0017591790528967977,3.777608871459961
2,2.0,1,2,90,0.0017595882527530193,3.7839276790618896
2,2.0,1,2,91,0.0017599459970369935,3.7903389930725098
2,2.0,1,2,92,0.0017602982698008418,3.7967398166656494
2,2.0,1,2,93,0.0017611486837267876,3.8030264377593994
2,2.0,1,2,94,0.0017615248216316104,3.809303045272827
2,2.0,1,2,95,0.001762037049047649,3.8157742023468018
2,2.0,1,2,96,0.001762865693308413,3.8223371505737305
2,2.0,1,2,97,0.0017638402059674263,3.8286845684051514
2,2.0,1,2,98,0.0017649093642830849,3.835123300552368
2,2.0,1,2,99,0.001765700988471508,3.8415513038635254
2,2.0,1,2,100,0.0017669865628704429,3.8480703830718994
2,2.0,2,0,0,0.01153378002345562,2.000173330307007
2,2.0,2,0,1,0.01153378002345562,2.000173330307007
2,2.0,2,0,2,0.02781648561358452,1.2207714319229126
2,2.0,2,0,3,0.07296122610569,0.9236567616462708
2,2.0,2,0,4,0.016293544322252274,1.256164789199829
2,2.0,2,0,5,0.01595230959355831,1.6485323905944824
2,2.0,2,0,6,0.013757715933024883,1.933505654335022
2,2.0,2,0,7,0.0110883554443717,2.087691307067871
2,2.0,2,0,8,0.012546726502478123,2.1720471382141113
2,2.0,2,0,9,0.01044806931167841,2.1990914344787598
2,2.0,2,0,10,0.010806783102452755,2.1833713054656982
2,2.0,2,0,11,0.008562975563108921,2.133683204650879
2,2.0,2,0,12,0.008763344958424568,2.0410470962524414
2,2.0,2,0,13,0.00853552296757698,1.9147907495498657
2,2.0,2,0,14,0.015469284728169441,1.7547967433929443
2,2.0,2,0,15,0.017579253762960434,1.5759462118148804
2,2.0,2,0,16,0.025825973600149155,1.392688512802124
2,2.0,2,0,17,0.03261391818523407,1.1501203775405884
2,2.0,2,0,18,0.060144394636154175,0.8467288613319397
2,2.0,2,0,19,0.1762705296278,0.46055179834365845
2,2.0,2,0,20,0.3189620077610016,0.26540815830230713
2,2.0,2,0,21,0.08706337213516235,0.7209075093269348
2,2.0,2,0,22,0.024448132142424583,1.1176761388778687
2,2.0,2,0,23,0.011278574354946613,1.4564279317855835
2,2.0,2,0,24,0.00485786609351635,1.7559115886688232
2,2.0,2,0,25,0.00554197421297431,2.041430711746216
2,2.0,2,0,26,0.006167212966829538,2.3149447441101074
2,2.0,2,0,27,0.006395385600626469,2.5702452659606934
2,2.0,2,0,28,0.0060814362950623035,2.808258533477783
2,2.0,2,0,29,0.005486170761287212,3.0203816890716553
2,2.0,2,0,30,0.004012976307421923,3.2057676315307617
2,2.0,2,0,31,0.0037877564318478107,3.367901563644409
2,2.0,2,0,32,0.0037467190995812416,3.509335517883301
2,2.0,2,0,33,0.003808567998930812,3.6317317485809326
2,2.0,2,0,34,0.003984841983765364,3.7375881671905518
2,2.0,2,0,35,0.004181873053312302,3.8288888931274414
2,2.0,2,0,36,0.0021675974130630493,3.9101614952087402
2,2.0,2,0,37,0.0020699473097920418,3.9870316982269287
2,2.0,2,0,38,0.0020041284151375294,4.059460163116455
2,2.0,2,0,39,0.0019648654852062464,4.127490520477295
2,2.0,2,0,40,0.0019486272940412164,4.191336154937744
2,2.0,2,0,41,0.001953293802216649,4.2515549659729
2,2.0,2,0,42,0.001987712224945426,4.3082075119018555
2,2.0,2,0,43,0.002030435483902693,4.361792087554932
2,2.0,2,0,44,0.002088116481900215,4.412418842315674
2,2.0,2,0,45,0.0021679969504475594,4.460629463195801
2,2.0,2,0,46,0.0022635040804743767,4.50658655166626
2,2.0,2,0,47,0.0023842286318540573,4.550876140594482
2,2.0,2,0,48,0.0023259290028363466,4.593716621398926
2,2.0,2,0,49,0.0022666475269943476,4.632442474365234
2,2.0,2,0,50,0.00221543712541461,4.667323112487793
2,2.0,2,0,51,0.002176778856664896,4.69852876663208
2,2.0,2,0,52,0.002153075532987714,4.7262139320373535
2,2.0,2,0,53,0.002148966770619154,4.750688076019287
2,2.0,2,0,54,0.0021521684248000383,4.772246360778809
2,2.0,2,0,55,0.0021733571775257587,4.79101037979126
2,2.0,2,0,56,0.0022049685940146446,4.807500839233398
2,2.0,2,0,57,0.0022356051485985518,4.821985721588135
2,2.0,2,0,58,0.0022747106850147247,4.834644794464111
2,2.0,2,0,59,0.0023215727414935827,4.845977306365967
2,2.0,2,0,60,0.0023630820214748383,4.856153964996338
2,2.0,2,0,61,0.0023198884446173906,4.865504264831543
2,2.0,2,0,62,0.002264791401103139,4.876283168792725
2,2.0,2,0,63,0.0022451146505773067,4.888080596923828
2,2.0,2,0,64,0.0022573110181838274,4.900888919830322
2,2.0,2,0,65,0.002299265004694462,4.914620876312256
2,2.0,2,0,66,0.0023614857345819473,4.929189205169678
2,2.0,2,0,67,0.0023372704163193703,4.944903373718262
2,2.0,2,0,68,0.002303027780726552,4.958987712860107
2,2.0,2,0,69,0.0022769386414438486,4.971614360809326
2,2.0,2,0,70,0.0022625739220529795,4.982635974884033
2,2.0,2,0,71,0.0022593904286623,4.992299556732178
2,2.0,2,0,72,0.002267270814627409,5.000846862792969
2,2.0,2,0,73,0.002292483579367399,5.008128643035889
2,2.0,2,0,74,0.0023162683937698603,5.014461994171143
2,2.0,2,0,75,0.0023453638423234224,5.020007133483887
2,2.0,2,0,76,0.0023762532509863377,5.02500057220459
2,2.0,2,0,77,0.0023243988398462534,5.029599189758301
2,2.0,2,0,78,0.0022891899570822716,5.035983562469482
2,2.0,2,0,79,0.0022921492345631123,5.04414701461792
2,2.0,2,0,80,0.0025317659601569176,5.053692817687988
2,2.0,2,0,81,0.0026515540666878223,5.063994884490967
2,2.0,2,0,82,0.002695240546017885,5.072344779968262
2,2.0,2,0,83,0.002740154741331935,5.078907012939453
2,2.0,2,0,84,0.002781934104859829,5.083379745483398
2,2.0,2,0,85,0.0028291314374655485,5.085769176483154
2,2.0,2,0,86,0.002866628346964717,5.085999965667725
2,2.0,2,0,87,0.0029149309266358614,5.084074020385742
2,2.0,2,0,88,0.002932253060862422,5.0799102783203125
2,2.0,2,0,89,0.002930321032181382,5.071649551391602
2,2.0,2,0,90,0.0029244262259453535,5.059582233428955
2,2.0,2,0,91,0.0028948967810720205,5.045933246612549
2,2.0,2,0,92,0.0028961719945073128,5.030689716339111
2,2.0,2,0,93,0.0029273692052811384,5.013759136199951
2,2.0,2,0,94,0.0029851857107132673,4.995594501495361
2,2.0,2,0,95,0.003045246470719576,4.976025581359863
2,2.0,2,0,96,0.003071559127420187,4.953453540802002
2,2.0,2,0,97,0.003082913113757968,4.928394317626953
2,2.0,2,0,98,0.0030752329621464014,4.902807235717773
2,2.0,2,0,99,0.0030874372459948063,4.876925945281982
2,2.0,2,0,100,0.003113750834017992,4.850987434387207
2,2.0,2,1,0,0.03162005916237831,2.000173330307007
2,2.0,2,1,1,0.03162005916237831,2.000173330307007
2,2.0,2,1,2,0.03134533390402794,2.1779861450195312
2,2.0,2,1,3,0.03445035219192505,1.9419894218444824
2,2.0,2,1,4,0.05275718495249748,1.9094685316085815
2,2.0,2,1,5,0.05547310784459114,2.13515043258667
2,2.0,2,1,6,0.028607016429305077,2.5315725803375244
2,2.0,2,1,7,0.02299286238849163,2.6297197341918945
2,2.0,2,1,8,0.0266205333173275,2.6033875942230225
2,2.0,2,1,9,0.025719305500388145,2.4999847412109375
2,2.0,2,1,10,0.035160455852746964,2.2945637702941895
2,2.0,2,1,11,0.04196452721953392,2.0173211097717285
2,2.0,2,1,12,0.061594635248184204,1.665539026260376
2,2.0,2,1,13,0.09666819125413895,1.2458407878875732
2,2.0,2,1,14,0.1507428139448166,0.7991738319396973
2,2.0,2,1,15,0.2896746098995209,0.3956475853919983
2,2.0,2,1,16,0.4215177297592163,0.41495874524116516
2,2.0,2,1,17,0.30253833532333374,0.7893191576004028
2,2.0,2,1,18,0.3065325915813446,0.9168524146080017
2,2.0,2,1,19,0.4084128141403198,0.8563799858093262
2,2.0,2,1,20,0.39449378848075867,0.7236167192459106
2,2.0,2,1,21,0.33522820472717285,0.7977033853530884
2,2.0,2,1,22,0.33701035380363464,0.926195502281189
2,2.0,2,1,23,0.36152005195617676,1.0799216032028198
2,2.0,2,1,24,0.34651485085487366,1.1977930068969727
2,2.0,2,1,25,0.27027520537376404,1.2872480154037476
2,2.0,2,1,26,0.22523392736911774,1.381968379020691
2,2.0,2,1,27,0.21096111834049225,1.468204379081726
2,2.0,2,1,28,0.176112100481987,1.5574597120285034
2,2.0,2,1,29,0.16015388071537018,1.625098705291748
2,2.0,2,1,30,0.14676280319690704,1.6601252555847168
2,2.0,2,1,31,0.14518916606903076,1.6821410655975342
2,2.0,2,1,32,0.13021644949913025,1.7134931087493896
2,2.0,2,1,33,0.111498162150383,1.7745368480682373
2,2.0,2,1,34,0.0810023844242096,1.8604633808135986
2,2.0,2,1,35,0.037295445799827576,1.9731813669204712
2,2.0,2,1,36,0.009296463802456856,2.094243288040161
2,2.0,2,1,37,0.0009034729446284473,2.2046024799346924
2,2.0,2,1,38,0.0029444785322993994,2.3054559230804443
2,2.0,2,1,39,0.002721850061789155,2.397350311279297
2,2.0,2,1,40,0.0021593908313661814,2.479860782623291
2,2.0,2,1,41,0.0015956566203385592,2.5554285049438477
2,2.0,2,1,42,0.0013435975415632129,2.621220588684082
2,2.0,2,1,43,0.0011487078154459596,2.678103446960449
2,2.0,2,1,44,0.0010007150704041123,2.7273519039154053
2,2.0,2,1,45,0.000897461490239948,2.7692317962646484
2,2.0,2,1,46,0.0015491395024582744,2.804352283477783
2,2.0,2,1,47,0.0014535941882058978,2.8333792686462402
2,2.0,2,1,48,0.001409004325978458,2.8564984798431396
2,2.0,2,1,49,0.0013994559412822127,2.875214099884033
2,2.0,2,1,50,0.0008914840291254222,2.8890695571899414
2,2.0,2,1,51,0.0009747595177032053,2.8986752033233643
2,2.0,2,1,52,0.0010836991714313626,2.9044768810272217
2,2.0,2,1,53,0.0012186631793156266,2.906902313232422
2,2.0,2,1,54,0.001379289198666811,2.905959367752075
2,2.0,2,1,55,0.00156650401186198,2.9023194313049316
2,2.0,2,1,56,0.001768792630173266,2.8958373069763184
2,2.0,2,1,57,0.0020101279951632023,2.8870363235473633
2,2.0,2,1,58,0.002860051579773426,2.875894784927368
2,2.0,2,1,59,0.003057129681110382,2.8634798526763916
2,2.0,2,1,60,0.004412022884935141,2.8522465229034424
2,2.0,2,1,61,0.004515385255217552,2.8412444591522217
2,2.0,2,1,62,0.004617350175976753,2.8306145668029785
2,2.0,2,1,63,0.004719097632914782,2.820777654647827
2,2.0,2,1,64,0.005275770556181669,2.8110454082489014
2,2.0,2,1,65,0.0061310818418860435,2.8058876991271973
2,2.0,2,1,66,0.006172096822410822,2.807143211364746
2,2.0,2,1,67,0.006294467952102423,2.8143858909606934
2,2.0,2,1,68,0.006501530297100544,2.8275701999664307
2,2.0,2,1,69,0.004834337159991264,2.846475839614868
2,2.0,2,1,70,0.0033041900023818016,2.8708534240722656
2,2.0,2,1,71,0.002429705113172531,2.8967835903167725
2,2.0,2,1,72,0.0026016561314463615,2.92181396484375
2,2.0,2,1,73,0.0028187113348394632,2.946233034133911
2,2.0,2,1,74,0.003083550138399005,2.9701883792877197
2,2.0,2,1,75,0.001230567810125649,2.9934287071228027
2,2.0,2,1,76,0.0011924278223887086,3.0132436752319336
2,2.0,2,1,77,0.0011709462851285934,3.02970027923584
2,2.0,2,1,78,0.001461810083128512,3.0428531169891357
2,2.0,2,1,79,0.0014296617591753602,3.0555648803710938
2,2.0,2,1,80,0.0014019444352015853,3.0678412914276123
2,2.0,2,1,81,0.0013782982714474201,3.0798144340515137
2,2.0,2,1,82,0.0013560125371441245,3.0913615226745605
2,2.0,2,1,83,0.0013396651484072208,3.1027393341064453
2,2.0,2,1,84,0.0013261893764138222,3.113572835922241
2,2.0,2,1,85,0.0013158834772184491,3.1244940757751465
2,2.0,2,1,86,0.0013080323114991188,3.135002374649048
2,2.0,2,1,87,0.0013027741806581616,3.1453514099121094
2,2.0,2,1,88,0.0012996004661545157,3.1556665897369385
2,2.0,2,1,89,0.0012986216461285949,3.1658244132995605
2,2.0,2,1,90,0.001299463794566691,3.175579786300659
2,2.0,2,1,91,0.0013021902414038777,3.185551404953003
2,2.0,2,1,92,0.00130173668731004,3.195246696472168
2,2.0,2,1,93,0.0013073273003101349,3.2050347328186035
2,2.0,2,1,94,0.001314201159402728,3.2146713733673096
2,2.0,2,1,95,0.001322296098805964,3.2241578102111816
2,2.0,2,1,96,0.0013314362149685621,3.2337374687194824
2,2.0,2,1,97,0.0013415206922218204,3.2431681156158447
2,2.0,2,1,98,0.001352763967588544,3.252451181411743
2,2.0,2,1,99,0.0013647836167365313,3.2618277072906494
2,2.0,2,1,100,0.0013773820828646421,3.2710578441619873
2,2.0,2,2,0,0.052723947912454605,2.000173330307007
2,2.0,2,2,1,0.052723947912454605,2.000173330307007
2,2.0,2,2,2,0.044387709349393845,2.1779861450195312
2,2.0,2,2,3,0.05486585199832916,1.9300611019134521
2,2.0,2,2,4,0.0792464017868042,1.8573048114776611
2,2.0,2,2,5,0.12959469854831696,2.039128541946411
2,2.0,2,2,6,0.21416108310222626,2.3775107860565186
2,2.0,2,2,7,0.09165648370981216,2.7876901626586914
2,2.0,2,2,8,0.06656379997730255,2.8228588104248047
2,2.0,2,2,9,0.056466665118932724,2.7813632488250732
2,2.0,2,2,10,0.04857489839196205,2.7442374229431152
2,2.0,2,2,11,0.04699612781405449,2.7352354526519775
2,2.0,2,2,12,0.04628576338291168,2.763854503631592
2,2.0,2,2,13,0.04568282887339592,2.8111846446990967
2,2.0,2,2,14,0.04738684743642807,2.8786160945892334
2,2.0,2,2,15,0.04557246342301369,2.928372383117676
2,2.0,2,2,16,0.0466633215546608,2.939847707748413
2,2.0,2,2,17,0.049301497638225555,2.9164493083953857
2,2.0,2,2,18,0.05344351753592491,2.855538845062256
2,2.0,2,2,19,0.06960189342498779,2.729360818862915
2,2.0,2,2,20,0.11269117891788483,2.516528367996216
2,2.0,2,2,21,0.2759360074996948,2.1833713054656982
2,2.0,2,2,22,0.3460998833179474,1.796458125114441
2,2.0,2,2,23,0.2995351254940033,1.7864078283309937
2,2.0,2,2,24,0.3521038889884949,1.9035147428512573
2,2.0,2,2,25,0.3358657658100128,2.0532844066619873
2,2.0,2,2,26,0.3260017931461334,2.0173211097717285
2,2.0,2,2,27,0.3433040678501129,1.851394772529602
2,2.0,2,2,28,0.363042950630188,1.6520899534225464
2,2.0,2,2,29,0.39921724796295166,1.5270061492919922
2,2.0,2,2,30,0.3988598883152008,1.553937554359436
2,2.0,2,2,31,0.37869611382484436,1.6202746629714966
2,2.0,2,2,32,0.3824479281902313,1.6018109321594238
2,2.0,2,2,33,0.42695197463035583,1.4674043655395508
2,2.0,2,2,34,0.41331809759140015,1.2719552516937256
2,2.0,2,2,35,0.40420499444007874,1.1291723251342773
2,2.0,2,2,36,0.427525132894516,1.0686280727386475
2,2.0,2,2,37,0.43155190348625183,1.0928901433944702
2,2.0,2,2,38,0.41554388403892517,1.1057065725326538
2,2.0,2,2,39,0.4283040165901184,1.0110435485839844
2,2.0,2,2,40,0.4391595721244812,0.834625244140625
2,2.0,2,2,41,0.4244791567325592,0.6620474457740784
2,2.0,2,2,42,0.4276779294013977,0.5567265748977661
2,2.0,2,2,43,0.44024908542633057,0.5271186232566833
2,2.0,2,2,44,0.43678784370422363,0.538139820098877
2,2.0,2,2,45,0.43196508288383484,0.4829498827457428
2,2.0,2,2,46,0.4414837062358856,0.33102232217788696
2,2.0,2,2,47,0.43718504905700684,0.1532333940267563
2,2.0,2,2,48,0.4324054718017578,0.03956468030810356
2,2.0,2,2,49,0.44116923213005066,0.03956468030810356
2,2.0,2,2,50,0.4417099058628082,0.10835235565900803
2,2.0,2,2,51,0.4318154454231262,0.16551098227500916
2,2.0,2,2,52,0.44257402420043945,0.24066270887851715
2,2.0,2,2,53,0.44137436151504517,0.3815486431121826
2,2.0,2,2,54,0.43679800629615784,0.49257779121398926
2,2.0,2,2,55,0.44304293394088745,0.5482263565063477
2,2.0,2,2,56,0.43792784214019775,0.584168016910553
2,2.0,2,2,57,0.43560388684272766,0.6567057967185974
2,2.0,2,2,58,0.441428005695343,0.7813458442687988
2,2.0,2,2,59,0.43906357884407043,0.9185582399368286
2,2.0,2,2,60,0.4382822513580322,1.0179873704910278
2,2.0,2,2,61,0.4387936294078827,1.074836015701294
2,2.0,2,2,62,0.4385436177253723,1.1246576309204102
2,2.0,2,2,63,0.4365580677986145,1.2043101787567139
2,2.0,2,2,64,0.44190946221351624,1.3217501640319824
2,2.0,2,2,65,0.4372134506702423,1.439670443534851
2,2.0,2,2,66,0.4372527599334717,1.5331451892852783
2,2.0,2,2,67,0.4394580125808716,1.5934816598892212
2,2.0,2,2,68,0.4387719929218292,1.6530373096466064
2,2.0,2,2,69,0.4380643367767334,1.734606385231018
2,2.0,2,2,70,0.4388056695461273,1.8461018800735474
2,2.0,2,2,71,0.43657997250556946,1.9564473628997803
2,2.0,2,2,72,0.41813722252845764,2.0375924110412598
2,2.0,2,2,73,0.3897456228733063,2.0974185466766357
2,2.0,2,2,74,0.3597031235694885,2.16048264503479
2,2.0,2,2,75,0.3254481852054596,2.237208843231201
2,2.0,2,2,76,0.27468225359916687,2.3317930698394775
2,2.0,2,2,77,0.23492035269737244,2.423658609390259
2,2.0,2,2,78,0.19917060434818268,2.502488851547241
2,2.0,2,2,79,0.1747352033853531,2.5687217712402344
2,2.0,2,2,80,0.15800827741622925,2.628230571746826
2,2.0,2,2,81,0.14446187019348145,2.684527635574341
2,2.0,2,2,82,0.12671919167041779,2.7453784942626953
2,2.0,2,2,83,0.10166816413402557,2.811741828918457
2,2.0,2,2,84,0.05011560022830963,2.8825576305389404
2,2.0,2,2,85,0.023809902369976044,2.9480929374694824
2,2.0,2,2,86,0.011614556424319744,3.0101237297058105
2,2.0,2,2,87,0.0030057819094508886,3.0646491050720215
2,2.0,2,2,88,0.002994289854541421,3.113069772720337
2,2.0,2,2,89,0.002989628352224827,3.156038761138916
2,2.0,2,2,90,0.0029866243712604046,3.194143533706665
2,2.0,2,2,91,0.002997820498421788,3.227677583694458
2,2.0,2,2,92,0.000661439960822463,3.257262945175171
2,2.0,2,2,93,0.000661636411678046,3.283602476119995
2,2.0,2,2,94,0.0006642675725743175,3.3066556453704834
2,2.0,2,2,95,0.0006696389755234122,3.326960563659668
2,2.0,2,2,96,0.0006770418840460479,3.344919443130493
2,2.0,2,2,97,0.0006896533886902034,3.3605690002441406
2,2.0,2,2,98,0.0007058429182507098,3.373826026916504
2,2.0,2,2,99,0.0007251487695612013,3.38529634475708
2,2.0,2,2,100,0.0007469621486961842,3.394883155822754
2,5.0,1,0,0,0.0033002598211169243,4.999985218048096
2,5.0,1,0,1,0.0033002598211169243,4.999985218048096
2,5.0,1,0,2,7.139298395486549e-05,4.786428451538086
2,5.0,1,0,3,0.0006009938661009073,4.708024978637695
2,5.0,1,0,4,0.00011038468073820695,4.843227386474609
2,5.0,1,0,5,0.00040473570697940886,4.988137722015381
2,5.0,1,0,6,0.001354292850010097,5.154648303985596
2,5.0,1,0,7,0.0013810147065669298,5.195840835571289
2,5.0,1,0,8,0.0014089051401242614,5.21338415145874
2,5.0,1,0,9,0.001240542740561068,5.2093987464904785
2,5.0,1,0,10,0.00254692486487329,5.174300670623779
2,5.0,1,0,11,0.0011447357246652246,5.179448127746582
2,5.0,1,0,12,0.0016360377194359899,5.168845176696777
2,5.0,1,0,13,0.001645533717237413,5.136752128601074
2,5.0,1,0,14,0.001640624483115971,5.089543342590332
2,5.0,1,0,15,0.001666621188633144,5.031312465667725
2,5.0,1,0,16,0.0017007518326863647,4.9646735191345215
2,5.0,1,0,17,0.0,4.899529457092285
2,5.0,1,0,18,0.00010607243893900886,4.850422382354736
2,5.0,1,0,19,0.00036022704443894327,4.850987434387207
2,5.0,1,0,20,0.000466010591480881,4.859057903289795
2,5.0,1,0,21,0.0,4.895609378814697
2,5.0,1,0,22,0.0,4.948546886444092
2,5.0,1,0,23,0.0,5.012273788452148
2,5.0,1,0,24,0.0,5.082840442657471
2,5.0,1,0,25,0.0,5.156928539276123
2,5.0,1,0,26,0.0,5.232442378997803
2,5.0,1,0,27,0.0013469862751662731,5.307401180267334
2,5.0,1,0,28,0.0013593831099569798,5.39397668838501
2,5.0,1,0,29,0.0013220065739005804,5.451507091522217
2,5.0,1,0,30,0.0023750527761876583,5.477042198181152
2,5.0,1,0,31,0.003421349450945854,5.5724616050720215
2,5.0,1,0,32,0.0018158679595217109,5.695879936218262
2,5.0,1,0,33,0.002347860485315323,5.727654933929443
2,5.0,1,0,34,0.0032785944640636444,5.685478687286377
2,5.0,1,0,35,0.002587628085166216,5.5900187492370605
2,5.0,1,0,36,0.0023948675952851772,5.587985038757324
2,5.0,1,0,37,0.002507273107767105,5.66392707824707
2,5.0,1,0,38,0.0007590046152472496,5.8058953285217285
2,5.0,1,0,39,0.0012433374067768455,5.9614105224609375
2,5.0,1,0,40,0.0,6.121060848236084
2,5.0,1,0,41,0.0,6.27960205078125
2,5.0,1,0,42,0.0,6.434192657470703
2,5.0,1,0,43,7.084826211212203e-05,6.58278751373291
2,5.0,1,0,44,0.0007033281144686043,6.741859436035156
2,5.0,1,0,45,0.0,6.882476806640625
2,5.0,1,0,46,0.0,7.015987396240234
2,5.0,1,0,47,0.0,7.141634464263916
2,5.0,1,0,48,0.0,7.259337902069092
2,5.0,1,0,49,1.5321822502301075e-05,7.368839740753174
2,5.0,1,0,50,0.0,7.470286846160889
2,5.0,1,0,51,0.0,7.564365863800049
2,5.0,1,0,52,0.00018022384028881788,7.6513471603393555
2,5.0,1,0,53,0.00011780034401454031,7.715307712554932
2,5.0,1,0,54,0.0,7.760507583618164
2,5.0,1,0,55,6.729515007464215e-05,7.8027801513671875
2,5.0,1,0,56,4.6649227442685515e-05,7.84152364730835
2,5.0,1,0,57,3.360074697411619e-05,7.8766889572143555
2,5.0,1,0,58,2.57739575317828e-05,7.908374309539795
2,5.0,1,0,59,2.1772333639091812e-05,7.936817646026611
2,5.0,1,0,60,2.0565707018249668e-05,7.962349891662598
2,5.0,1,0,61,2.192230022046715e-05,7.985049247741699
2,5.0,1,0,62,2.573608435341157e-05,8.005427360534668
2,5.0,1,0,63,3.224483589292504e-05,8.023651123046875
2,5.0,1,0,64,4.193919448880479e-05,8.039880752563477
2,5.0,1,0,65,5.525913002202287e-05,8.054664611816406
2,5.0,1,0,66,0.0,8.068156242370605
2,5.0,1,0,67,0.0,8.08084774017334
2,5.0,1,0,68,0.0,8.092645645141602
2,5.0,1,0,69,0.0,8.1037015914917
2,5.0,1,0,70,0.0,8.11391830444336
2,5.0,1,0,71,0.0,8.123445510864258
2,5.0,1,0,72,0.0,8.13214111328125
2,5.0,1,0,73,0.0,8.1402006149292
2,5.0,1,0,74,0.0,8.147625923156738
2,5.0,1,0,75,0.0,8.1544189453125
2,5.0,1,0,76,0.0,8.160628318786621
2,5.0,1,0,77,0.0,8.166352272033691
2,5.0,1,0,78,0.0,8.171544075012207
2,5.0,1,0,79,0.0,8.176347732543945
2,5.0,1,0,80,0.0,8.180716514587402
2,5.0,1,0,81,0.0,8.184603691101074
2,5.0,1,0,82,0.0,8.188249588012695
2,5.0,1,0,83,0.0,8.191557884216309
2,5.0,1,0,84,0.0,8.19452953338623
2,5.0,1,0,85,0.0,8.197260856628418
2,5.0,1,0,86,0.0,8.199655532836914
2,5.0,1,0,87,0.0,8.202001571655273
2,5.0,1,0,88,0.0,8.204059600830078
2,5.0,1,0,89,0.0,8.205878257751465
2,5.0,1,0,90,0.0,8.20755386352539
2,5.0,1,0,91,0.0,8.209084510803223
2,5.0,1,0,92,0.0,8.210518836975098
2,5.0,1,0,93,0.0,8.211762428283691
2,5.0,1,0,94,0.0,8.212909698486328
2,5.0,1,0,95,0.0,8.213866233825684
2,5.0,1,0,96,0.0,8.21487045288086
2,5.0,1,0,97,0.0,8.215729713439941
2,5.0,1,0,98,0.0,8.216495513916016
2,5.0,1,0,99,0.0,8.217164039611816
2,5.0,1,0,100,0.0,8.217784881591797
2,5.0,1,1,0,0.004164360463619232,4.999985218048096
2,5.0,1,1,1,0.004164360463619232,4.999985218048096
2,5.0,1,1,2,0.0004201141418889165,4.786428451538086
2,5.0,1,1,3,0.00509613985195756,4.699195861816406
2,5.0,1,1,4,0.006824393756687641,4.873711585998535
2,5.0,1,1,5,0.0037752226926386356,5.061827659606934
2,5.0,1,1,6,0.0067672813311219215,5.1190996170043945
2,5.0,1,1,7,0.004232950508594513,5.143765449523926
2,5.0,1,1,8,0.003506646491587162,5.177026748657227
2,5.0,1,1,9,0.005830581299960613,5.207216739654541
2,5.0,1,1,10,0.005552193615585566,5.230794429779053
2,5.0,1,1,11,0.004425450228154659,5.23715877532959
2,5.0,1,1,12,0.007565655745565891,5.233490943908691
2,5.0,1,1,13,0.004431926179677248,5.22457218170166
2,5.0,1,1,14,0.0012123017804697156,5.219394207000732
2,5.0,1,1,15,0.0009480959270149469,5.208947658538818
2,5.0,1,1,16,0.0012717742938548326,5.1918416023254395
2,5.0,1,1,17,0.00206657312810421,5.168390274047852
2,5.0,1,1,18,0.0032199097331613302,5.1414794921875
2,5.0,1,1,19,0.0027852782513946295,5.108448505401611
2,5.0,1,1,20,0.002296333434060216,5.075665473937988
2,5.0,1,1,21,0.0023900086525827646,5.046321392059326
2,5.0,1,1,22,0.0027592875994741917,5.0193047523498535
2,5.0,1,1,23,0.0033518376294523478,4.99818229675293
2,5.0,1,1,24,0.0028411971870809793,4.978938102722168
2,5.0,1,1,25,0.001728838193230331,4.946883678436279
2,5.0,1,1,26,0.0018212030408903956,4.904644966125488
2,5.0,1,1,27,0.001937145716510713,4.858089923858643
2,5.0,1,1,28,0.0019205352291464806,4.8133649826049805
2,5.0,1,1,29,0.001849666703492403,4.778235912322998
2,5.0,1,1,30,0.0018627732060849667,4.757857322692871
2,5.0,1,1,31,0.0018831710331141949,4.739211082458496
2,5.0,1,1,32,0.0020129107870161533,4.7414422035217285
2,5.0,1,1,33,0.001976501662284136,4.753243923187256
2,5.0,1,1,34,0.00040223851101472974,4.760985851287842
2,5.0,1,1,35,0.000411410816013813,4.76953649520874
2,5.0,1,1,36,0.0004058775957673788,4.773642063140869
2,5.0,1,1,37,0.0010786006459966302,4.769207954406738
2,5.0,1,1,38,0.0010761329904198647,4.76723575592041
2,5.0,1,1,39,0.0010730845388025045,4.76707124710083
2,5.0,1,1,40,0.0010803333716467023,4.767564296722412
2,5.0,1,1,41,0.0011301487684249878,4.768221855163574
2,5.0,1,1,42,0.001311636297032237,4.748790740966797
2,5.0,1,1,43,0.001197026576846838,4.718830585479736
2,5.0,1,1,44,0.001085109543055296,4.702862739562988
2,5.0,1,1,45,0.0009337865631096065,4.697611331939697
2,5.0,1,1,46,0.0009334727074019611,4.697527885437012
2,5.0,1,1,47,0.0009483224712312222,4.701612949371338
2,5.0,1,1,48,0.0009762691333889961,4.709522724151611
2,5.0,1,1,49,0.0010044592199847102,4.719743728637695
2,5.0,1,1,50,0.0008993782103061676,4.731267929077148
2,5.0,1,1,51,0.0009179825428873301,4.726794242858887
2,5.0,1,1,52,0.0009953430853784084,4.707359313964844
2,5.0,1,1,53,0.00096604396821931,4.692354202270508
2,5.0,1,1,54,0.0009471853845752776,4.682408332824707
2,5.0,1,1,55,0.0009437946719117463,4.677217483520508
2,5.0,1,1,56,0.0009601168567314744,4.676631450653076
2,5.0,1,1,57,0.0009859888814389706,4.679980754852295
2,5.0,1,1,58,0.0010258759139105678,4.68625545501709
2,5.0,1,1,59,0.0009032110101543367,4.696443557739258
2,5.0,1,1,60,0.0012111003743484616,4.688512325286865
2,5.0,1,1,61,0.001236278680153191,4.673866271972656
2,5.0,1,1,62,0.0013975719921290874,4.673279285430908
2,5.0,1,1,63,0.0013740165159106255,4.692605018615723
2,5.0,1,1,64,0.00135374057572335,4.698611736297607
2,5.0,1,1,65,0.001425652066245675,4.689848899841309
2,5.0,1,1,66,0.0012836233945563436,4.675961494445801
2,5.0,1,1,67,0.0012954932171851397,4.686338901519775
2,5.0,1,1,68,0.0014168254565447569,4.721237659454346
2,5.0,1,1,69,0.0013687688624486327,4.741029262542725
2,5.0,1,1,70,0.0014350112760439515,4.745820045471191
2,5.0,1,1,71,0.0012839360861107707,4.736978530883789
2,5.0,1,1,72,0.0012855557724833488,4.751430034637451
2,5.0,1,1,73,0.0014133036602288485,4.78552770614624
2,5.0,1,1,74,0.0012526311911642551,4.819141387939453
2,5.0,1,1,75,0.0012280511436983943,4.825072288513184
2,5.0,1,1,76,0.0014107010792940855,4.804402828216553
2,5.0,1,1,77,0.0012113683624193072,4.769947528839111
2,5.0,1,1,78,0.001088634948246181,4.760409832000732
2,5.0,1,1,79,0.0012468677014112473,4.779301643371582
2,5.0,1,1,80,0.0013894684379920363,4.818978786468506
2,5.0,1,1,81,0.001272762194275856,4.836508274078369
2,5.0,1,1,82,0.0013801035238429904,4.8268585205078125
2,5.0,1,1,83,0.0012975602876394987,4.798691272735596
2,5.0,1,1,84,0.0012070810189470649,4.789455890655518
2,5.0,1,1,85,0.0013334420509636402,4.805870532989502
2,5.0,1,1,86,0.0013547212583944201,4.832131862640381
2,5.0,1,1,87,0.0013163354014977813,4.834320545196533
2,5.0,1,1,88,0.0014001711970195174,4.8126325607299805
2,5.0,1,1,89,0.001360250753350556,4.792236804962158
2,5.0,1,1,90,0.0013902002247050405,4.78380823135376
2,5.0,1,1,91,0.0013877383898943663,4.782907485961914
2,5.0,1,1,92,0.001417853171005845,4.765098571777344
2,5.0,1,1,93,0.0013072832953184843,4.730108737945557
2,5.0,1,1,94,0.0013120283838361502,4.721569538116455
2,5.0,1,1,95,0.0014166502514854074,4.737557411193848
2,5.0,1,1,96,0.0013950931606814265,4.736151218414307
2,5.0,1,1,97,0.0013897777535021305,4.716920852661133
2,5.0,1,1,98,0.0014095456572249532,4.716006755828857
2,5.0,1,1,99,0.0013596793869510293,4.729528903961182
2,5.0,1,1,100,0.0013583354884758592,4.726628303527832
2,5.0,1,2,0,0.007730725221335888,4.999985218048096
2,5.0,1,2,1,0.007730725221335888,4.999985218048096
2,5.0,1,2,2,0.0010536672780290246,4.786428451538086
2,5.0,1,2,3,0.0022941636852920055,4.454213619232178
2,5.0,1,2,4,0.006870252080261707,4.245654582977295
2,5.0,1,2,5,0.009081464260816574,4.090218544006348
2,5.0,1,2,6,0.00608650641515851,3.946352958679199
2,5.0,1,2,7,0.00765478890389204,3.8638134002685547
2,5.0,1,2,8,0.011603404767811298,3.897922992706299
2,5.0,1,2,9,0.008344711735844612,3.8667516708374023
2,5.0,1,2,10,0.015466468408703804,3.804056167602539
2,5.0,1,2,11,0.008152918890118599,3.74052095413208
2,5.0,1,2,12,0.004614633973687887,3.754523515701294
2,5.0,1,2,13,0.0020178102422505617,3.7945728302001953
2,5.0,1,2,14,0.0026277918368577957,3.8372671604156494
2,5.0,1,2,15,0.003982671536505222,3.8793914318084717
2,5.0,1,2,16,0.006159536074846983,3.911964178085327
2,5.0,1,2,17,0.00487601850181818,3.9465508460998535
2,5.0,1,2,18,0.00614226283505559,3.969803810119629
2,5.0,1,2,19,0.005731221754103899,3.977590322494507
2,5.0,1,2,20,0.006664563901722431,3.976802349090576
2,5.0,1,2,21,0.00830535963177681,3.970494508743286
2,5.0,1,2,22,0.009129919111728668,3.965954303741455
2,5.0,1,2,23,0.008004561997950077,3.979165554046631
2,5.0,1,2,24,0.0063169971108436584,4.002620220184326
2,5.0,1,2,25,0.005099394358694553,4.0188307762146
2,5.0,1,2,26,0.007486381568014622,4.024089813232422
2,5.0,1,2,27,0.008316069841384888,4.047478675842285
2,5.0,1,2,28,0.006991165224462748,4.07582950592041
2,5.0,1,2,29,0.0062759798020124435,4.089547634124756
2,5.0,1,2,30,0.006182715762406588,4.075733184814453
2,5.0,1,2,31,0.006503614597022533,4.052894115447998
2,5.0,1,2,32,0.006340308114886284,4.035849571228027
2,5.0,1,2,33,0.006609196309000254,4.012393474578857
2,5.0,1,2,34,0.007934973575174809,3.970889091491699
2,5.0,1,2,35,0.008791645988821983,3.940294027328491
2,5.0,1,2,36,0.007342603523284197,3.932931900024414
2,5.0,1,2,37,0.006339494604617357,3.9390017986297607
2,5.0,1,2,38,0.007714524865150452,3.9668431282043457
2,5.0,1,2,39,0.00823073461651802,3.9998793601989746
2,5.0,1,2,40,0.007314188871532679,4.049316883087158
2,5.0,1,2,41,0.006437709089368582,4.117419242858887
2,5.0,1,2,42,0.0071917991153895855,4.186755180358887
2,5.0,1,2,43,0.009655000641942024,4.269941806793213
2,5.0,1,2,44,0.008693809621036053,4.390436172485352
2,5.0,1,2,45,0.007999936118721962,4.533368110656738
2,5.0,1,2,46,0.008992500603199005,4.660015106201172
2,5.0,1,2,47,0.006613362114876509,4.841447353363037
2,5.0,1,2,48,0.005826553795486689,5.038472652435303
2,5.0,1,2,49,0.006316843908280134,5.254714012145996
2,5.0,1,2,50,0.00453560333698988,5.518320560455322
2,5.0,1,2,51,0.0012879506684839725,5.770542621612549
2,5.0,1,2,52,0.0013805079506710172,5.999890327453613
2,5.0,1,2,53,0.0021590644028037786,6.2112298011779785
2,5.0,1,2,54,0.0011319487821310759,6.3783650398254395
2,5.0,1,2,55,0.00032371876295655966,6.501255512237549
2,5.0,1,2,56,0.0,6.587194442749023
2,5.0,1,2,57,0.0,6.665797710418701
2,5.0,1,2,58,0.0,6.737668991088867
2,5.0,1,2,59,0.0,6.803137302398682
2,5.0,1,2,60,0.0,6.8629560470581055
2,5.0,1,2,61,0.0,6.917385101318359
2,5.0,1,2,62,0.0,6.967113018035889
2,5.0,1,2,63,0.0,7.012239933013916
2,5.0,1,2,64,0.0,7.053353309631348
2,5.0,1,2,65,0.0,7.090689659118652
2,5.0,1,2,66,0.0,7.124692916870117
2,5.0,1,2,67,0.0,7.155575275421143
2,5.0,1,2,68,0.0,7.18364953994751
2,5.0,1,2,69,0.0,7.209112167358398
2,5.0,1,2,70,0.0,7.232261657714844
2,5.0,1,2,71,0.0,7.253335952758789
2,5.0,1,2,72,0.0,7.272353172302246
2,5.0,1,2,73,0.0,7.2896528244018555
2,5.0,1,2,74,0.0,7.305354595184326
2,5.0,1,2,75,0.0,7.319629192352295
2,5.0,1,2,76,0.0,7.3325910568237305
2,5.0,1,2,77,0.0,7.344248294830322
2,5.0,1,2,78,0.0,7.3548736572265625
2,5.0,1,2,79,0.0,7.364470958709717
2,5.0,1,2,80,0.0,7.373258113861084
2,5.0,1,2,81,0.0,7.381130695343018
2,5.0,1,2,82,0.0,7.388304710388184
2,5.0,1,2,83,0.0,7.394728660583496
2,5.0,1,2,84,0.0,7.400670051574707
2,5.0,1,2,85,0.0,7.405971050262451
2,5.0,1,2,86,0.0,7.410791397094727
2,5.0,1,2,87,0.0,7.41518497467041
2,5.0,1,2,88,0.0,7.419153213500977
2,5.0,1,2,89,0.0,7.422802448272705
2,5.0,1,2,90,0.0,7.425974369049072
2,5.0,1,2,91,0.0,7.4289326667785645
2,5.0,1,2,92,0.0,7.431573390960693
2,5.0,1,2,93,0.0,7.43400239944458
2,5.0,1,2,94,0.0,7.436219692230225
2,5.0,1,2,95,0.0,7.43817138671875
2,5.0,1,2,96,0.0,7.439911842346191
2,5.0,1,2,97,0.0,7.4415998458862305
2,5.0,1,2,98,0.0,7.442971229553223
2,5.0,1,2,99,0.0,7.444342136383057
2,5.0,1,2,100,0.0,7.445554733276367
2,5.0,2,0,0,0.004345195833593607,4.999985218048096
2,5.0,2,0,1,0.004345195833593607,4.999985218048096
2,5.0,2,0,2,0.0024412672501057386,4.955114364624023
2,5.0,2,0,3,0.0006254783365875483,4.490214824676514
2,5.0,2,0,4,0.0016134472098201513,4.269575119018555
2,5.0,2,0,5,0.005437957588583231,4.151429653167725
2,5.0,2,0,6,0.0036105657927691936,3.864117383956909
2,5.0,2,0,7,0.0034860989544540644,3.5330231189727783
2,5.0,2,0,8,0.00575884897261858,3.1976964473724365
2,5.0,2,0,9,0.007856485433876514,2.9621365070343018
2,5.0,2,0,10,0.007930085994303226,2.8489506244659424
2,5.0,2,0,11,0.005602311808615923,2.7669689655303955
2,5.0,2,0,12,0.003963063471019268,2.7356646060943604
2,5.0,2,0,13,0.006035642698407173,2.701101064682007
2,5.0,2,0,14,0.007067933212965727,2.654021739959717
2,5.0,2,0,15,0.010730983689427376,2.638784885406494
2,5.0,2,0,16,0.01161509845405817,2.5483720302581787
2,5.0,2,0,17,0.008936950005590916,2.4544737339019775
2,5.0,2,0,18,0.008209806866943836,2.348187208175659
2,5.0,2,0,19,0.009502117522060871,2.204247236251831
2,5.0,2,0,20,0.010680980049073696,2.048703908920288
2,5.0,2,0,21,0.014510024338960648,1.8196216821670532
2,5.0,2,0,22,0.020053928717970848,1.5440833568572998
2,5.0,2,0,23,0.026980211958289146,1.326479434967041
2,5.0,2,0,24,0.03897006809711456,1.1572442054748535
2,5.0,2,0,25,0.02340800315141678,1.250231146812439
2,5.0,2,0,26,0.0017875096527859569,1.7043317556381226
2,5.0,2,0,27,0.004089432302862406,2.2414042949676514
2,5.0,2,0,28,0.0022934412118047476,2.7647042274475098
2,5.0,2,0,29,0.0036676765885204077,3.255098581314087
2,5.0,2,0,30,0.006091357674449682,3.700204849243164
2,5.0,2,0,31,0.004233802668750286,4.106560707092285
2,5.0,2,0,32,0.0027725978288799524,4.485326290130615
2,5.0,2,0,33,0.005659898277372122,4.837965965270996
2,5.0,2,0,34,0.004199819173663855,5.171270847320557
2,5.0,2,0,35,0.003869794774800539,5.460701942443848
2,5.0,2,0,36,0.003935254644602537,5.706743240356445
2,5.0,2,0,37,0.0043321396224200726,5.912147521972656
2,5.0,2,0,38,0.004145412240177393,6.0870819091796875
2,5.0,2,0,39,0.0037802644073963165,6.26102876663208
2,5.0,2,0,40,0.003844005521386862,6.446796894073486
2,5.0,2,0,41,0.004222743213176727,6.644286155700684
2,5.0,2,0,42,0.004329463932663202,6.839653491973877
2,5.0,2,0,43,0.004091551993042231,7.000032424926758
2,5.0,2,0,44,0.00426436448469758,7.119955062866211
2,5.0,2,0,45,0.004293092992156744,7.203341007232666
2,5.0,2,0,46,0.004145631100982428,7.295034408569336
2,5.0,2,0,47,0.004125693812966347,7.396639347076416
2,5.0,2,0,48,0.004247955046594143,7.508016586303711
2,5.0,2,0,49,0.004400237929075956,7.627250671386719
2,5.0,2,0,50,0.0042613111436367035,7.735530376434326
2,5.0,2,0,51,0.004389703273773193,7.803132057189941
2,5.0,2,0,52,0.004349140450358391,7.841473579406738
2,5.0,2,0,53,0.004247980657964945,7.894511699676514
2,5.0,2,0,54,0.004281714092940092,7.963089942932129
2,5.0,2,0,55,0.004413692280650139,8.04549503326416
2,5.0,2,0,56,0.004325930029153824,8.138367652893066
2,5.0,2,0,57,0.00436837924644351,8.18863296508789
2,5.0,2,0,58,0.004397751297801733,8.20022964477539
2,5.0,2,0,59,0.004287480842322111,8.230247497558594
2,5.0,2,0,60,0.004301117267459631,8.279247283935547
2,5.0,2,0,61,0.004440196789801121,8.345295906066895
2,5.0,2,0,62,0.0023428082931786776,8.424454689025879
2,5.0,2,0,63,0.0023424422834068537,8.461576461791992
2,5.0,2,0,64,0.0024572613183408976,8.460463523864746
2,5.0,2,0,65,0.00246619270183146,8.457304954528809
2,5.0,2,0,66,0.003935575485229492,8.454843521118164
2,5.0,2,0,67,0.0024234256707131863,8.4981689453125
2,5.0,2,0,68,0.0024598482996225357,8.558687210083008
2,5.0,2,0,69,0.0024413783103227615,8.612536430358887
2,5.0,2,0,70,0.0022970351856201887,8.658073425292969
2,5.0,2,0,71,0.0024320785887539387,8.662700653076172
2,5.0,2,0,72,0.00244834809564054,8.662610054016113
2,5.0,2,0,73,0.0024587579537183046,8.659661293029785
2,5.0,2,0,74,0.0024620331823825836,8.655487060546875
2,5.0,2,0,75,0.0024308483116328716,8.65153694152832
2,5.0,2,0,76,0.002456233138218522,8.670495986938477
2,5.0,2,0,77,0.0024575041607022285,8.688329696655273
2,5.0,2,0,78,0.0024573763366788626,8.704591751098633
2,5.0,2,0,79,0.0024571274407207966,8.718931198120117
2,5.0,2,0,80,0.0024560093879699707,8.73108959197998
2,5.0,2,0,81,0.0024553618859499693,8.74089241027832
2,5.0,2,0,82,0.00245462148450315,8.748305320739746
2,5.0,2,0,83,0.0024547858629375696,8.753378868103027
2,5.0,2,0,84,0.0024553798139095306,8.756295204162598
2,5.0,2,0,85,0.0024559523444622755,8.757416725158691
2,5.0,2,0,86,0.0024565872736275196,8.757102966308594
2,5.0,2,0,87,0.0024572042748332024,8.755757331848145
2,5.0,2,0,88,0.002457616152241826,8.753737449645996
2,5.0,2,0,89,0.002449348336085677,8.751493453979492
2,5.0,2,0,90,0.0024490845389664173,8.749382972717285
2,5.0,2,0,91,0.002448646118864417,8.747542381286621
2,5.0,2,0,92,0.002448427490890026,8.746329307556152
2,5.0,2,0,93,0.0024483073502779007,8.745744705200195
2,5.0,2,0,94,0.002448250772431493,8.745835304260254
2,5.0,2,0,95,0.0024485760368406773,8.746374130249023
2,5.0,2,0,96,0.002448677085340023,8.747406959533691
2,5.0,2,0,97,0.002448787447065115,8.748664855957031
2,5.0,2,0,98,0.0024575956631451845,8.749966621398926
2,5.0,2,0,99,0.0024576960131525993,8.751044273376465
2,5.0,2,0,100,0.0024576273281127214,8.751718521118164
2,5.0,2,1,0,0.006803521420806646,4.999985218048096
2,5.0,2,1,1,0.006803521420806646,4.999985218048096
2,5.0,2,1,2,0.006063071545213461,4.786428451538086
2,5.0,2,1,3,0.007166024763137102,4.130810260772705
2,5.0,2,1,4,0.015792030841112137,3.619093894958496
2,5.0,2,1,5,0.01384239923208952,3.363131284713745
2,5.0,2,1,6,0.01645645871758461,2.940380334854126
2,5.0,2,1,7,0.01785176247358322,2.498105049133301
2,5.0,2,1,8,0.030039003118872643,2.0620346069335938
2,5.0,2,1,9,0.04756699502468109,1.691653847694397
2,5.0,2,1,10,0.06454142928123474,1.5339107513427734
2,5.0,2,1,11,0.08255649358034134,1.6452051401138306
2,5.0,2,1,12,0.05701642856001854,1.9359333515167236
2,5.0,2,1,13,0.005151062738150358,2.400614023208618
2,5.0,2,1,14,0.005996428430080414,2.8511483669281006
2,5.0,2,1,15,0.0077372388914227486,3.236279249191284
2,5.0,2,1,16,0.008243185468018055,3.56919264793396
2,5.0,2,1,17,0.010315385647118092,3.888970375061035
2,5.0,2,1,18,0.007160494104027748,4.195539951324463
2,5.0,2,1,19,0.006186508573591709,4.494139194488525
2,5.0,2,1,20,0.005555006675422192,4.781924247741699
2,5.0,2,1,21,0.005233286414295435,5.057258129119873
2,5.0,2,1,22,0.004923411179333925,5.310723304748535
2,5.0,2,1,23,0.004792310297489166,5.545527458190918
2,5.0,2,1,24,0.004662252496927977,5.7568039894104
2,5.0,2,1,25,0.0045432415790855885,5.954171657562256
2,5.0,2,1,26,0.004331144969910383,6.137692451477051
2,5.0,2,1,27,0.0046518538147211075,6.282037258148193
2,5.0,2,1,28,0.0031483846250921488,6.381929874420166
2,5.0,2,1,29,0.003495221957564354,6.446249961853027
2,5.0,2,1,30,0.004345166962593794,6.477625846862793
2,5.0,2,1,31,0.005258547142148018,6.48228645324707
2,5.0,2,1,32,0.005421522073447704,6.491354942321777
2,5.0,2,1,33,0.005541006103157997,6.494858264923096
2,5.0,2,1,34,0.00712097343057394,6.5340495109558105
2,5.0,2,1,35,0.006974177900701761,6.611917495727539
2,5.0,2,1,36,0.005261723417788744,6.724090576171875
2,5.0,2,1,37,0.003978298511356115,6.859869003295898
2,5.0,2,1,38,0.004529937636107206,7.010952949523926
2,5.0,2,1,39,0.004728663247078657,7.1776933670043945
2,5.0,2,1,40,0.003970173187553883,7.334410190582275
2,5.0,2,1,41,0.0034338070545345545,7.449295997619629
2,5.0,2,1,42,0.0039786696434021,7.519247055053711
2,5.0,2,1,43,0.004288301803171635,7.550863265991211
2,5.0,2,1,44,0.004789798054844141,7.547327995300293
2,5.0,2,1,45,0.0047989338636398315,7.543843746185303
2,5.0,2,1,46,0.004683049861341715,7.557046413421631
2,5.0,2,1,47,0.004542283248156309,7.579501628875732
2,5.0,2,1,48,0.004572226665914059,7.623647689819336
2,5.0,2,1,49,0.004930522758513689,7.7118988037109375
2,5.0,2,1,50,0.005332041997462511,7.816552639007568
2,5.0,2,1,51,0.005451483651995659,7.928552150726318
2,5.0,2,1,52,0.005247489549219608,8.025167465209961
2,5.0,2,1,53,0.0050779120065271854,8.100987434387207
2,5.0,2,1,54,0.004966439679265022,8.149216651916504
2,5.0,2,1,55,0.0034458318259567022,8.182205200195312
2,5.0,2,1,56,0.0034604347310960293,8.207696914672852
2,5.0,2,1,57,0.0034897825680673122,8.224568367004395
2,5.0,2,1,58,0.0034918508026748896,8.230916023254395
2,5.0,2,1,59,0.003953322768211365,8.236019134521484
2,5.0,2,1,60,0.00391400046646595,8.243596076965332
2,5.0,2,1,61,0.00390231073834002,8.26158332824707
2,5.0,2,1,62,0.004058250226080418,8.288728713989258
2,5.0,2,1,63,0.004032945726066828,8.32362174987793
2,5.0,2,1,64,0.004060414619743824,8.366165161132812
2,5.0,2,1,65,0.0040740505792200565,8.416712760925293
2,5.0,2,1,66,0.004093697760254145,8.467516899108887
2,5.0,2,1,67,0.004103715531527996,8.52180004119873
2,5.0,2,1,68,0.004107597749680281,8.570977210998535
2,5.0,2,1,69,0.004127660300582647,8.619330406188965
2,5.0,2,1,70,0.004173195455223322,8.670768737792969
2,5.0,2,1,71,0.003701836569234729,8.729874610900879
2,5.0,2,1,72,0.004330740310251713,8.820357322692871
2,5.0,2,1,73,0.0041680969297885895,8.913633346557617
2,5.0,2,1,74,0.002623171079903841,8.981831550598145
2,5.0,2,1,75,0.0026285401545464993,9.012928009033203
2,5.0,2,1,76,0.002909002359956503,9.010224342346191
2,5.0,2,1,77,0.003292697947472334,8.979643821716309
2,5.0,2,1,78,0.003438795916736126,8.954360008239746
2,5.0,2,1,79,0.003336180467158556,8.950277328491211
2,5.0,2,1,80,0.0032585165463387966,8.967777252197266
2,5.0,2,1,81,0.003233296098187566,9.001542091369629
2,5.0,2,1,82,0.0032367303501814604,9.047914505004883
2,5.0,2,1,83,0.0032552238553762436,9.105842590332031
2,5.0,2,1,84,0.0033248765394091606,9.176737785339355
2,5.0,2,1,85,0.0034042694605886936,9.262382507324219
2,5.0,2,1,86,0.003391904290765524,9.357211112976074
2,5.0,2,1,87,0.0033352188766002655,9.434359550476074
2,5.0,2,1,88,0.0033213826827704906,9.502038955688477
2,5.0,2,1,89,0.0033219577744603157,9.5643949508667
2,5.0,2,1,90,0.003328595543280244,9.623244285583496
2,5.0,2,1,91,0.0033427001908421516,9.678328514099121
2,5.0,2,1,92,0.0033742710947990417,9.728093147277832
2,5.0,2,1,93,0.003464877139776945,9.76867389678955
2,5.0,2,1,94,0.0034432499669492245,9.793439865112305
2,5.0,2,1,95,0.003397546708583832,9.833192825317383
2,5.0,2,1,96,0.0019951271824538708,9.893321990966797
2,5.0,2,1,97,0.002023503417149186,9.946569442749023
2,5.0,2,1,98,0.002080181846395135,9.99335765838623
2,5.0,2,1,99,0.001481225248426199,10.025895118713379
2,5.0,2,1,100,0.0015031227376312017,10.060595512390137
2,5.0,2,2,0,0.013147411867976189,4.999985218048096
2,5.0,2,2,1,0.013147411867976189,4.999985218048096
2,5.0,2,2,2,0.020949289202690125,4.043896675109863
2,5.0,2,2,3,0.023433014750480652,3.4311375617980957
2,5.0,2,2,4,0.034848690032958984,2.832550287246704
2,5.0,2,2,5,0.05193689092993736,2.182295322418213
2,5.0,2,2,6,0.0863134041428566,1.5076602697372437
2,5.0,2,2,7,0.16499054431915283,0.8659235239028931
2,5.0,2,2,8,0.3031804859638214,0.4140145778656006
2,5.0,2,2,9,0.4237990379333496,0.4015384614467621
2,5.0,2,2,10,0.321654349565506,0.6311807632446289
2,5.0,2,2,11,0.3581382930278778,0.5914912819862366
2,5.0,2,2,12,0.4131084382534027,0.42336151003837585
2,5.0,2,2,13,0.4022431969642639,0.3214254081249237
2,5.0,2,2,14,0.36803942918777466,0.3549819588661194
2,5.0,2,2,15,0.38746222853660583,0.38866204023361206
2,5.0,2,2,16,0.4399704039096832,0.4647810161113739
2,5.0,2,2,17,0.4034051299095154,0.6065179109573364
2,5.0,2,2,18,0.38904133439064026,0.6795496940612793
2,5.0,2,2,19,0.4293252229690552,0.6679324507713318
2,5.0,2,2,20,0.4276437759399414,0.6268255114555359
2,5.0,2,2,21,0.41704532504081726,0.600030779838562
2,5.0,2,2,22,0.41938316822052,0.6205507516860962
2,5.0,2,2,23,0.42535021901130676,0.7105183601379395
2,5.0,2,2,24,0.4307485520839691,0.8434872031211853
2,5.0,2,2,25,0.4263801872730255,0.9610340595245361
2,5.0,2,2,26,0.4220440983772278,1.0110435485839844
2,5.0,2,2,27,0.43943101167678833,0.9954397082328796
2,5.0,2,2,28,0.4310876131057739,0.9755840301513672
2,5.0,2,2,29,0.42273417115211487,1.0009287595748901
2,5.0,2,2,30,0.43578797578811646,1.0860649347305298
2,5.0,2,2,31,0.43743467330932617,1.2091749906539917
2,5.0,2,2,32,0.4336884319782257,1.3086568117141724
2,5.0,2,2,33,0.4313947558403015,1.3533517122268677
2,5.0,2,2,34,0.43644192814826965,1.364870309829712
2,5.0,2,2,35,0.4367467164993286,1.3811185359954834
2,5.0,2,2,36,0.43407142162323,1.430670976638794
2,5.0,2,2,37,0.439713716506958,1.5120669603347778
2,5.0,2,2,38,0.4376014173030853,1.6062031984329224
2,5.0,2,2,39,0.4336187541484833,1.6935038566589355
2,5.0,2,2,40,0.43705397844314575,1.7545735836029053
2,5.0,2,2,41,0.43897655606269836,1.788159728050232
2,5.0,2,2,42,0.4357132017612457,1.812293291091919
2,5.0,2,2,43,0.42631059885025024,1.8667640686035156
2,5.0,2,2,44,0.425443559885025,1.9562474489212036
2,5.0,2,2,45,0.4069088101387024,2.058424949645996
2,5.0,2,2,46,0.3796220123767853,2.1314806938171387
2,5.0,2,2,47,0.3570055067539215,2.169342279434204
2,5.0,2,2,48,0.34559178352355957,2.194636821746826
2,5.0,2,2,49,0.31989625096321106,2.2280921936035156
2,5.0,2,2,50,0.2994881272315979,2.2885849475860596
2,5.0,2,2,51,0.2540343701839447,2.3676114082336426
2,5.0,2,2,52,0.23289985954761505,2.441520929336548
2,5.0,2,2,53,0.19962015748023987,2.50217604637146
2,5.0,2,2,54,0.17951589822769165,2.546220541000366
2,5.0,2,2,55,0.1706043928861618,2.5816431045532227
2,5.0,2,2,56,0.16315621137619019,2.6156888008117676
2,5.0,2,2,57,0.15233606100082397,2.650183916091919
2,5.0,2,2,58,0.14476360380649567,2.6939897537231445
2,5.0,2,2,59,0.11988142877817154,2.7482290267944336
2,5.0,2,2,60,0.10564596951007843,2.8060271739959717
2,5.0,2,2,61,0.058778807520866394,2.8629329204559326
2,5.0,2,2,62,0.043432723730802536,2.9138975143432617
2,5.0,2,2,63,0.02154918946325779,2.954725503921509
2,5.0,2,2,64,0.01515236683189869,2.986750841140747
2,5.0,2,2,65,0.01170297060161829,3.0132436752319336
2,5.0,2,2,66,0.011597123928368092,3.038604259490967
2,5.0,2,2,67,0.009871179237961769,3.0665647983551025
2,5.0,2,2,68,0.007278313860297203,3.096423625946045
2,5.0,2,2,69,0.005944086238741875,3.126373052597046
2,5.0,2,2,70,0.0021806114818900824,3.1539289951324463
2,5.0,2,2,71,0.0022616731002926826,3.1819846630096436
2,5.0,2,2,72,0.0023774211294949055,3.2105274200439453
2,5.0,2,2,73,0.0007044064695946872,3.239302396774292
2,5.0,2,2,74,0.000680510769598186,3.2649474143981934
2,5.0,2,2,75,0.0006667972775176167,3.287416458129883
2,5.0,2,2,76,0.0006571317790076137,3.3074843883514404
2,5.0,2,2,77,0.0006509862141683698,3.324841260910034
2,5.0,2,2,78,0.0006477587157860398,3.340350866317749
2,5.0,2,2,79,0.0006475118570961058,3.353687286376953
2,5.0,2,2,80,0.0006497891736216843,3.3652265071868896
2,5.0,2,2,81,0.0029831170104444027,3.3751022815704346
2,5.0,2,2,82,0.0029793286230415106,3.383213758468628
2,5.0,2,2,83,0.0029801162891089916,3.3896889686584473
2,5.0,2,2,84,0.0006821188144385815,3.394883155822754
2,5.0,2,2,85,0.0006994226714596152,3.3986873626708984
2,5.0,2,2,86,0.0007196466322056949,3.401451349258423
2,5.0,2,2,87,0.000741968397051096,3.403292655944824
2,5.0,2,2,88,0.0007667277241125703,3.4044432640075684
2,5.0,2,2,89,0.0007928902632556856,3.4046733379364014
2,5.0,2,2,90,0.0008203262696042657,3.4044432640075684
2,5.0,2,2,91,0.0008489582105539739,3.4035227298736572
2,5.0,2,2,92,0.000878206396009773,3.402026891708374
2,5.0,2,2,93,0.0009080245508812368,3.4001846313476562
2,5.0,2,2,94,0.0009585008374415338,3.398111343383789
2,5.0,2,2,95,0.0010194949572905898,3.394998550415039
2,5.0,2,2,96,0.0010846323566511273,3.39119029045105
2,5.0,2,2,97,0.001155964913778007,3.386568546295166
2,5.0,2,2,98,0.0012252537999302149,3.381361484527588
2,5.0,2,2,99,0.0012946445494890213,3.375798463821411
2,5.0,2,2,100,0.004276624880731106,3.369877576828003
