H3/realistic_s0: 500 tasks (0 cached), 10 workers
/Users/sfli/Research/IceNine/icenine_py/icenine/experiment_setup.py:293: UserWarning: Step size file reading not yet implemented: ConfigFiles/Optimization.2Det
  self.optimization_info = self._read_step_size_file(
/Users/sfli/Research/IceNine/icenine_py/icenine/experiment_setup.py:298: UserWarning: Step size file reading not yet implemented: ConfigFiles/Sensitivity.2Det
  self.detection_sensitivity = self._read_step_size_file(
/Users/sfli/Research/IceNine/icenine_py/icenine/experiment_setup.py:303: UserWarning: Step size file reading not yet implemented: ConfigFiles/Constrain.2L
  self.optimization_constrains = self._read_step_size_file(
/Users/sfli/Research/IceNine/icenine_py/icenine/experiment_setup.py:502: UserWarning: Gimbal lock detected. Setting third angle to zero since it is not possible to uniquely determine all angles.
  sample.rotate(
/Users/sfli/Research/IceNine/icenine_py/icenine/experiment_setup.py:293: UserWarning: Step size file reading not yet implemented: ConfigFiles/Optimization.2Det
  self.optimization_info = self._read_step_size_file(
/Users/sfli/Research/IceNine/icenine_py/icenine/experiment_setup.py:298: UserWarning: Step size file reading not yet implemented: ConfigFiles/Sensitivity.2Det
  self.detection_sensitivity = self._read_step_size_file(
/Users/sfli/Research/IceNine/icenine_py/icenine/experiment_setup.py:303: UserWarning: Step size file reading not yet implemented: ConfigFiles/Constrain.2L
  self.optimization_constrains = self._read_step_size_file(
/Users/sfli/Research/IceNine/icenine_py/icenine/experiment_setup.py:502: UserWarning: Gimbal lock detected. Setting third angle to zero since it is not possible to uniquely determine all angles.
  sample.rotate(
/Users/sfli/Research/IceNine/icenine_py/icenine/experiment_setup.py:293: UserWarning: Step size file reading not yet implemented: ConfigFiles/Optimization.2Det
  self.optimization_info = self._read_step_size_file(
/Users/sfli/Research/IceNine/icenine_py/icenine/experiment_setup.py:298: UserWarning: Step size file reading not yet implemented: ConfigFiles/Sensitivity.2Det
  self.detection_sensitivity = self._read_step_size_file(
/Users/sfli/Research/IceNine/icenine_py/icenine/experiment_setup.py:303: UserWarning: Step size file reading not yet implemented: ConfigFiles/Constrain.2L
  self.optimization_constrains = self._read_step_size_file(
/Users/sfli/Research/IceNine/icenine_py/icenine/experiment_setup.py:502: UserWarning: Gimbal lock detected. Setting third angle to zero since it is not possible to uniquely determine all angles.
  sample.rotate(
/Users/sfli/Research/IceNine/icenine_py/icenine/experiment_setup.py:293: UserWarning: Step size file reading not yet implemented: ConfigFiles/Optimization.2Det
  self.optimization_info = self._read_step_size_file(
/Users/sfli/Research/IceNine/icenine_py/icenine/experiment_setup.py:298: UserWarning: Step size file reading not yet implemented: ConfigFiles/Sensitivity.2Det
  self.detection_sensitivity = self._read_step_size_file(
/Users/sfli/Research/IceNine/icenine_py/icenine/experiment_setup.py:303: UserWarning: Step size file reading not yet implemented: ConfigFiles/Constrain.2L
  self.optimization_constrains = self._read_step_size_file(
/Users/sfli/Research/IceNine/icenine_py/icenine/experiment_setup.py:502: UserWarning: Gimbal lock detected. Setting third angle to zero since it is not possible to uniquely determine all angles.
  sample.rotate(
/Users/sfli/Research/IceNine/icenine_py/icenine/experiment_setup.py:293: UserWarning: Step size file reading not yet implemented: ConfigFiles/Optimization.2Det
  self.optimization_info = self._read_step_size_file(
/Users/sfli/Research/IceNine/icenine_py/icenine/experiment_setup.py:298: UserWarning: Step size file reading not yet implemented: ConfigFiles/Sensitivity.2Det
  self.detection_sensitivity = self._read_step_size_file(
/Users/sfli/Research/IceNine/icenine_py/icenine/experiment_setup.py:303: UserWarning: Step size file reading not yet implemented: ConfigFiles/Constrain.2L
  self.optimization_constrains = self._read_step_size_file(
/Users/sfli/Research/IceNine/icenine_py/icenine/experiment_setup.py:502: UserWarning: Gimbal lock detected. Setting third angle to zero since it is not possible to uniquely determine all angles.
  sample.rotate(
/Users/sfli/Research/IceNine/icenine_py/icenine/experiment_setup.py:293: UserWarning: Step size file reading not yet implemented: ConfigFiles/Optimization.2Det
  self.optimization_info = self._read_step_size_file(
/Users/sfli/Research/IceNine/icenine_py/icenine/experiment_setup.py:298: UserWarning: Step size file reading not yet implemented: ConfigFiles/Sensitivity.2Det
  self.detection_sensitivity = self._read_step_size_file(
/Users/sfli/Research/IceNine/icenine_py/icenine/experiment_setup.py:303: UserWarning: Step size file reading not yet implemented: ConfigFiles/Constrain.2L
  self.optimization_constrains = self._read_step_size_file(
/Users/sfli/Research/IceNine/icenine_py/icenine/experiment_setup.py:502: UserWarning: Gimbal lock detected. Setting third angle to zero since it is not possible to uniquely determine all angles.
  sample.rotate(
/Users/sfli/Research/IceNine/icenine_py/icenine/experiment_setup.py:293: UserWarning: Step size file reading not yet implemented: ConfigFiles/Optimization.2Det
  self.optimization_info = self._read_step_size_file(
/Users/sfli/Research/IceNine/icenine_py/icenine/experiment_setup.py:298: UserWarning: Step size file reading not yet implemented: ConfigFiles/Sensitivity.2Det
  self.detection_sensitivity = self._read_step_size_file(
/Users/sfli/Research/IceNine/icenine_py/icenine/experiment_setup.py:303: UserWarning: Step size file reading not yet implemented: ConfigFiles/Constrain.2L
  self.optimization_constrains = self._read_step_size_file(
/Users/sfli/Research/IceNine/icenine_py/icenine/experiment_setup.py:502: UserWarning: Gimbal lock detected. Setting third angle to zero since it is not possible to uniquely determine all angles.
  sample.rotate(
/Users/sfli/Research/IceNine/icenine_py/icenine/experiment_setup.py:293: UserWarning: Step size file reading not yet implemented: ConfigFiles/Optimization.2Det
  self.optimization_info = self._read_step_size_file(
/Users/sfli/Research/IceNine/icenine_py/icenine/experiment_setup.py:298: UserWarning: Step size file reading not yet implemented: ConfigFiles/Sensitivity.2Det
  self.detection_sensitivity = self._read_step_size_file(
/Users/sfli/Research/IceNine/icenine_py/icenine/experiment_setup.py:303: UserWarning: Step size file reading not yet implemented: ConfigFiles/Constrain.2L
  self.optimization_constrains = self._read_step_size_file(
/Users/sfli/Research/IceNine/icenine_py/icenine/experiment_setup.py:502: UserWarning: Gimbal lock detected. Setting third angle to zero since it is not possible to uniquely determine all angles.
  sample.rotate(
/Users/sfli/Research/IceNine/icenine_py/icenine/experiment_setup.py:293: UserWarning: Step size file reading not yet implemented: ConfigFiles/Optimization.2Det
  self.optimization_info = self._read_step_size_file(
/Users/sfli/Research/IceNine/icenine_py/icenine/experiment_setup.py:298: UserWarning: Step size file reading not yet implemented: ConfigFiles/Sensitivity.2Det
  self.detection_sensitivity = self._read_step_size_file(
/Users/sfli/Research/IceNine/icenine_py/icenine/experiment_setup.py:303: UserWarning: Step size file reading not yet implemented: ConfigFiles/Constrain.2L
  self.optimization_constrains = self._read_step_size_file(
/Users/sfli/Research/IceNine/icenine_py/icenine/experiment_setup.py:502: UserWarning: Gimbal lock detected. Setting third angle to zero since it is not possible to uniquely determine all angles.
  sample.rotate(
/Users/sfli/Research/IceNine/icenine_py/icenine/experiment_setup.py:293: UserWarning: Step size file reading not yet implemented: ConfigFiles/Optimization.2Det
  self.optimization_info = self._read_step_size_file(
/Users/sfli/Research/IceNine/icenine_py/icenine/experiment_setup.py:298: UserWarning: Step size file reading not yet implemented: ConfigFiles/Sensitivity.2Det
  self.detection_sensitivity = self._read_step_size_file(
/Users/sfli/Research/IceNine/icenine_py/icenine/experiment_setup.py:303: UserWarning: Step size file reading not yet implemented: ConfigFiles/Constrain.2L
  self.optimization_constrains = self._read_step_size_file(
/Users/sfli/Research/IceNine/icenine_py/icenine/experiment_setup.py:502: UserWarning: Gimbal lock detected. Setting third angle to zero since it is not possible to uniquely determine all angles.
  sample.rotate(
  [H3 1/500] voxel 7336 r#9 done in 56s (58s total)
  [H3 2/500] voxel 7336 r#4 done in 95s (97s total)
  [H3 3/500] voxel 7336 r#0 done in 96s (98s total)
  [H3 4/500] voxel 7336 r#5 done in 96s (99s total)
  [H3 5/500] voxel 7336 r#3 done in 96s (99s total)
  [H3 6/500] voxel 7336 r#8 done in 97s (99s total)
  [H3 7/500] voxel 7336 r#2 done in 100s (103s total)
  [H3 8/500] voxel 7336 r#6 done in 102s (105s total)
  [H3 9/500] voxel 7336 r#1 done in 103s (106s total)
  [H3 10/500] voxel 7336 r#7 done in 106s (109s total)
  [H3 11/500] voxel 3108 r#0 done in 106s (164s total)
  [H3 12/500] voxel 3108 r#9 done in 68s (177s total)
  [H3 13/500] voxel 3108 r#4 done in 85s (184s total)
  [H3 14/500] voxel 3108 r#2 done in 89s (187s total)
  [H3 15/500] voxel 3108 r#1 done in 93s (190s total)
  [H3 16/500] voxel 3108 r#3 done in 92s (191s total)
  [H3 17/500] voxel 3108 r#5 done in 92s (192s total)
  [H3 18/500] voxel 3108 r#8 done in 91s (197s total)
  [H3 19/500] voxel 3108 r#7 done in 95s (199s total)
  [H3 20/500] voxel 3108 r#6 done in 101s (204s total)
  [H3 21/500] voxel 2910 r#0 done in 97s (262s total)
  [H3 22/500] voxel 2910 r#2 done in 86s (270s total)
  [H3 23/500] voxel 2910 r#3 done in 92s (280s total)
  [H3 24/500] voxel 2910 r#9 done in 76s (280s total)
  [H3 25/500] voxel 2910 r#7 done in 84s (281s total)
  [H3 26/500] voxel 2910 r#5 done in 92s (282s total)
  [H3 27/500] voxel 2910 r#1 done in 109s (286s total)
  [H3 28/500] voxel 2910 r#8 done in 92s (291s total)
  [H3 29/500] voxel 2910 r#6 done in 103s (295s total)
  [H3 30/500] voxel 2910 r#4 done in 107s (297s total)
  [H3 31/500] voxel 16182 r#0 done in 87s (349s total)
  [H3 32/500] voxel 16182 r#9 done in 56s (353s total)
  [H3 33/500] voxel 16182 r#3 done in 83s (363s total)
  [H3 34/500] voxel 16182 r#1 done in 94s (364s total)
  [H3 35/500] voxel 16182 r#2 done in 85s (365s total)
  [H3 36/500] voxel 16182 r#7 done in 87s (378s total)
  [H3 37/500] voxel 16182 r#5 done in 97s (379s total)
  [H3 38/500] voxel 16182 r#6 done in 95s (381s total)
  [H3 39/500] voxel 16182 r#4 done in 103s (384s total)
  [H3 40/500] voxel 16182 r#8 done in 100s (394s total)
  [H3 41/500] voxel 16269 r#1 done in 50s (403s total)
  [H3 42/500] voxel 16269 r#0 done in 56s (405s total)
  [H3 43/500] voxel 16269 r#3 done in 51s (415s total)
  [H3 44/500] voxel 16269 r#4 done in 56s (421s total)
  [H3 45/500] voxel 16269 r#2 done in 59s (422s total)
  [H3 46/500] voxel 16269 r#5 done in 52s (430s total)
  [H3 47/500] voxel 16269 r#6 done in 51s (431s total)
  [H3 48/500] voxel 16269 r#8 done in 49s (433s total)
  [H3 49/500] voxel 16269 r#7 done in 53s (434s total)
  [H3 50/500] voxel 16269 r#9 done in 41s (435s total)
  [H3 51/500] voxel 21356 r#0 done in 89s (492s total)
  [H3 52/500] voxel 21356 r#2 done in 79s (494s total)
  [H3 53/500] voxel 21356 r#1 done in 91s (496s total)
  [H3 54/500] voxel 21356 r#3 done in 81s (502s total)
  [H3 55/500] voxel 21356 r#4 done in 82s (504s total)
  [H3 56/500] voxel 21356 r#9 done in 72s (507s total)
  [H3 57/500] voxel 21356 r#5 done in 80s (510s total)
  [H3 58/500] voxel 21356 r#7 done in 81s (514s total)
  [H3 59/500] voxel 21356 r#6 done in 86s (517s total)
  [H3 60/500] voxel 21356 r#8 done in 90s (524s total)
  [H3 61/500] voxel 20406 r#0 done in 73s (565s total)
  [H3 62/500] voxel 20406 r#1 done in 75s (569s total)
  [H3 63/500] voxel 20406 r#2 done in 74s (570s total)
  [H3 64/500] voxel 20406 r#4 done in 73s (577s total)
  [H3 65/500] voxel 20406 r#3 done in 76s (578s total)
  [H3 66/500] voxel 20406 r#5 done in 72s (578s total)
  [H3 67/500] voxel 20406 r#6 done in 69s (579s total)
  [H3 68/500] voxel 20406 r#7 done in 71s (584s total)
  [H3 69/500] voxel 20406 r#9 done in 62s (585s total)
  [H3 70/500] voxel 20406 r#8 done in 72s (589s total)
  [H3 71/500] voxel 20206 r#0 done in 75s (640s total)
  [H3 72/500] voxel 20206 r#2 done in 77s (648s total)
  [H3 73/500] voxel 20206 r#1 done in 79s (648s total)
  [H3 74/500] voxel 20206 r#9 done in 65s (654s total)
  [H3 75/500] voxel 20206 r#6 done in 75s (654s total)
  [H3 76/500] voxel 20206 r#4 done in 77s (655s total)
  [H3 77/500] voxel 20206 r#3 done in 80s (657s total)
  [H3 78/500] voxel 20206 r#7 done in 75s (659s total)
  [H3 79/500] voxel 20206 r#5 done in 90s (668s total)
  [H3 80/500] voxel 20206 r#8 done in 86s (671s total)
  [H3 81/500] voxel 3142 r#0 done in 63s (703s total)
  [H3 82/500] voxel 3142 r#2 done in 64s (712s total)
  [H3 83/500] voxel 3142 r#1 done in 66s (714s total)
  [H3 84/500] voxel 3142 r#4 done in 63s (717s total)
  [H3 85/500] voxel 3142 r#3 done in 67s (721s total)
  [H3 86/500] voxel 3142 r#6 done in 67s (725s total)
  [H3 87/500] voxel 3142 r#5 done in 70s (725s total)
  [H3 88/500] voxel 3142 r#7 done in 67s (726s total)
  [H3 89/500] voxel 3142 r#9 done in 55s (726s total)
  [H3 90/500] voxel 3142 r#8 done in 69s (737s total)
  [H3 91/500] voxel 20480 r#0 done in 65s (768s total)
  [H3 92/500] voxel 20480 r#1 done in 66s (778s total)
  [H3 93/500] voxel 20480 r#2 done in 67s (781s total)
  [H3 94/500] voxel 20480 r#3 done in 65s (783s total)
  [H3 95/500] voxel 20480 r#9 done in 48s (785s total)
  [H3 96/500] voxel 20480 r#4 done in 67s (789s total)
  [H3 97/500] voxel 20480 r#6 done in 67s (792s total)
  [H3 98/500] voxel 20480 r#5 done in 69s (794s total)
  [H3 99/500] voxel 20480 r#7 done in 70s (796s total)
  [H3 100/500] voxel 20480 r#8 done in 70s (796s total)
  [H3 101/500] voxel 2177 r#0 done in 59s (827s total)
  [H3 102/500] voxel 2177 r#1 done in 60s (837s total)
  [H3 103/500] voxel 2177 r#3 done in 62s (845s total)
  [H3 104/500] voxel 2177 r#2 done in 64s (845s total)
  [H3 105/500] voxel 2177 r#4 done in 65s (850s total)
  [H3 106/500] voxel 2177 r#9 done in 54s (850s total)
  [H3 107/500] voxel 2177 r#5 done in 62s (851s total)
  [H3 108/500] voxel 2177 r#6 done in 63s (854s total)
  [H3 109/500] voxel 2177 r#7 done in 64s (858s total)
  [H3 110/500] voxel 2177 r#8 done in 64s (859s total)
  [H3 111/500] voxel 13884 r#0 done in 71s (898s total)
  [H3 112/500] voxel 13884 r#2 done in 74s (918s total)
  [H3 113/500] voxel 13884 r#3 done in 75s (920s total)
  [H3 114/500] voxel 13884 r#1 done in 83s (920s total)
  [H3 115/500] voxel 13884 r#9 done in 63s (922s total)
  [H3 116/500] voxel 13884 r#6 done in 72s (923s total)
  [H3 117/500] voxel 13884 r#7 done in 73s (927s total)
  [H3 118/500] voxel 13884 r#5 done in 77s (927s total)
  [H3 119/500] voxel 13884 r#4 done in 86s (936s total)
  [H3 120/500] voxel 13884 r#8 done in 80s (938s total)
  [H3 121/500] voxel 10531 r#0 done in 88s (986s total)
  [H3 122/500] voxel 10531 r#3 done in 83s (1003s total)
  [H3 123/500] voxel 10531 r#1 done in 90s (1008s total)
  [H3 124/500] voxel 10531 r#6 done in 87s (1014s total)
  [H3 125/500] voxel 10531 r#9 done in 78s (1015s total)
  [H3 126/500] voxel 10531 r#2 done in 97s (1017s total)
  [H3 127/500] voxel 10531 r#4 done in 95s (1017s total)
  [H3 128/500] voxel 10531 r#5 done in 99s (1022s total)
  [H3 129/500] voxel 10531 r#7 done in 99s (1026s total)
  [H3 130/500] voxel 10531 r#8 done in 111s (1047s total)
  [H3 131/500] voxel 16905 r#0 done in 83s (1068s total)
  [H3 132/500] voxel 16905 r#1 done in 84s (1087s total)
  [H3 133/500] voxel 16905 r#2 done in 82s (1090s total)
  [H3 134/500] voxel 16905 r#4 done in 81s (1097s total)
  [H3 135/500] voxel 16905 r#6 done in 81s (1098s total)
  [H3 136/500] voxel 16905 r#3 done in 85s (1099s total)
  [H3 137/500] voxel 16905 r#5 done in 87s (1104s total)
  [H3 138/500] voxel 16905 r#7 done in 86s (1107s total)
  [H3 139/500] voxel 16905 r#8 done in 90s (1116s total)
  [H3 140/500] voxel 16905 r#9 done in 70s (1117s total)
  [H3 141/500] voxel 17451 r#0 done in 70s (1139s total)
  [H3 142/500] voxel 17451 r#1 done in 79s (1166s total)
  [H3 143/500] voxel 17451 r#2 done in 76s (1166s total)
  [H3 144/500] voxel 17451 r#3 done in 81s (1178s total)
  [H3 145/500] voxel 17451 r#9 done in 62s (1179s total)
  [H3 146/500] voxel 17451 r#4 done in 84s (1182s total)
  [H3 147/500] voxel 17451 r#5 done in 85s (1184s total)
  [H3 148/500] voxel 17451 r#6 done in 88s (1192s total)
  [H3 149/500] voxel 17451 r#7 done in 91s (1198s total)
  [H3 150/500] voxel 17451 r#8 done in 81s (1198s total)
  [H3 151/500] voxel 24550 r#0 done in 87s (1226s total)
  [H3 152/500] voxel 24550 r#1 done in 82s (1248s total)
  [H3 153/500] voxel 24550 r#2 done in 91s (1258s total)
  [H3 154/500] voxel 24550 r#5 done in 79s (1262s total)
  [H3 155/500] voxel 24550 r#3 done in 84s (1262s total)
  [H3 156/500] voxel 24550 r#6 done in 82s (1266s total)
  [H3 157/500] voxel 24550 r#4 done in 88s (1267s total)
  [H3 158/500] voxel 24550 r#9 done in 69s (1267s total)
  [H3 159/500] voxel 24550 r#7 done in 88s (1280s total)
  [H3 160/500] voxel 24550 r#8 done in 89s (1287s total)
  [H3 161/500] voxel 1053 r#0 done in 78s (1304s total)
  [H3 162/500] voxel 1053 r#1 done in 83s (1331s total)
  [H3 163/500] voxel 1053 r#4 done in 78s (1339s total)
  [H3 164/500] voxel 1053 r#2 done in 84s (1342s total)
  [H3 165/500] voxel 1053 r#3 done in 81s (1343s total)
  [H3 166/500] voxel 1053 r#7 done in 80s (1348s total)
  [H3 167/500] voxel 1053 r#5 done in 83s (1348s total)
  [H3 168/500] voxel 1053 r#6 done in 83s (1350s total)
  [H3 169/500] voxel 1053 r#9 done in 69s (1355s total)
  [H3 170/500] voxel 1053 r#8 done in 81s (1361s total)
  [H3 171/500] voxel 14217 r#0 done in 69s (1373s total)
  [H3 172/500] voxel 14217 r#1 done in 80s (1411s total)
  [H3 173/500] voxel 14217 r#9 done in 50s (1411s total)
  [H3 174/500] voxel 14217 r#2 done in 72s (1411s total)
  [H3 175/500] voxel 14217 r#3 done in 80s (1422s total)
  [H3 176/500] voxel 14217 r#4 done in 81s (1424s total)
  [H3 177/500] voxel 14217 r#6 done in 78s (1426s total)
  [H3 178/500] voxel 14217 r#7 done in 81s (1431s total)
  [H3 179/500] voxel 14217 r#5 done in 84s (1432s total)
  [H3 180/500] voxel 14217 r#8 done in 82s (1437s total)
  [H3 181/500] voxel 18541 r#0 done in 66s (1440s total)
  [H3 182/500] voxel 18541 r#1 done in 64s (1475s total)
  [H3 183/500] voxel 18541 r#2 done in 66s (1477s total)
  [H3 184/500] voxel 18541 r#9 done in 48s (1484s total)
  [H3 185/500] voxel 18541 r#3 done in 74s (1485s total)
  [H3 186/500] voxel 18541 r#4 done in 64s (1486s total)
  [H3 187/500] voxel 18541 r#5 done in 67s (1491s total)
  [H3 188/500] voxel 18541 r#8 done in 64s (1496s total)
  [H3 189/500] voxel 18541 r#6 done in 71s (1497s total)
  [H3 190/500] voxel 18541 r#7 done in 70s (1501s total)
  [H3 191/500] voxel 3866 r#0 done in 96s (1536s total)
  [H3 192/500] voxel 3866 r#1 done in 87s (1562s total)
  [H3 193/500] voxel 3866 r#9 done in 72s (1573s total)
  [H3 194/500] voxel 3866 r#2 done in 98s (1575s total)
  [H3 195/500] voxel 3866 r#5 done in 92s (1578s total)
  [H3 196/500] voxel 3866 r#4 done in 94s (1579s total)
  [H3 197/500] voxel 3866 r#6 done in 88s (1580s total)
  [H3 198/500] voxel 3866 r#8 done in 89s (1586s total)
  [H3 199/500] voxel 3866 r#7 done in 93s (1589s total)
  [H3 200/500] voxel 3866 r#3 done in 110s (1595s total)
  [H3 201/500] voxel 2489 r#0 done in 94s (1630s total)
  [H3 202/500] voxel 2489 r#1 done in 89s (1651s total)
  [H3 203/500] voxel 2489 r#4 done in 81s (1658s total)
  [H3 204/500] voxel 2489 r#2 done in 86s (1658s total)
  [H3 205/500] voxel 2489 r#6 done in 85s (1665s total)
  [H3 206/500] voxel 2489 r#3 done in 92s (1668s total)
  [H3 207/500] voxel 2489 r#9 done in 75s (1669s total)
  [H3 208/500] voxel 2489 r#5 done in 96s (1675s total)
  [H3 209/500] voxel 2489 r#7 done in 92s (1678s total)
  [H3 210/500] voxel 2489 r#8 done in 91s (1680s total)
  [H3 211/500] voxel 9484 r#0 done in 79s (1709s total)
  [H3 212/500] voxel 9484 r#1 done in 73s (1724s total)
  [H3 213/500] voxel 9484 r#2 done in 75s (1733s total)
  [H3 214/500] voxel 9484 r#3 done in 75s (1734s total)
  [H3 215/500] voxel 9484 r#4 done in 77s (1741s total)
  [H3 216/500] voxel 9484 r#5 done in 76s (1743s total)
  [H3 217/500] voxel 9484 r#9 done in 67s (1747s total)
  [H3 218/500] voxel 9484 r#8 done in 74s (1752s total)
  [H3 219/500] voxel 9484 r#6 done in 83s (1752s total)
  [H3 220/500] voxel 9484 r#7 done in 85s (1760s total)
  [H3 221/500] voxel 7109 r#0 done in 89s (1797s total)
  [H3 222/500] voxel 7109 r#1 done in 90s (1814s total)
  [H3 223/500] voxel 7109 r#3 done in 93s (1827s total)
  [H3 224/500] voxel 7109 r#2 done in 94s (1828s total)
  [H3 225/500] voxel 7109 r#4 done in 89s (1830s total)
  [H3 226/500] voxel 7109 r#9 done in 71s (1832s total)
  [H3 227/500] voxel 7109 r#5 done in 91s (1835s total)
  [H3 228/500] voxel 7109 r#6 done in 92s (1838s total)
  [H3 229/500] voxel 7109 r#7 done in 91s (1843s total)
  [H3 230/500] voxel 7109 r#8 done in 98s (1850s total)
  [H3 231/500] voxel 970 r#0 done in 68s (1865s total)
  [H3 232/500] voxel 970 r#1 done in 65s (1879s total)
  [H3 233/500] voxel 970 r#3 done in 67s (1895s total)
  [H3 234/500] voxel 970 r#2 done in 74s (1901s total)
  [H3 235/500] voxel 970 r#5 done in 70s (1901s total)
  [H3 236/500] voxel 970 r#4 done in 72s (1902s total)
  [H3 237/500] voxel 970 r#6 done in 68s (1903s total)
  [H3 238/500] voxel 970 r#7 done in 68s (1907s total)
  [H3 239/500] voxel 970 r#8 done in 67s (1910s total)
  [H3 240/500] voxel 970 r#9 done in 63s (1913s total)
  [H3 241/500] voxel 19705 r#0 done in 88s (1954s total)
  [H3 242/500] voxel 19705 r#1 done in 78s (1957s total)
  [H3 243/500] voxel 19705 r#9 done in 66s (1979s total)
  [H3 244/500] voxel 19705 r#6 done in 78s (1981s total)
  [H3 245/500] voxel 19705 r#5 done in 86s (1988s total)
  [H3 246/500] voxel 19705 r#4 done in 91s (1993s total)
  [H3 247/500] voxel 19705 r#2 done in 101s (1996s total)
  [H3 248/500] voxel 19705 r#3 done in 95s (1996s total)
  [H3 249/500] voxel 19705 r#7 done in 104s (2011s total)
  [H3 250/500] voxel 19705 r#8 done in 107s (2016s total)
  [H3 251/500] voxel 9001 r#0 done in 100s (2054s total)
  [H3 252/500] voxel 9001 r#1 done in 102s (2059s total)
  [H3 253/500] voxel 9001 r#4 done in 82s (2070s total)
  [H3 254/500] voxel 9001 r#3 done in 94s (2075s total)
  [H3 255/500] voxel 9001 r#2 done in 100s (2080s total)
  [H3 256/500] voxel 9001 r#6 done in 87s (2082s total)
  [H3 257/500] voxel 9001 r#9 done in 67s (2083s total)
  [H3 258/500] voxel 9001 r#5 done in 95s (2087s total)
  [H3 259/500] voxel 9001 r#7 done in 109s (2105s total)
  [H3 260/500] voxel 13074 r#0 done in 66s (2120s total)
  [H3 261/500] voxel 9001 r#8 done in 111s (2122s total)
  [H3 262/500] voxel 13074 r#1 done in 65s (2123s total)
  [H3 263/500] voxel 13074 r#2 done in 69s (2139s total)
  [H3 264/500] voxel 13074 r#3 done in 69s (2143s total)
  [H3 265/500] voxel 13074 r#4 done in 64s (2144s total)
  [H3 266/500] voxel 13074 r#5 done in 64s (2146s total)
  [H3 267/500] voxel 13074 r#7 done in 68s (2155s total)
  [H3 268/500] voxel 13074 r#6 done in 73s (2156s total)
  [H3 269/500] voxel 13074 r#9 done in 60s (2180s total)
  [H3 270/500] voxel 13074 r#8 done in 75s (2180s total)
  [H3 271/500] voxel 12213 r#1 done in 83s (2207s total)
  [H3 272/500] voxel 12213 r#0 done in 99s (2220s total)
  [H3 273/500] voxel 12213 r#3 done in 86s (2229s total)
  [H3 274/500] voxel 12213 r#4 done in 94s (2238s total)
  [H3 275/500] voxel 12213 r#6 done in 86s (2241s total)
  [H3 276/500] voxel 12213 r#2 done in 102s (2241s total)
  [H3 277/500] voxel 12213 r#5 done in 97s (2243s total)
  [H3 278/500] voxel 12213 r#9 done in 78s (2258s total)
  [H3 279/500] voxel 12213 r#7 done in 104s (2260s total)
  [H3 280/500] voxel 12213 r#8 done in 96s (2276s total)
  [H3 281/500] voxel 14240 r#0 done in 102s (2309s total)
  [H3 282/500] voxel 14240 r#1 done in 94s (2315s total)
  [H3 283/500] voxel 14240 r#3 done in 92s (2329s total)
  [H3 284/500] voxel 14240 r#2 done in 101s (2330s total)
  [H3 285/500] voxel 14240 r#6 done in 89s (2332s total)
  [H3 286/500] voxel 14240 r#4 done in 91s (2332s total)
  [H3 287/500] voxel 14240 r#5 done in 98s (2340s total)
  [H3 288/500] voxel 14240 r#7 done in 83s (2341s total)
  [H3 289/500] voxel 14240 r#9 done in 77s (2353s total)
  [H3 290/500] voxel 14240 r#8 done in 101s (2360s total)
  [H3 291/500] voxel 121 r#0 done in 86s (2395s total)
  [H3 292/500] voxel 121 r#1 done in 97s (2412s total)
  [H3 293/500] voxel 121 r#2 done in 85s (2414s total)
  [H3 294/500] voxel 121 r#3 done in 88s (2419s total)
  [H3 295/500] voxel 121 r#5 done in 90s (2423s total)
  [H3 296/500] voxel 121 r#4 done in 99s (2431s total)
  [H3 297/500] voxel 121 r#6 done in 94s (2433s total)
  [H3 298/500] voxel 121 r#7 done in 93s (2434s total)
  [H3 299/500] voxel 121 r#8 done in 87s (2440s total)
  [H3 300/500] voxel 121 r#9 done in 81s (2441s total)
  [H3 301/500] voxel 13850 r#0 done in 75s (2470s total)
  [H3 302/500] voxel 13850 r#1 done in 71s (2483s total)
  [H3 303/500] voxel 13850 r#2 done in 72s (2486s total)
  [H3 304/500] voxel 13850 r#4 done in 72s (2495s total)
  [H3 305/500] voxel 13850 r#5 done in 64s (2495s total)
  [H3 306/500] voxel 13850 r#3 done in 79s (2498s total)
  [H3 307/500] voxel 13850 r#6 done in 69s (2502s total)
  [H3 308/500] voxel 13850 r#9 done in 67s (2508s total)
  [H3 309/500] voxel 13850 r#7 done in 76s (2509s total)
  [H3 310/500] voxel 13850 r#8 done in 81s (2521s total)
  [H3 311/500] voxel 2347 r#0 done in 95s (2564s total)
  [H3 312/500] voxel 2347 r#1 done in 85s (2568s total)
  [H3 313/500] voxel 2347 r#9 done in 50s (2571s total)
  [H3 314/500] voxel 2347 r#2 done in 86s (2571s total)
  [H3 315/500] voxel 2347 r#6 done in 71s (2573s total)
  [H3 316/500] voxel 2347 r#5 done in 80s (2577s total)
  [H3 317/500] voxel 2347 r#4 done in 83s (2578s total)
  [H3 318/500] voxel 2347 r#8 done in 80s (2589s total)
  [H3 319/500] voxel 2347 r#3 done in 96s (2590s total)
  [H3 320/500] voxel 2347 r#7 done in 92s (2600s total)
  [H3 321/500] voxel 9150 r#0 done in 66s (2631s total)
  [H3 322/500] voxel 9150 r#3 done in 60s (2632s total)
  [H3 323/500] voxel 9150 r#2 done in 62s (2633s total)
  [H3 324/500] voxel 9150 r#4 done in 60s (2634s total)
  [H3 325/500] voxel 9150 r#1 done in 69s (2637s total)
  [H3 326/500] voxel 9150 r#9 done in 41s (2641s total)
  [H3 327/500] voxel 9150 r#6 done in 68s (2646s total)
  [H3 328/500] voxel 9150 r#5 done in 73s (2650s total)
  [H3 329/500] voxel 9150 r#7 done in 66s (2655s total)
  [H3 330/500] voxel 9150 r#8 done in 69s (2660s total)
  [H3 331/500] voxel 5384 r#2 done in 68s (2701s total)
  [H3 332/500] voxel 5384 r#0 done in 71s (2702s total)
  [H3 333/500] voxel 5384 r#1 done in 70s (2702s total)
  [H3 334/500] voxel 5384 r#3 done in 76s (2710s total)
  [H3 335/500] voxel 5384 r#4 done in 75s (2712s total)
  [H3 336/500] voxel 5384 r#5 done in 76s (2717s total)
  [H3 337/500] voxel 5384 r#7 done in 73s (2723s total)
  [H3 338/500] voxel 5384 r#6 done in 78s (2724s total)
  [H3 339/500] voxel 5384 r#9 done in 65s (2725s total)
  [H3 340/500] voxel 5384 r#8 done in 79s (2734s total)
  [H3 341/500] voxel 19089 r#2 done in 83s (2785s total)
  [H3 342/500] voxel 19089 r#0 done in 84s (2785s total)
  [H3 343/500] voxel 19089 r#1 done in 85s (2787s total)
  [H3 344/500] voxel 19089 r#3 done in 90s (2800s total)
  [H3 345/500] voxel 19089 r#4 done in 92s (2804s total)
  [H3 346/500] voxel 19089 r#5 done in 91s (2808s total)
  [H3 347/500] voxel 19089 r#9 done in 74s (2808s total)
  [H3 348/500] voxel 19089 r#6 done in 89s (2812s total)
  [H3 349/500] voxel 19089 r#8 done in 91s (2816s total)
  [H3 350/500] voxel 19089 r#7 done in 97s (2821s total)
  [H3 351/500] voxel 21741 r#2 done in 81s (2868s total)
  [H3 352/500] voxel 21741 r#0 done in 85s (2870s total)
  [H3 353/500] voxel 21741 r#1 done in 87s (2872s total)
  [H3 354/500] voxel 21741 r#9 done in 56s (2877s total)
  [H3 355/500] voxel 21741 r#3 done in 84s (2884s total)
  [H3 356/500] voxel 21741 r#5 done in 78s (2885s total)
  [H3 357/500] voxel 21741 r#4 done in 84s (2888s total)
  [H3 358/500] voxel 21741 r#7 done in 81s (2894s total)
  [H3 359/500] voxel 21741 r#6 done in 88s (2896s total)
  [H3 360/500] voxel 21741 r#8 done in 93s (2909s total)
  [H3 361/500] voxel 7723 r#0 done in 77s (2945s total)
  [H3 362/500] voxel 7723 r#2 done in 77s (2949s total)
  [H3 363/500] voxel 7723 r#1 done in 82s (2952s total)
  [H3 364/500] voxel 7723 r#3 done in 81s (2958s total)
  [H3 365/500] voxel 7723 r#4 done in 75s (2959s total)
  [H3 366/500] voxel 7723 r#5 done in 78s (2963s total)
  [H3 367/500] voxel 7723 r#6 done in 81s (2969s total)
  [H3 368/500] voxel 7723 r#9 done in 61s (2970s total)
  [H3 369/500] voxel 7723 r#7 done in 76s (2970s total)
  [H3 370/500] voxel 7723 r#8 done in 79s (2975s total)
  [H3 371/500] voxel 9421 r#1 done in 75s (3024s total)
  [H3 372/500] voxel 9421 r#0 done in 79s (3024s total)
  [H3 373/500] voxel 9421 r#2 done in 76s (3028s total)
  [H3 374/500] voxel 9421 r#3 done in 76s (3034s total)
  [H3 375/500] voxel 9421 r#4 done in 77s (3036s total)
  [H3 376/500] voxel 9421 r#5 done in 80s (3043s total)
  [H3 377/500] voxel 9421 r#9 done in 69s (3044s total)
  [H3 378/500] voxel 9421 r#7 done in 80s (3050s total)
  [H3 379/500] voxel 9421 r#8 done in 81s (3051s total)
  [H3 380/500] voxel 9421 r#6 done in 84s (3052s total)
  [H3 381/500] voxel 24474 r#0 done in 88s (3112s total)
  [H3 382/500] voxel 24474 r#2 done in 85s (3112s total)
  [H3 383/500] voxel 24474 r#1 done in 90s (3115s total)
  [H3 384/500] voxel 24474 r#9 done in 65s (3117s total)
  [H3 385/500] voxel 24474 r#6 done in 80s (3124s total)
  [H3 386/500] voxel 24474 r#3 done in 96s (3130s total)
  [H3 387/500] voxel 24474 r#5 done in 91s (3134s total)
  [H3 388/500] voxel 24474 r#7 done in 92s (3142s total)
  [H3 389/500] voxel 24474 r#8 done in 93s (3145s total)
  [H3 390/500] voxel 24474 r#4 done in 109s (3145s total)
  [H3 391/500] voxel 8383 r#0 done in 68s (3180s total)
  [H3 392/500] voxel 8383 r#1 done in 69s (3181s total)
  [H3 393/500] voxel 8383 r#2 done in 72s (3187s total)
  [H3 394/500] voxel 8383 r#3 done in 71s (3188s total)
  [H3 395/500] voxel 8383 r#9 done in 46s (3192s total)
  [H3 396/500] voxel 8383 r#5 done in 67s (3197s total)
  [H3 397/500] voxel 8383 r#4 done in 74s (3198s total)
  [H3 398/500] voxel 8383 r#6 done in 75s (3209s total)
  [H3 399/500] voxel 8383 r#7 done in 70s (3212s total)
  [H3 400/500] voxel 8383 r#8 done in 74s (3218s total)
  [H3 401/500] voxel 12695 r#1 done in 78s (3260s total)
  [H3 402/500] voxel 12695 r#0 done in 80s (3260s total)
  [H3 403/500] voxel 12695 r#3 done in 78s (3266s total)
  [H3 404/500] voxel 12695 r#4 done in 74s (3266s total)
  [H3 405/500] voxel 12695 r#2 done in 80s (3266s total)
  [H3 406/500] voxel 12695 r#6 done in 77s (3275s total)
  [H3 407/500] voxel 12695 r#5 done in 81s (3278s total)
  [H3 408/500] voxel 12695 r#7 done in 81s (3290s total)
  [H3 409/500] voxel 12695 r#9 done in 73s (3292s total)
  [H3 410/500] voxel 12695 r#8 done in 80s (3292s total)
  [H3 411/500] voxel 11143 r#0 done in 85s (3345s total)
  [H3 412/500] voxel 11143 r#1 done in 90s (3350s total)
  [H3 413/500] voxel 11143 r#3 done in 84s (3350s total)
  [H3 414/500] voxel 11143 r#4 done in 84s (3351s total)
  [H3 415/500] voxel 11143 r#2 done in 87s (3353s total)
  [H3 416/500] voxel 11143 r#9 done in 62s (3354s total)
  [H3 417/500] voxel 11143 r#6 done in 90s (3368s total)
  [H3 418/500] voxel 11143 r#5 done in 97s (3372s total)
  [H3 419/500] voxel 11143 r#7 done in 90s (3380s total)
  [H3 420/500] voxel 11143 r#8 done in 94s (3386s total)
  [H3 421/500] voxel 17771 r#4 done in 72s (3425s total)
  [H3 422/500] voxel 17771 r#3 done in 74s (3425s total)
  [H3 423/500] voxel 17771 r#2 done in 76s (3426s total)
  [H3 424/500] voxel 17771 r#0 done in 81s (3426s total)
  [H3 425/500] voxel 17771 r#5 done in 72s (3427s total)
  [H3 426/500] voxel 17771 r#1 done in 84s (3433s total)
  [H3 427/500] voxel 17771 r#9 done in 57s (3443s total)
  [H3 428/500] voxel 17771 r#6 done in 84s (3452s total)
  [H3 429/500] voxel 17771 r#7 done in 86s (3458s total)
  [H3 430/500] voxel 17771 r#8 done in 85s (3465s total)
  [H3 431/500] voxel 2943 r#1 done in 76s (3501s total)
  [H3 432/500] voxel 2943 r#0 done in 82s (3507s total)
  [H3 433/500] voxel 2943 r#4 done in 88s (3515s total)
  [H3 434/500] voxel 2943 r#2 done in 92s (3518s total)
  [H3 435/500] voxel 2943 r#5 done in 85s (3518s total)
  [H3 436/500] voxel 2943 r#3 done in 94s (3519s total)
  [H3 437/500] voxel 2943 r#6 done in 84s (3527s total)
  [H3 438/500] voxel 2943 r#9 done in 66s (3531s total)
  [H3 439/500] voxel 2943 r#7 done in 90s (3542s total)
  [H3 440/500] voxel 2943 r#8 done in 84s (3542s total)
  [H3 441/500] voxel 8787 r#0 done in 79s (3580s total)
  [H3 442/500] voxel 8787 r#1 done in 76s (3583s total)
  [H3 443/500] voxel 8787 r#4 done in 72s (3590s total)
  [H3 444/500] voxel 8787 r#2 done in 76s (3591s total)
  [H3 445/500] voxel 8787 r#3 done in 75s (3592s total)
  [H3 446/500] voxel 8787 r#5 done in 73s (3593s total)
  [H3 447/500] voxel 8787 r#9 done in 61s (3603s total)
  [H3 448/500] voxel 8787 r#6 done in 77s (3605s total)
  [H3 449/500] voxel 8787 r#7 done in 80s (3611s total)
  [H3 450/500] voxel 8787 r#8 done in 71s (3613s total)
  [H3 451/500] voxel 3424 r#0 done in 68s (3648s total)
  [H3 452/500] voxel 3424 r#1 done in 74s (3657s total)
  [H3 453/500] voxel 3424 r#2 done in 70s (3661s total)
  [H3 454/500] voxel 3424 r#3 done in 71s (3662s total)
  [H3 455/500] voxel 3424 r#5 done in 71s (3663s total)
  [H3 456/500] voxel 3424 r#4 done in 77s (3669s total)
  [H3 457/500] voxel 3424 r#9 done in 59s (3671s total)
  [H3 458/500] voxel 3424 r#7 done in 67s (3672s total)
  [H3 459/500] voxel 3424 r#6 done in 74s (3677s total)
  [H3 460/500] voxel 3424 r#8 done in 72s (3683s total)
  [H3 461/500] voxel 14578 r#0 done in 73s (3722s total)
  [H3 462/500] voxel 14578 r#3 done in 67s (3729s total)
  [H3 463/500] voxel 14578 r#9 done in 47s (3730s total)
  [H3 464/500] voxel 14578 r#1 done in 81s (3738s total)
  [H3 465/500] voxel 14578 r#4 done in 75s (3739s total)
  [H3 466/500] voxel 14578 r#2 done in 80s (3741s total)
  [H3 467/500] voxel 14578 r#7 done in 77s (3749s total)
  [H3 468/500] voxel 14578 r#5 done in 81s (3750s total)
  [H3 469/500] voxel 14578 r#6 done in 83s (3754s total)
  [H3 470/500] voxel 14578 r#8 done in 77s (3754s total)
  [H3 471/500] voxel 21750 r#0 done in 83s (3804s total)
  [H3 472/500] voxel 21750 r#9 done in 52s (3806s total)
  [H3 473/500] voxel 21750 r#2 done in 81s (3812s total)
  [H3 474/500] voxel 21750 r#1 done in 92s (3821s total)
  [H3 475/500] voxel 21750 r#4 done in 86s (3825s total)
  [H3 476/500] voxel 21750 r#5 done in 84s (3825s total)
  [H3 477/500] voxel 21750 r#3 done in 93s (3830s total)
  [H3 478/500] voxel 21750 r#6 done in 85s (3833s total)
  [H3 479/500] voxel 21750 r#8 done in 85s (3839s total)
  [H3 480/500] voxel 21750 r#7 done in 89s (3840s total)
  [H3 481/500] voxel 19118 r#0 done in 66s (3871s total)
  [H3 482/500] voxel 19118 r#2 done in 67s (3878s total)
  [H3 483/500] voxel 19118 r#1 done in 72s (3879s total)
  [H3 484/500] voxel 19118 r#3 done in 66s (3887s total)
  [H3 485/500] voxel 19118 r#4 done in 64s (3888s total)
  [H3 486/500] voxel 19118 r#5 done in 66s (3891s total)
  [H3 487/500] voxel 19118 r#9 done in 53s (3893s total)
  [H3 488/500] voxel 19118 r#6 done in 65s (3896s total)
  [H3 489/500] voxel 19118 r#7 done in 67s (3900s total)
  [H3 490/500] voxel 19118 r#8 done in 66s (3905s total)
  [H3 491/500] voxel 11774 r#0 done in 70s (3941s total)
  [H3 492/500] voxel 11774 r#1 done in 64s (3942s total)
  [H3 493/500] voxel 11774 r#2 done in 70s (3949s total)
  [H3 494/500] voxel 11774 r#4 done in 66s (3954s total)
  [H3 495/500] voxel 11774 r#3 done in 70s (3957s total)
  [H3 496/500] voxel 11774 r#6 done in 64s (3957s total)
  [H3 497/500] voxel 11774 r#5 done in 67s (3958s total)
  [H3 498/500] voxel 11774 r#9 done in 53s (3959s total)
  [H3 499/500] voxel 11774 r#7 done in 65s (3960s total)
  [H3 500/500] voxel 11774 r#8 done in 61s (3961s total)
Loaded crystal structure from DataFiles/copper.dat: CrystalStructure(Cu, a=3.6100Å, SG=225)
Max Q calculated: 24.7872 Å⁻¹
Loaded crystal structure from DataFiles/copper.dat: CrystalStructure(Cu, a=3.6100Å, SG=225)
Max Q calculated: 24.7872 Å⁻¹
Loaded crystal structure from DataFiles/copper.dat: CrystalStructure(Cu, a=3.6100Å, SG=225)
Max Q calculated: 24.7872 Å⁻¹
Loaded crystal structure from DataFiles/copper.dat: CrystalStructure(Cu, a=3.6100Å, SG=225)
Max Q calculated: 24.7872 Å⁻¹
Loaded crystal structure from DataFiles/copper.dat: CrystalStructure(Cu, a=3.6100Å, SG=225)
Max Q calculated: 24.7872 Å⁻¹
Loaded crystal structure from DataFiles/copper.dat: CrystalStructure(Cu, a=3.6100Å, SG=225)
Max Q calculated: 24.7872 Å⁻¹
Loaded crystal structure from DataFiles/copper.dat: CrystalStructure(Cu, a=3.6100Å, SG=225)
Max Q calculated: 24.7872 Å⁻¹
Loaded crystal structure from DataFiles/copper.dat: CrystalStructure(Cu, a=3.6100Å, SG=225)
Max Q calculated: 24.7872 Å⁻¹
Loaded crystal structure from DataFiles/copper.dat: CrystalStructure(Cu, a=3.6100Å, SG=225)
Max Q calculated: 24.7872 Å⁻¹
Loaded crystal structure from DataFiles/copper.dat: CrystalStructure(Cu, a=3.6100Å, SG=225)
Max Q calculated: 24.7872 Å⁻¹
H3 finished; wall 3961s
saved /Users/sfli/Research/IceNine/icenine_py/benchmarks/nn_hybrid/H3_realistic_s0_raw.npz
H0/realistic_s0: 500 tasks (0 cached), 10 workers
/Users/sfli/Research/IceNine/icenine_py/icenine/experiment_setup.py:293: UserWarning: Step size file reading not yet implemented: ConfigFiles/Optimization.2Det
  self.optimization_info = self._read_step_size_file(
/Users/sfli/Research/IceNine/icenine_py/icenine/experiment_setup.py:298: UserWarning: Step size file reading not yet implemented: ConfigFiles/Sensitivity.2Det
  self.detection_sensitivity = self._read_step_size_file(
/Users/sfli/Research/IceNine/icenine_py/icenine/experiment_setup.py:303: UserWarning: Step size file reading not yet implemented: ConfigFiles/Constrain.2L
  self.optimization_constrains = self._read_step_size_file(
/Users/sfli/Research/IceNine/icenine_py/icenine/experiment_setup.py:502: UserWarning: Gimbal lock detected. Setting third angle to zero since it is not possible to uniquely determine all angles.
  sample.rotate(
/Users/sfli/Research/IceNine/icenine_py/icenine/experiment_setup.py:293: UserWarning: Step size file reading not yet implemented: ConfigFiles/Optimization.2Det
  self.optimization_info = self._read_step_size_file(
/Users/sfli/Research/IceNine/icenine_py/icenine/experiment_setup.py:298: UserWarning: Step size file reading not yet implemented: ConfigFiles/Sensitivity.2Det
  self.detection_sensitivity = self._read_step_size_file(
/Users/sfli/Research/IceNine/icenine_py/icenine/experiment_setup.py:303: UserWarning: Step size file reading not yet implemented: ConfigFiles/Constrain.2L
  self.optimization_constrains = self._read_step_size_file(
/Users/sfli/Research/IceNine/icenine_py/icenine/experiment_setup.py:502: UserWarning: Gimbal lock detected. Setting third angle to zero since it is not possible to uniquely determine all angles.
  sample.rotate(
/Users/sfli/Research/IceNine/icenine_py/icenine/experiment_setup.py:293: UserWarning: Step size file reading not yet implemented: ConfigFiles/Optimization.2Det
  self.optimization_info = self._read_step_size_file(
/Users/sfli/Research/IceNine/icenine_py/icenine/experiment_setup.py:298: UserWarning: Step size file reading not yet implemented: ConfigFiles/Sensitivity.2Det
  self.detection_sensitivity = self._read_step_size_file(
/Users/sfli/Research/IceNine/icenine_py/icenine/experiment_setup.py:303: UserWarning: Step size file reading not yet implemented: ConfigFiles/Constrain.2L
  self.optimization_constrains = self._read_step_size_file(
/Users/sfli/Research/IceNine/icenine_py/icenine/experiment_setup.py:502: UserWarning: Gimbal lock detected. Setting third angle to zero since it is not possible to uniquely determine all angles.
  sample.rotate(
/Users/sfli/Research/IceNine/icenine_py/icenine/experiment_setup.py:293: UserWarning: Step size file reading not yet implemented: ConfigFiles/Optimization.2Det
  self.optimization_info = self._read_step_size_file(
/Users/sfli/Research/IceNine/icenine_py/icenine/experiment_setup.py:298: UserWarning: Step size file reading not yet implemented: ConfigFiles/Sensitivity.2Det
  self.detection_sensitivity = self._read_step_size_file(
/Users/sfli/Research/IceNine/icenine_py/icenine/experiment_setup.py:303: UserWarning: Step size file reading not yet implemented: ConfigFiles/Constrain.2L
  self.optimization_constrains = self._read_step_size_file(
/Users/sfli/Research/IceNine/icenine_py/icenine/experiment_setup.py:502: UserWarning: Gimbal lock detected. Setting third angle to zero since it is not possible to uniquely determine all angles.
  sample.rotate(
/Users/sfli/Research/IceNine/icenine_py/icenine/experiment_setup.py:293: UserWarning: Step size file reading not yet implemented: ConfigFiles/Optimization.2Det
  self.optimization_info = self._read_step_size_file(
/Users/sfli/Research/IceNine/icenine_py/icenine/experiment_setup.py:298: UserWarning: Step size file reading not yet implemented: ConfigFiles/Sensitivity.2Det
  self.detection_sensitivity = self._read_step_size_file(
/Users/sfli/Research/IceNine/icenine_py/icenine/experiment_setup.py:303: UserWarning: Step size file reading not yet implemented: ConfigFiles/Constrain.2L
  self.optimization_constrains = self._read_step_size_file(
/Users/sfli/Research/IceNine/icenine_py/icenine/experiment_setup.py:502: UserWarning: Gimbal lock detected. Setting third angle to zero since it is not possible to uniquely determine all angles.
  sample.rotate(
/Users/sfli/Research/IceNine/icenine_py/icenine/experiment_setup.py:293: UserWarning: Step size file reading not yet implemented: ConfigFiles/Optimization.2Det
  self.optimization_info = self._read_step_size_file(
/Users/sfli/Research/IceNine/icenine_py/icenine/experiment_setup.py:298: UserWarning: Step size file reading not yet implemented: ConfigFiles/Sensitivity.2Det
  self.detection_sensitivity = self._read_step_size_file(
/Users/sfli/Research/IceNine/icenine_py/icenine/experiment_setup.py:303: UserWarning: Step size file reading not yet implemented: ConfigFiles/Constrain.2L
  self.optimization_constrains = self._read_step_size_file(
/Users/sfli/Research/IceNine/icenine_py/icenine/experiment_setup.py:502: UserWarning: Gimbal lock detected. Setting third angle to zero since it is not possible to uniquely determine all angles.
  sample.rotate(
/Users/sfli/Research/IceNine/icenine_py/icenine/experiment_setup.py:293: UserWarning: Step size file reading not yet implemented: ConfigFiles/Optimization.2Det
  self.optimization_info = self._read_step_size_file(
/Users/sfli/Research/IceNine/icenine_py/icenine/experiment_setup.py:298: UserWarning: Step size file reading not yet implemented: ConfigFiles/Sensitivity.2Det
  self.detection_sensitivity = self._read_step_size_file(
/Users/sfli/Research/IceNine/icenine_py/icenine/experiment_setup.py:303: UserWarning: Step size file reading not yet implemented: ConfigFiles/Constrain.2L
  self.optimization_constrains = self._read_step_size_file(
/Users/sfli/Research/IceNine/icenine_py/icenine/experiment_setup.py:502: UserWarning: Gimbal lock detected. Setting third angle to zero since it is not possible to uniquely determine all angles.
  sample.rotate(
/Users/sfli/Research/IceNine/icenine_py/icenine/experiment_setup.py:293: UserWarning: Step size file reading not yet implemented: ConfigFiles/Optimization.2Det
  self.optimization_info = self._read_step_size_file(
/Users/sfli/Research/IceNine/icenine_py/icenine/experiment_setup.py:298: UserWarning: Step size file reading not yet implemented: ConfigFiles/Sensitivity.2Det
  self.detection_sensitivity = self._read_step_size_file(
/Users/sfli/Research/IceNine/icenine_py/icenine/experiment_setup.py:303: UserWarning: Step size file reading not yet implemented: ConfigFiles/Constrain.2L
  self.optimization_constrains = self._read_step_size_file(
/Users/sfli/Research/IceNine/icenine_py/icenine/experiment_setup.py:502: UserWarning: Gimbal lock detected. Setting third angle to zero since it is not possible to uniquely determine all angles.
  sample.rotate(
/Users/sfli/Research/IceNine/icenine_py/icenine/experiment_setup.py:293: UserWarning: Step size file reading not yet implemented: ConfigFiles/Optimization.2Det
  self.optimization_info = self._read_step_size_file(
/Users/sfli/Research/IceNine/icenine_py/icenine/experiment_setup.py:298: UserWarning: Step size file reading not yet implemented: ConfigFiles/Sensitivity.2Det
  self.detection_sensitivity = self._read_step_size_file(
/Users/sfli/Research/IceNine/icenine_py/icenine/experiment_setup.py:303: UserWarning: Step size file reading not yet implemented: ConfigFiles/Constrain.2L
  self.optimization_constrains = self._read_step_size_file(
/Users/sfli/Research/IceNine/icenine_py/icenine/experiment_setup.py:293: UserWarning: Step size file reading not yet implemented: ConfigFiles/Optimization.2Det
  self.optimization_info = self._read_step_size_file(
/Users/sfli/Research/IceNine/icenine_py/icenine/experiment_setup.py:298: UserWarning: Step size file reading not yet implemented: ConfigFiles/Sensitivity.2Det
  self.detection_sensitivity = self._read_step_size_file(
/Users/sfli/Research/IceNine/icenine_py/icenine/experiment_setup.py:303: UserWarning: Step size file reading not yet implemented: ConfigFiles/Constrain.2L
  self.optimization_constrains = self._read_step_size_file(
/Users/sfli/Research/IceNine/icenine_py/icenine/experiment_setup.py:502: UserWarning: Gimbal lock detected. Setting third angle to zero since it is not possible to uniquely determine all angles.
  sample.rotate(
/Users/sfli/Research/IceNine/icenine_py/icenine/experiment_setup.py:502: UserWarning: Gimbal lock detected. Setting third angle to zero since it is not possible to uniquely determine all angles.
  sample.rotate(
  [H0 1/500] voxel 7336 r#9 done in 15s (17s total)
  [H0 2/500] voxel 7336 r#8 done in 19s (21s total)
  [H0 3/500] voxel 7336 r#7 done in 23s (25s total)
  [H0 4/500] voxel 7336 r#6 done in 31s (33s total)
  [H0 5/500] voxel 7336 r#5 done in 36s (38s total)
  [H0 6/500] voxel 7336 r#4 done in 41s (43s total)
  [H0 7/500] voxel 7336 r#3 done in 51s (53s total)
  [H0 8/500] voxel 3108 r#4 done in 34s (72s total)
  [H0 9/500] voxel 7336 r#2 done in 71s (74s total)
  [H0 10/500] voxel 3108 r#3 done in 45s (79s total)
  [H0 11/500] voxel 3108 r#5 done in 36s (80s total)
  [H0 12/500] voxel 3108 r#6 done in 29s (82s total)
  [H0 13/500] voxel 3108 r#2 done in 66s (92s total)
  [H0 14/500] voxel 7336 r#0 done in 89s (92s total)
  [H0 15/500] voxel 7336 r#1 done in 90s (93s total)
  [H0 16/500] voxel 3108 r#8 done in 19s (93s total)
  [H0 17/500] voxel 3108 r#7 done in 23s (95s total)
  [H0 18/500] voxel 3108 r#9 done in 17s (96s total)
  [H0 19/500] voxel 3108 r#0 done in 94s (111s total)
  [H0 20/500] voxel 3108 r#1 done in 90s (112s total)
  [H0 21/500] voxel 2910 r#7 done in 25s (121s total)
  [H0 22/500] voxel 2910 r#6 done in 29s (123s total)
  [H0 23/500] voxel 2910 r#9 done in 17s (129s total)
  [H0 24/500] voxel 2910 r#8 done in 18s (129s total)
  [H0 25/500] voxel 2910 r#4 done in 38s (131s total)
  [H0 26/500] voxel 2910 r#5 done in 38s (131s total)
  [H0 27/500] voxel 2910 r#3 done in 45s (137s total)
  [H0 28/500] voxel 2910 r#2 done in 69s (161s total)
  [H0 29/500] voxel 16182 r#6 done in 27s (164s total)
  [H0 30/500] voxel 16182 r#3 done in 35s (165s total)
  [H0 31/500] voxel 16182 r#5 done in 34s (165s total)
  [H0 32/500] voxel 16182 r#4 done in 37s (168s total)
  [H0 33/500] voxel 16182 r#9 done in 16s (180s total)
  [H0 34/500] voxel 16182 r#8 done in 18s (183s total)
  [H0 35/500] voxel 16182 r#7 done in 22s (183s total)
  [H0 36/500] voxel 2910 r#1 done in 110s (192s total)
  [H0 37/500] voxel 2910 r#0 done in 115s (195s total)
  [H0 38/500] voxel 16182 r#2 done in 70s (198s total)
  [H0 39/500] voxel 16182 r#0 done in 88s (209s total)
  [H0 40/500] voxel 16182 r#1 done in 86s (210s total)
  [H0 41/500] voxel 16269 r#3 done in 30s (212s total)
  [H0 42/500] voxel 16269 r#4 done in 31s (214s total)
  [H0 43/500] voxel 16269 r#5 done in 26s (218s total)
  [H0 44/500] voxel 16269 r#7 done in 20s (219s total)
  [H0 45/500] voxel 16269 r#6 done in 26s (221s total)
  [H0 46/500] voxel 16269 r#0 done in 57s (223s total)
  [H0 47/500] voxel 16269 r#1 done in 56s (224s total)
  [H0 48/500] voxel 16269 r#2 done in 45s (225s total)
  [H0 49/500] voxel 16269 r#9 done in 17s (227s total)
  [H0 50/500] voxel 16269 r#8 done in 19s (228s total)
  [H0 51/500] voxel 21356 r#9 done in 18s (245s total)
  [H0 52/500] voxel 21356 r#7 done in 20s (245s total)
  [H0 53/500] voxel 21356 r#8 done in 19s (246s total)
  [H0 54/500] voxel 21356 r#6 done in 26s (249s total)
  [H0 55/500] voxel 21356 r#3 done in 34s (253s total)
  [H0 56/500] voxel 21356 r#5 done in 35s (258s total)
  [H0 57/500] voxel 21356 r#4 done in 39s (260s total)
  [H0 58/500] voxel 21356 r#2 done in 67s (285s total)
  [H0 59/500] voxel 20406 r#4 done in 32s (285s total)
  [H0 60/500] voxel 20406 r#6 done in 26s (286s total)
  [H0 61/500] voxel 20406 r#5 done in 34s (292s total)
  [H0 62/500] voxel 20406 r#3 done in 49s (298s total)
  [H0 63/500] voxel 21356 r#1 done in 90s (303s total)
  [H0 64/500] voxel 20406 r#9 done in 18s (304s total)
  [H0 65/500] voxel 20406 r#8 done in 19s (305s total)
  [H0 66/500] voxel 21356 r#0 done in 93s (306s total)
  [H0 67/500] voxel 20406 r#7 done in 20s (306s total)
  [H0 68/500] voxel 20406 r#2 done in 63s (309s total)
  [H0 69/500] voxel 20406 r#0 done in 71s (316s total)
  [H0 70/500] voxel 20406 r#1 done in 73s (318s total)
  [H0 71/500] voxel 20206 r#6 done in 24s (330s total)
  [H0 72/500] voxel 20206 r#7 done in 23s (332s total)
  [H0 73/500] voxel 20206 r#8 done in 19s (336s total)
  [H0 74/500] voxel 20206 r#9 done in 17s (336s total)
  [H0 75/500] voxel 20206 r#3 done in 36s (340s total)
  [H0 76/500] voxel 20206 r#4 done in 36s (341s total)
  [H0 77/500] voxel 20206 r#5 done in 37s (343s total)
  [H0 78/500] voxel 20206 r#2 done in 65s (368s total)
  [H0 79/500] voxel 3142 r#6 done in 26s (369s total)
  [H0 80/500] voxel 3142 r#5 done in 30s (371s total)
  [H0 81/500] voxel 3142 r#3 done in 36s (372s total)
  [H0 82/500] voxel 20206 r#1 done in 75s (373s total)
  [H0 83/500] voxel 20206 r#0 done in 82s (374s total)
  [H0 84/500] voxel 3142 r#4 done in 34s (374s total)
  [H0 85/500] voxel 3142 r#2 done in 49s (385s total)
  [H0 86/500] voxel 3142 r#8 done in 19s (387s total)
  [H0 87/500] voxel 3142 r#1 done in 56s (388s total)
  [H0 88/500] voxel 3142 r#9 done in 18s (389s total)
  [H0 89/500] voxel 3142 r#7 done in 27s (395s total)
  [H0 90/500] voxel 3142 r#0 done in 71s (401s total)
  [H0 91/500] voxel 20480 r#3 done in 35s (409s total)
  [H0 92/500] voxel 20480 r#6 done in 23s (411s total)
  [H0 93/500] voxel 20480 r#7 done in 23s (412s total)
  [H0 94/500] voxel 20480 r#8 done in 19s (414s total)
  [H0 95/500] voxel 20480 r#4 done in 30s (415s total)
  [H0 96/500] voxel 20480 r#9 done in 19s (420s total)
  [H0 97/500] voxel 20480 r#5 done in 35s (422s total)
  [H0 98/500] voxel 20480 r#2 done in 52s (426s total)
  [H0 99/500] voxel 20480 r#1 done in 61s (434s total)
  [H0 100/500] voxel 20480 r#0 done in 66s (438s total)
  [H0 101/500] voxel 2177 r#4 done in 33s (449s total)
  [H0 102/500] voxel 2177 r#7 done in 23s (449s total)
  [H0 103/500] voxel 2177 r#5 done in 29s (449s total)
  [H0 104/500] voxel 2177 r#6 done in 28s (450s total)
  [H0 105/500] voxel 2177 r#8 done in 19s (452s total)
  [H0 106/500] voxel 2177 r#3 done in 41s (455s total)
  [H0 107/500] voxel 2177 r#9 done in 17s (455s total)
  [H0 108/500] voxel 2177 r#2 done in 57s (469s total)
  [H0 109/500] voxel 2177 r#1 done in 61s (472s total)
  [H0 110/500] voxel 13884 r#6 done in 24s (479s total)
  [H0 111/500] voxel 2177 r#0 done in 71s (480s total)
  [H0 112/500] voxel 13884 r#4 done in 36s (488s total)
  [H0 113/500] voxel 13884 r#7 done in 22s (490s total)
  [H0 114/500] voxel 13884 r#8 done in 19s (491s total)
  [H0 115/500] voxel 13884 r#5 done in 36s (491s total)
  [H0 116/500] voxel 13884 r#3 done in 43s (493s total)
  [H0 117/500] voxel 13884 r#9 done in 16s (496s total)
  [H0 118/500] voxel 13884 r#2 done in 62s (511s total)
  [H0 119/500] voxel 10531 r#6 done in 27s (523s total)
  [H0 120/500] voxel 10531 r#5 done in 32s (525s total)
  [H0 121/500] voxel 13884 r#0 done in 77s (526s total)
  [H0 122/500] voxel 13884 r#1 done in 79s (527s total)
  [H0 123/500] voxel 10531 r#4 done in 44s (535s total)
  [H0 124/500] voxel 10531 r#7 done in 25s (536s total)
  [H0 125/500] voxel 10531 r#3 done in 50s (540s total)
  [H0 126/500] voxel 10531 r#8 done in 19s (542s total)
  [H0 127/500] voxel 10531 r#9 done in 18s (543s total)
  [H0 128/500] voxel 16905 r#6 done in 25s (568s total)
  [H0 129/500] voxel 16905 r#4 done in 33s (574s total)
  [H0 130/500] voxel 10531 r#2 done in 84s (575s total)
  [H0 131/500] voxel 16905 r#3 done in 40s (576s total)
  [H0 132/500] voxel 16905 r#5 done in 36s (578s total)
  [H0 133/500] voxel 10531 r#1 done in 92s (580s total)
  [H0 134/500] voxel 10531 r#0 done in 101s (581s total)
  [H0 135/500] voxel 16905 r#7 done in 24s (591s total)
  [H0 136/500] voxel 16905 r#9 done in 18s (593s total)
  [H0 137/500] voxel 16905 r#8 done in 19s (593s total)
  [H0 138/500] voxel 16905 r#2 done in 69s (604s total)
  [H0 139/500] voxel 16905 r#0 done in 81s (607s total)
  [H0 140/500] voxel 16905 r#1 done in 90s (617s total)
  [H0 141/500] voxel 17451 r#6 done in 27s (620s total)
  [H0 142/500] voxel 17451 r#3 done in 43s (623s total)
  [H0 143/500] voxel 17451 r#5 done in 31s (624s total)
  [H0 144/500] voxel 17451 r#4 done in 33s (624s total)
  [H0 145/500] voxel 17451 r#8 done in 19s (626s total)
  [H0 146/500] voxel 17451 r#7 done in 24s (628s total)
  [H0 147/500] voxel 17451 r#9 done in 19s (636s total)
  [H0 148/500] voxel 17451 r#2 done in 59s (638s total)
  [H0 149/500] voxel 17451 r#1 done in 71s (650s total)
  [H0 150/500] voxel 17451 r#0 done in 78s (654s total)
  [H0 151/500] voxel 24550 r#5 done in 32s (660s total)
  [H0 152/500] voxel 24550 r#4 done in 36s (662s total)
  [H0 153/500] voxel 24550 r#7 done in 24s (662s total)
  [H0 154/500] voxel 24550 r#3 done in 40s (664s total)
  [H0 155/500] voxel 24550 r#6 done in 33s (669s total)
  [H0 156/500] voxel 24550 r#8 done in 20s (670s total)
  [H0 157/500] voxel 24550 r#9 done in 19s (673s total)
  [H0 158/500] voxel 24550 r#2 done in 76s (700s total)
  [H0 159/500] voxel 1053 r#6 done in 31s (704s total)
  [H0 160/500] voxel 1053 r#5 done in 34s (704s total)
  [H0 161/500] voxel 24550 r#1 done in 82s (705s total)
  [H0 162/500] voxel 1053 r#3 done in 44s (707s total)
  [H0 163/500] voxel 1053 r#4 done in 43s (712s total)
  [H0 164/500] voxel 24550 r#0 done in 93s (713s total)
  [H0 165/500] voxel 1053 r#9 done in 17s (721s total)
  [H0 166/500] voxel 1053 r#7 done in 23s (723s total)
  [H0 167/500] voxel 1053 r#8 done in 19s (723s total)
  [H0 168/500] voxel 1053 r#2 done in 72s (734s total)
  [H0 169/500] voxel 1053 r#1 done in 74s (736s total)
  [H0 170/500] voxel 1053 r#0 done in 83s (743s total)
  [H0 171/500] voxel 14217 r#6 done in 25s (748s total)
  [H0 172/500] voxel 14217 r#3 done in 41s (754s total)
  [H0 173/500] voxel 14217 r#7 done in 21s (755s total)
  [H0 174/500] voxel 14217 r#4 done in 34s (755s total)
  [H0 175/500] voxel 14217 r#8 done in 19s (756s total)
  [H0 176/500] voxel 14217 r#9 done in 17s (761s total)
  [H0 177/500] voxel 14217 r#5 done in 38s (761s total)
  [H0 178/500] voxel 14217 r#2 done in 56s (768s total)
  [H0 179/500] voxel 14217 r#0 done in 71s (776s total)
  [H0 180/500] voxel 18541 r#6 done in 24s (785s total)
  [H0 181/500] voxel 18541 r#4 done in 29s (785s total)
  [H0 182/500] voxel 18541 r#3 done in 32s (788s total)
  [H0 183/500] voxel 14217 r#1 done in 82s (789s total)
  [H0 184/500] voxel 18541 r#7 done in 22s (790s total)
  [H0 185/500] voxel 18541 r#5 done in 31s (792s total)
  [H0 186/500] voxel 18541 r#8 done in 20s (796s total)
  [H0 187/500] voxel 18541 r#9 done in 18s (803s total)
  [H0 188/500] voxel 18541 r#2 done in 56s (812s total)
  [H0 189/500] voxel 18541 r#1 done in 65s (819s total)
  [H0 190/500] voxel 18541 r#0 done in 79s (827s total)
  [H0 191/500] voxel 3866 r#5 done in 32s (828s total)
  [H0 192/500] voxel 3866 r#4 done in 37s (829s total)
  [H0 193/500] voxel 3866 r#7 done in 22s (834s total)
  [H0 194/500] voxel 3866 r#6 done in 32s (835s total)
  [H0 195/500] voxel 3866 r#3 done in 48s (838s total)
  [H0 196/500] voxel 3866 r#8 done in 20s (839s total)
  [H0 197/500] voxel 3866 r#9 done in 19s (846s total)
  [H0 198/500] voxel 3866 r#2 done in 68s (857s total)
  [H0 199/500] voxel 2489 r#5 done in 33s (872s total)
  [H0 200/500] voxel 2489 r#3 done in 38s (872s total)
  [H0 201/500] voxel 2489 r#4 done in 36s (874s total)
  [H0 202/500] voxel 2489 r#6 done in 29s (875s total)
  [H0 203/500] voxel 3866 r#1 done in 88s (875s total)
  [H0 204/500] voxel 3866 r#0 done in 95s (880s total)
  [H0 205/500] voxel 2489 r#7 done in 25s (882s total)
  [H0 206/500] voxel 2489 r#9 done in 18s (890s total)
  [H0 207/500] voxel 2489 r#8 done in 21s (893s total)
  [H0 208/500] voxel 2489 r#2 done in 70s (904s total)
  [H0 209/500] voxel 2489 r#1 done in 87s (916s total)
  [H0 210/500] voxel 9484 r#4 done in 34s (916s total)
  [H0 211/500] voxel 9484 r#6 done in 26s (918s total)
  [H0 212/500] voxel 9484 r#3 done in 39s (919s total)
  [H0 213/500] voxel 9484 r#5 done in 34s (924s total)
  [H0 214/500] voxel 9484 r#7 done in 22s (926s total)
  [H0 215/500] voxel 2489 r#0 done in 99s (928s total)
  [H0 216/500] voxel 9484 r#9 done in 17s (934s total)
  [H0 217/500] voxel 9484 r#8 done in 20s (936s total)
  [H0 218/500] voxel 9484 r#2 done in 63s (938s total)
  [H0 219/500] voxel 9484 r#0 done in 84s (958s total)
  [H0 220/500] voxel 9484 r#1 done in 83s (959s total)
  [H0 221/500] voxel 7109 r#7 done in 23s (961s total)
  [H0 222/500] voxel 7109 r#6 done in 27s (963s total)
  [H0 223/500] voxel 7109 r#4 done in 39s (967s total)
  [H0 224/500] voxel 7109 r#5 done in 35s (969s total)
  [H0 225/500] voxel 7109 r#3 done in 48s (975s total)
  [H0 226/500] voxel 7109 r#9 done in 19s (977s total)
  [H0 227/500] voxel 7109 r#8 done in 20s (978s total)
  [H0 228/500] voxel 7109 r#2 done in 76s (1000s total)
  [H0 229/500] voxel 970 r#3 done in 35s (1004s total)
  [H0 230/500] voxel 970 r#6 done in 27s (1004s total)
  [H0 231/500] voxel 7109 r#1 done in 86s (1005s total)
  [H0 232/500] voxel 970 r#4 done in 33s (1007s total)
  [H0 233/500] voxel 970 r#5 done in 31s (1008s total)
  [H0 234/500] voxel 7109 r#0 done in 95s (1013s total)
  [H0 235/500] voxel 970 r#2 done in 52s (1018s total)
  [H0 236/500] voxel 970 r#7 done in 22s (1022s total)
  [H0 237/500] voxel 970 r#9 done in 18s (1022s total)
  [H0 238/500] voxel 970 r#8 done in 19s (1023s total)
  [H0 239/500] voxel 970 r#0 done in 65s (1027s total)
  [H0 240/500] voxel 970 r#1 done in 66s (1029s total)
  [H0 241/500] voxel 19705 r#8 done in 20s (1047s total)
  [H0 242/500] voxel 19705 r#9 done in 18s (1047s total)
  [H0 243/500] voxel 19705 r#7 done in 26s (1049s total)
  [H0 244/500] voxel 19705 r#6 done in 27s (1050s total)
  [H0 245/500] voxel 19705 r#5 done in 37s (1059s total)
  [H0 246/500] voxel 19705 r#4 done in 48s (1067s total)
  [H0 247/500] voxel 19705 r#3 done in 55s (1068s total)
  [H0 248/500] voxel 19705 r#1 done in 76s (1083s total)
  [H0 249/500] voxel 19705 r#0 done in 82s (1087s total)
  [H0 250/500] voxel 9001 r#4 done in 30s (1089s total)
  [H0 251/500] voxel 19705 r#2 done in 87s (1095s total)
  [H0 252/500] voxel 9001 r#6 done in 30s (1097s total)
  [H0 253/500] voxel 9001 r#3 done in 51s (1101s total)
  [H0 254/500] voxel 9001 r#9 done in 17s (1106s total)
  [H0 255/500] voxel 9001 r#8 done in 20s (1107s total)
  [H0 256/500] voxel 9001 r#5 done in 42s (1109s total)
  [H0 257/500] voxel 9001 r#7 done in 28s (1112s total)
  [H0 258/500] voxel 9001 r#2 done in 85s (1134s total)
  [H0 259/500] voxel 13074 r#4 done in 28s (1134s total)
  [H0 260/500] voxel 13074 r#6 done in 28s (1140s total)
  [H0 261/500] voxel 13074 r#5 done in 33s (1141s total)
  [H0 262/500] voxel 13074 r#3 done in 36s (1142s total)
  [H0 263/500] voxel 9001 r#0 done in 96s (1143s total)
  [H0 264/500] voxel 9001 r#1 done in 105s (1152s total)
  [H0 265/500] voxel 13074 r#8 done in 18s (1153s total)
  [H0 266/500] voxel 13074 r#7 done in 22s (1156s total)
  [H0 267/500] voxel 13074 r#9 done in 16s (1156s total)
  [H0 268/500] voxel 13074 r#2 done in 57s (1158s total)
  [H0 269/500] voxel 13074 r#1 done in 69s (1166s total)
  [H0 270/500] voxel 13074 r#0 done in 72s (1167s total)
  [H0 271/500] voxel 12213 r#7 done in 23s (1181s total)
  [H0 272/500] voxel 12213 r#6 done in 25s (1182s total)
  [H0 273/500] voxel 12213 r#9 done in 18s (1185s total)
  [H0 274/500] voxel 12213 r#8 done in 20s (1186s total)
  [H0 275/500] voxel 12213 r#5 done in 30s (1186s total)
  [H0 276/500] voxel 12213 r#4 done in 38s (1191s total)
  [H0 277/500] voxel 12213 r#3 done in 39s (1191s total)
  [H0 278/500] voxel 12213 r#2 done in 72s (1216s total)
  [H0 279/500] voxel 14240 r#6 done in 28s (1220s total)
  [H0 280/500] voxel 14240 r#4 done in 38s (1224s total)
  [H0 281/500] voxel 14240 r#5 done in 39s (1229s total)
  [H0 282/500] voxel 12213 r#1 done in 91s (1233s total)
  [H0 283/500] voxel 12213 r#0 done in 96s (1237s total)
  [H0 284/500] voxel 14240 r#7 done in 22s (1238s total)
  [H0 285/500] voxel 14240 r#8 done in 19s (1239s total)
  [H0 286/500] voxel 14240 r#3 done in 54s (1240s total)
  [H0 287/500] voxel 14240 r#9 done in 18s (1242s total)
  [H0 288/500] voxel 14240 r#2 done in 73s (1258s total)
  [H0 289/500] voxel 14240 r#1 done in 82s (1263s total)
  [H0 290/500] voxel 121 r#6 done in 30s (1272s total)
  [H0 291/500] voxel 121 r#5 done in 35s (1275s total)
  [H0 292/500] voxel 121 r#3 done in 42s (1280s total)
  [H0 293/500] voxel 14240 r#0 done in 101s (1282s total)
  [H0 294/500] voxel 121 r#8 done in 19s (1283s total)
  [H0 295/500] voxel 121 r#7 done in 27s (1286s total)
  [H0 296/500] voxel 121 r#9 done in 18s (1289s total)
  [H0 297/500] voxel 121 r#4 done in 51s (1290s total)
  [H0 298/500] voxel 121 r#2 done in 73s (1311s total)
  [H0 299/500] voxel 121 r#0 done in 85s (1315s total)
  [H0 300/500] voxel 13850 r#6 done in 26s (1316s total)
  [H0 301/500] voxel 13850 r#5 done in 28s (1317s total)
  [H0 302/500] voxel 13850 r#3 done in 35s (1318s total)
  [H0 303/500] voxel 13850 r#4 done in 34s (1320s total)
  [H0 304/500] voxel 121 r#1 done in 91s (1324s total)
  [H0 305/500] voxel 13850 r#7 done in 21s (1332s total)
  [H0 306/500] voxel 13850 r#8 done in 18s (1333s total)
  [H0 307/500] voxel 13850 r#9 done in 18s (1334s total)
  [H0 308/500] voxel 13850 r#2 done in 56s (1339s total)
  [H0 309/500] voxel 13850 r#0 done in 77s (1352s total)
  [H0 310/500] voxel 13850 r#1 done in 73s (1353s total)
  [H0 311/500] voxel 2347 r#6 done in 28s (1362s total)
  [H0 312/500] voxel 2347 r#7 done in 23s (1362s total)
  [H0 313/500] voxel 2347 r#4 done in 31s (1362s total)
  [H0 314/500] voxel 2347 r#5 done in 31s (1364s total)
  [H0 315/500] voxel 2347 r#9 done in 18s (1370s total)
  [H0 316/500] voxel 2347 r#8 done in 19s (1371s total)
  [H0 317/500] voxel 2347 r#3 done in 50s (1374s total)
  [H0 318/500] voxel 2347 r#2 done in 63s (1382s total)
  [H0 319/500] voxel 2347 r#1 done in 70s (1388s total)
  [H0 320/500] voxel 9150 r#6 done in 24s (1398s total)
  [H0 321/500] voxel 9150 r#4 done in 29s (1399s total)
  [H0 322/500] voxel 9150 r#3 done in 36s (1400s total)
  [H0 323/500] voxel 9150 r#7 done in 22s (1404s total)
  [H0 324/500] voxel 9150 r#5 done in 34s (1405s total)
  [H0 325/500] voxel 2347 r#0 done in 89s (1406s total)
  [H0 326/500] voxel 9150 r#8 done in 19s (1407s total)
  [H0 327/500] voxel 9150 r#9 done in 16s (1414s total)
  [H0 328/500] voxel 9150 r#2 done in 52s (1415s total)
  [H0 329/500] voxel 9150 r#1 done in 69s (1431s total)
  [H0 330/500] voxel 9150 r#0 done in 71s (1433s total)
  [H0 331/500] voxel 5384 r#6 done in 25s (1438s total)
  [H0 332/500] voxel 5384 r#7 done in 25s (1439s total)
  [H0 333/500] voxel 5384 r#5 done in 34s (1441s total)
  [H0 334/500] voxel 5384 r#4 done in 37s (1443s total)
  [H0 335/500] voxel 5384 r#3 done in 41s (1445s total)
  [H0 336/500] voxel 5384 r#9 done in 18s (1451s total)
  [H0 337/500] voxel 5384 r#8 done in 21s (1451s total)
  [H0 338/500] voxel 5384 r#2 done in 57s (1461s total)
  [H0 339/500] voxel 5384 r#0 done in 71s (1470s total)
  [H0 340/500] voxel 5384 r#1 done in 77s (1477s total)
  [H0 341/500] voxel 19089 r#6 done in 27s (1478s total)
  [H0 342/500] voxel 19089 r#4 done in 33s (1478s total)
  [H0 343/500] voxel 19089 r#5 done in 35s (1486s total)
  [H0 344/500] voxel 19089 r#7 done in 26s (1487s total)
  [H0 345/500] voxel 19089 r#8 done in 20s (1490s total)
  [H0 346/500] voxel 19089 r#3 done in 51s (1495s total)
  [H0 347/500] voxel 19089 r#9 done in 18s (1495s total)
  [H0 348/500] voxel 19089 r#2 done in 65s (1506s total)
  [H0 349/500] voxel 19089 r#1 done in 84s (1523s total)
  [H0 350/500] voxel 19089 r#0 done in 85s (1524s total)
  [H0 351/500] voxel 21741 r#6 done in 31s (1526s total)
  [H0 352/500] voxel 21741 r#3 done in 42s (1530s total)
  [H0 353/500] voxel 21741 r#5 done in 35s (1530s total)
  [H0 354/500] voxel 21741 r#7 done in 26s (1532s total)
  [H0 355/500] voxel 21741 r#4 done in 45s (1535s total)
  [H0 356/500] voxel 21741 r#9 done in 17s (1541s total)
  [H0 357/500] voxel 21741 r#8 done in 20s (1543s total)
  [H0 358/500] voxel 21741 r#2 done in 73s (1559s total)
  [H0 359/500] voxel 21741 r#1 done in 84s (1563s total)
  [H0 360/500] voxel 21741 r#0 done in 85s (1563s total)
  [H0 361/500] voxel 7723 r#4 done in 30s (1565s total)
  [H0 362/500] voxel 7723 r#6 done in 29s (1572s total)
  [H0 363/500] voxel 7723 r#5 done in 34s (1575s total)
  [H0 364/500] voxel 7723 r#3 done in 46s (1578s total)
  [H0 365/500] voxel 7723 r#7 done in 22s (1581s total)
  [H0 366/500] voxel 7723 r#8 done in 18s (1581s total)
  [H0 367/500] voxel 7723 r#9 done in 19s (1582s total)
  [H0 368/500] voxel 7723 r#2 done in 59s (1588s total)
  [H0 369/500] voxel 7723 r#0 done in 81s (1607s total)
  [H0 370/500] voxel 9421 r#7 done in 23s (1612s total)
  [H0 371/500] voxel 9421 r#6 done in 31s (1613s total)
  [H0 372/500] voxel 7723 r#1 done in 84s (1613s total)
  [H0 373/500] voxel 9421 r#4 done in 36s (1616s total)
  [H0 374/500] voxel 9421 r#5 done in 39s (1620s total)
  [H0 375/500] voxel 9421 r#3 done in 44s (1622s total)
  [H0 376/500] voxel 9421 r#8 done in 20s (1627s total)
  [H0 377/500] voxel 9421 r#9 done in 17s (1629s total)
  [H0 378/500] voxel 9421 r#2 done in 60s (1636s total)
  [H0 379/500] voxel 9421 r#1 done in 69s (1641s total)
  [H0 380/500] voxel 9421 r#0 done in 81s (1646s total)
  [H0 381/500] voxel 24474 r#6 done in 26s (1654s total)
  [H0 382/500] voxel 24474 r#7 done in 21s (1657s total)
  [H0 383/500] voxel 24474 r#3 done in 38s (1657s total)
  [H0 384/500] voxel 24474 r#8 done in 20s (1661s total)
  [H0 385/500] voxel 24474 r#4 done in 40s (1662s total)
  [H0 386/500] voxel 24474 r#9 done in 18s (1664s total)
  [H0 387/500] voxel 24474 r#5 done in 43s (1670s total)
  [H0 388/500] voxel 24474 r#2 done in 66s (1682s total)
  [H0 389/500] voxel 8383 r#6 done in 23s (1692s total)
  [H0 390/500] voxel 8383 r#4 done in 31s (1693s total)
  [H0 391/500] voxel 24474 r#1 done in 83s (1696s total)
  [H0 392/500] voxel 8383 r#3 done in 36s (1698s total)
  [H0 393/500] voxel 8383 r#5 done in 35s (1699s total)
  [H0 394/500] voxel 8383 r#7 done in 24s (1706s total)
  [H0 395/500] voxel 8383 r#9 done in 17s (1710s total)
  [H0 396/500] voxel 8383 r#8 done in 18s (1711s total)
  [H0 397/500] voxel 8383 r#2 done in 55s (1712s total)
  [H0 398/500] voxel 24474 r#0 done in 101s (1714s total)
  [H0 399/500] voxel 8383 r#1 done in 68s (1725s total)
  [H0 400/500] voxel 8383 r#0 done in 72s (1727s total)
  [H0 401/500] voxel 12695 r#7 done in 23s (1737s total)
  [H0 402/500] voxel 12695 r#6 done in 28s (1740s total)
  [H0 403/500] voxel 12695 r#5 done in 32s (1743s total)
  [H0 404/500] voxel 12695 r#8 done in 19s (1744s total)
  [H0 405/500] voxel 12695 r#4 done in 34s (1744s total)
  [H0 406/500] voxel 12695 r#9 done in 18s (1745s total)
  [H0 407/500] voxel 12695 r#3 done in 40s (1746s total)
  [H0 408/500] voxel 12695 r#2 done in 57s (1756s total)
  [H0 409/500] voxel 12695 r#1 done in 74s (1771s total)
  [H0 410/500] voxel 11143 r#6 done in 26s (1773s total)
  [H0 411/500] voxel 12695 r#0 done in 77s (1773s total)
  [H0 412/500] voxel 11143 r#5 done in 29s (1774s total)
  [H0 413/500] voxel 11143 r#7 done in 20s (1776s total)
  [H0 414/500] voxel 11143 r#3 done in 37s (1781s total)
  [H0 415/500] voxel 11143 r#4 done in 40s (1785s total)
  [H0 416/500] voxel 11143 r#8 done in 20s (1791s total)
  [H0 417/500] voxel 11143 r#9 done in 19s (1791s total)
  [H0 418/500] voxel 11143 r#2 done in 65s (1807s total)
  [H0 419/500] voxel 17771 r#6 done in 26s (1818s total)
  [H0 420/500] voxel 17771 r#4 done in 35s (1820s total)
  [H0 421/500] voxel 17771 r#3 done in 42s (1823s total)
  [H0 422/500] voxel 17771 r#5 done in 39s (1830s total)
  [H0 423/500] voxel 11143 r#1 done in 89s (1830s total)
  [H0 424/500] voxel 11143 r#0 done in 93s (1830s total)
  [H0 425/500] voxel 17771 r#7 done in 25s (1832s total)
  [H0 426/500] voxel 17771 r#2 done in 59s (1834s total)
  [H0 427/500] voxel 17771 r#9 done in 17s (1837s total)
  [H0 428/500] voxel 17771 r#8 done in 19s (1837s total)
  [H0 429/500] voxel 17771 r#0 done in 81s (1854s total)
  [H0 430/500] voxel 17771 r#1 done in 85s (1859s total)
  [H0 431/500] voxel 2943 r#7 done in 23s (1860s total)
  [H0 432/500] voxel 2943 r#6 done in 26s (1863s total)
  [H0 433/500] voxel 2943 r#5 done in 30s (1864s total)
  [H0 434/500] voxel 2943 r#4 done in 36s (1869s total)
  [H0 435/500] voxel 2943 r#3 done in 41s (1871s total)
  [H0 436/500] voxel 2943 r#8 done in 21s (1874s total)
  [H0 437/500] voxel 2943 r#9 done in 18s (1877s total)
  [H0 438/500] voxel 2943 r#2 done in 69s (1899s total)
  [H0 439/500] voxel 8787 r#3 done in 34s (1902s total)
  [H0 440/500] voxel 8787 r#5 done in 31s (1905s total)
  [H0 441/500] voxel 8787 r#6 done in 29s (1906s total)
  [H0 442/500] voxel 8787 r#4 done in 37s (1908s total)
  [H0 443/500] voxel 2943 r#1 done in 79s (1908s total)
  [H0 444/500] voxel 2943 r#0 done in 87s (1909s total)
  [H0 445/500] voxel 8787 r#7 done in 22s (1921s total)
  [H0 446/500] voxel 8787 r#8 done in 20s (1922s total)
  [H0 447/500] voxel 8787 r#9 done in 18s (1923s total)
  [H0 448/500] voxel 8787 r#2 done in 68s (1932s total)
  [H0 449/500] voxel 8787 r#1 done in 73s (1936s total)
  [H0 450/500] voxel 3424 r#6 done in 24s (1947s total)
  [H0 451/500] voxel 3424 r#3 done in 39s (1949s total)
  [H0 452/500] voxel 8787 r#0 done in 92s (1952s total)
  [H0 453/500] voxel 3424 r#5 done in 31s (1953s total)
  [H0 454/500] voxel 3424 r#8 done in 19s (1956s total)
  [H0 455/500] voxel 3424 r#7 done in 24s (1956s total)
  [H0 456/500] voxel 3424 r#4 done in 37s (1957s total)
  [H0 457/500] voxel 3424 r#9 done in 18s (1966s total)
  [H0 458/500] voxel 3424 r#2 done in 58s (1967s total)
  [H0 459/500] voxel 3424 r#0 done in 72s (1978s total)
  [H0 460/500] voxel 3424 r#1 done in 76s (1984s total)
  [H0 461/500] voxel 14578 r#7 done in 21s (1988s total)
  [H0 462/500] voxel 14578 r#4 done in 33s (1989s total)
  [H0 463/500] voxel 14578 r#5 done in 32s (1990s total)
  [H0 464/500] voxel 14578 r#3 done in 38s (1994s total)
  [H0 465/500] voxel 14578 r#6 done in 28s (1994s total)
  [H0 466/500] voxel 14578 r#8 done in 19s (1997s total)
  [H0 467/500] voxel 14578 r#9 done in 19s (2003s total)
  [H0 468/500] voxel 14578 r#2 done in 62s (2015s total)
  [H0 469/500] voxel 14578 r#1 done in 72s (2024s total)
  [H0 470/500] voxel 21750 r#5 done in 31s (2028s total)
  [H0 471/500] voxel 14578 r#0 done in 82s (2031s total)
  [H0 472/500] voxel 21750 r#4 done in 37s (2031s total)
  [H0 473/500] voxel 21750 r#3 done in 40s (2033s total)
  [H0 474/500] voxel 21750 r#7 done in 22s (2037s total)
  [H0 475/500] voxel 21750 r#6 done in 36s (2038s total)
  [H0 476/500] voxel 21750 r#8 done in 20s (2043s total)
  [H0 477/500] voxel 21750 r#9 done in 17s (2045s total)
  [H0 478/500] voxel 21750 r#2 done in 66s (2056s total)
  [H0 479/500] voxel 19118 r#6 done in 23s (2068s total)
  [H0 480/500] voxel 19118 r#4 done in 34s (2073s total)
  [H0 481/500] voxel 19118 r#3 done in 36s (2073s total)
  [H0 482/500] voxel 21750 r#0 done in 88s (2076s total)
  [H0 483/500] voxel 19118 r#5 done in 33s (2077s total)
  [H0 484/500] voxel 19118 r#7 done in 21s (2077s total)
  [H0 485/500] voxel 19118 r#2 done in 52s (2085s total)
  [H0 486/500] voxel 21750 r#1 done in 97s (2086s total)
  [H0 487/500] voxel 19118 r#8 done in 19s (2087s total)
  [H0 488/500] voxel 19118 r#9 done in 18s (2091s total)
  [H0 489/500] voxel 19118 r#0 done in 63s (2094s total)
  [H0 490/500] voxel 19118 r#1 done in 66s (2097s total)
  [H0 491/500] voxel 11774 r#8 done in 18s (2112s total)
  [H0 492/500] voxel 11774 r#7 done in 22s (2113s total)
  [H0 493/500] voxel 11774 r#6 done in 26s (2113s total)
  [H0 494/500] voxel 11774 r#5 done in 28s (2113s total)
  [H0 495/500] voxel 11774 r#4 done in 29s (2115s total)
  [H0 496/500] voxel 11774 r#9 done in 18s (2115s total)
  [H0 497/500] voxel 11774 r#3 done in 39s (2116s total)
  [H0 498/500] voxel 11774 r#2 done in 48s (2125s total)
  [H0 499/500] voxel 11774 r#0 done in 60s (2133s total)
  [H0 500/500] voxel 11774 r#1 done in 61s (2137s total)
Loaded crystal structure from DataFiles/copper.dat: CrystalStructure(Cu, a=3.6100Å, SG=225)
Max Q calculated: 24.7872 Å⁻¹
Loaded crystal structure from DataFiles/copper.dat: CrystalStructure(Cu, a=3.6100Å, SG=225)
Max Q calculated: 24.7872 Å⁻¹
Loaded crystal structure from DataFiles/copper.dat: CrystalStructure(Cu, a=3.6100Å, SG=225)
Max Q calculated: 24.7872 Å⁻¹
Loaded crystal structure from DataFiles/copper.dat: CrystalStructure(Cu, a=3.6100Å, SG=225)
Max Q calculated: 24.7872 Å⁻¹
Loaded crystal structure from DataFiles/copper.dat: CrystalStructure(Cu, a=3.6100Å, SG=225)
Max Q calculated: 24.7872 Å⁻¹
Loaded crystal structure from DataFiles/copper.dat: CrystalStructure(Cu, a=3.6100Å, SG=225)
Max Q calculated: 24.7872 Å⁻¹
Loaded crystal structure from DataFiles/copper.dat: CrystalStructure(Cu, a=3.6100Å, SG=225)
Max Q calculated: 24.7872 Å⁻¹
Loaded crystal structure from DataFiles/copper.dat: CrystalStructure(Cu, a=3.6100Å, SG=225)
Max Q calculated: 24.7872 Å⁻¹
Loaded crystal structure from DataFiles/copper.dat: CrystalStructure(Cu, a=3.6100Å, SG=225)
Max Q calculated: 24.7872 Å⁻¹
Loaded crystal structure from DataFiles/copper.dat: CrystalStructure(Cu, a=3.6100Å, SG=225)
Max Q calculated: 24.7872 Å⁻¹
H0 finished; wall 2137s
saved /Users/sfli/Research/IceNine/icenine_py/benchmarks/nn_hybrid/H0_realistic_s0_raw.npz
H1/realistic_s0: 500 tasks (0 cached), 10 workers
/Users/sfli/Research/IceNine/icenine_py/icenine/experiment_setup.py:293: UserWarning: Step size file reading not yet implemented: ConfigFiles/Optimization.2Det
  self.optimization_info = self._read_step_size_file(
/Users/sfli/Research/IceNine/icenine_py/icenine/experiment_setup.py:298: UserWarning: Step size file reading not yet implemented: ConfigFiles/Sensitivity.2Det
  self.detection_sensitivity = self._read_step_size_file(
/Users/sfli/Research/IceNine/icenine_py/icenine/experiment_setup.py:303: UserWarning: Step size file reading not yet implemented: ConfigFiles/Constrain.2L
  self.optimization_constrains = self._read_step_size_file(
/Users/sfli/Research/IceNine/icenine_py/icenine/experiment_setup.py:502: UserWarning: Gimbal lock detected. Setting third angle to zero since it is not possible to uniquely determine all angles.
  sample.rotate(
/Users/sfli/Research/IceNine/icenine_py/icenine/experiment_setup.py:293: UserWarning: Step size file reading not yet implemented: ConfigFiles/Optimization.2Det
  self.optimization_info = self._read_step_size_file(
/Users/sfli/Research/IceNine/icenine_py/icenine/experiment_setup.py:298: UserWarning: Step size file reading not yet implemented: ConfigFiles/Sensitivity.2Det
  self.detection_sensitivity = self._read_step_size_file(
/Users/sfli/Research/IceNine/icenine_py/icenine/experiment_setup.py:303: UserWarning: Step size file reading not yet implemented: ConfigFiles/Constrain.2L
  self.optimization_constrains = self._read_step_size_file(
/Users/sfli/Research/IceNine/icenine_py/icenine/experiment_setup.py:502: UserWarning: Gimbal lock detected. Setting third angle to zero since it is not possible to uniquely determine all angles.
  sample.rotate(
/Users/sfli/Research/IceNine/icenine_py/icenine/experiment_setup.py:293: UserWarning: Step size file reading not yet implemented: ConfigFiles/Optimization.2Det
  self.optimization_info = self._read_step_size_file(
/Users/sfli/Research/IceNine/icenine_py/icenine/experiment_setup.py:298: UserWarning: Step size file reading not yet implemented: ConfigFiles/Sensitivity.2Det
  self.detection_sensitivity = self._read_step_size_file(
/Users/sfli/Research/IceNine/icenine_py/icenine/experiment_setup.py:303: UserWarning: Step size file reading not yet implemented: ConfigFiles/Constrain.2L
  self.optimization_constrains = self._read_step_size_file(
/Users/sfli/Research/IceNine/icenine_py/icenine/experiment_setup.py:502: UserWarning: Gimbal lock detected. Setting third angle to zero since it is not possible to uniquely determine all angles.
  sample.rotate(
/Users/sfli/Research/IceNine/icenine_py/icenine/experiment_setup.py:293: UserWarning: Step size file reading not yet implemented: ConfigFiles/Optimization.2Det
  self.optimization_info = self._read_step_size_file(
/Users/sfli/Research/IceNine/icenine_py/icenine/experiment_setup.py:298: UserWarning: Step size file reading not yet implemented: ConfigFiles/Sensitivity.2Det
  self.detection_sensitivity = self._read_step_size_file(
/Users/sfli/Research/IceNine/icenine_py/icenine/experiment_setup.py:303: UserWarning: Step size file reading not yet implemented: ConfigFiles/Constrain.2L
  self.optimization_constrains = self._read_step_size_file(
/Users/sfli/Research/IceNine/icenine_py/icenine/experiment_setup.py:502: UserWarning: Gimbal lock detected. Setting third angle to zero since it is not possible to uniquely determine all angles.
  sample.rotate(
/Users/sfli/Research/IceNine/icenine_py/icenine/experiment_setup.py:293: UserWarning: Step size file reading not yet implemented: ConfigFiles/Optimization.2Det
  self.optimization_info = self._read_step_size_file(
/Users/sfli/Research/IceNine/icenine_py/icenine/experiment_setup.py:298: UserWarning: Step size file reading not yet implemented: ConfigFiles/Sensitivity.2Det
  self.detection_sensitivity = self._read_step_size_file(
/Users/sfli/Research/IceNine/icenine_py/icenine/experiment_setup.py:303: UserWarning: Step size file reading not yet implemented: ConfigFiles/Constrain.2L
  self.optimization_constrains = self._read_step_size_file(
/Users/sfli/Research/IceNine/icenine_py/icenine/experiment_setup.py:502: UserWarning: Gimbal lock detected. Setting third angle to zero since it is not possible to uniquely determine all angles.
  sample.rotate(
/Users/sfli/Research/IceNine/icenine_py/icenine/experiment_setup.py:293: UserWarning: Step size file reading not yet implemented: ConfigFiles/Optimization.2Det
  self.optimization_info = self._read_step_size_file(
/Users/sfli/Research/IceNine/icenine_py/icenine/experiment_setup.py:298: UserWarning: Step size file reading not yet implemented: ConfigFiles/Sensitivity.2Det
  self.detection_sensitivity = self._read_step_size_file(
/Users/sfli/Research/IceNine/icenine_py/icenine/experiment_setup.py:303: UserWarning: Step size file reading not yet implemented: ConfigFiles/Constrain.2L
  self.optimization_constrains = self._read_step_size_file(
/Users/sfli/Research/IceNine/icenine_py/icenine/experiment_setup.py:502: UserWarning: Gimbal lock detected. Setting third angle to zero since it is not possible to uniquely determine all angles.
  sample.rotate(
/Users/sfli/Research/IceNine/icenine_py/icenine/experiment_setup.py:293: UserWarning: Step size file reading not yet implemented: ConfigFiles/Optimization.2Det
  self.optimization_info = self._read_step_size_file(
/Users/sfli/Research/IceNine/icenine_py/icenine/experiment_setup.py:298: UserWarning: Step size file reading not yet implemented: ConfigFiles/Sensitivity.2Det
  self.detection_sensitivity = self._read_step_size_file(
/Users/sfli/Research/IceNine/icenine_py/icenine/experiment_setup.py:303: UserWarning: Step size file reading not yet implemented: ConfigFiles/Constrain.2L
  self.optimization_constrains = self._read_step_size_file(
/Users/sfli/Research/IceNine/icenine_py/icenine/experiment_setup.py:502: UserWarning: Gimbal lock detected. Setting third angle to zero since it is not possible to uniquely determine all angles.
  sample.rotate(
/Users/sfli/Research/IceNine/icenine_py/icenine/experiment_setup.py:293: UserWarning: Step size file reading not yet implemented: ConfigFiles/Optimization.2Det
  self.optimization_info = self._read_step_size_file(
/Users/sfli/Research/IceNine/icenine_py/icenine/experiment_setup.py:298: UserWarning: Step size file reading not yet implemented: ConfigFiles/Sensitivity.2Det
  self.detection_sensitivity = self._read_step_size_file(
/Users/sfli/Research/IceNine/icenine_py/icenine/experiment_setup.py:303: UserWarning: Step size file reading not yet implemented: ConfigFiles/Constrain.2L
  self.optimization_constrains = self._read_step_size_file(
/Users/sfli/Research/IceNine/icenine_py/icenine/experiment_setup.py:502: UserWarning: Gimbal lock detected. Setting third angle to zero since it is not possible to uniquely determine all angles.
  sample.rotate(
/Users/sfli/Research/IceNine/icenine_py/icenine/experiment_setup.py:293: UserWarning: Step size file reading not yet implemented: ConfigFiles/Optimization.2Det
  self.optimization_info = self._read_step_size_file(
/Users/sfli/Research/IceNine/icenine_py/icenine/experiment_setup.py:298: UserWarning: Step size file reading not yet implemented: ConfigFiles/Sensitivity.2Det
  self.detection_sensitivity = self._read_step_size_file(
/Users/sfli/Research/IceNine/icenine_py/icenine/experiment_setup.py:303: UserWarning: Step size file reading not yet implemented: ConfigFiles/Constrain.2L
  self.optimization_constrains = self._read_step_size_file(
/Users/sfli/Research/IceNine/icenine_py/icenine/experiment_setup.py:502: UserWarning: Gimbal lock detected. Setting third angle to zero since it is not possible to uniquely determine all angles.
  sample.rotate(
/Users/sfli/Research/IceNine/icenine_py/icenine/experiment_setup.py:293: UserWarning: Step size file reading not yet implemented: ConfigFiles/Optimization.2Det
  self.optimization_info = self._read_step_size_file(
/Users/sfli/Research/IceNine/icenine_py/icenine/experiment_setup.py:298: UserWarning: Step size file reading not yet implemented: ConfigFiles/Sensitivity.2Det
  self.detection_sensitivity = self._read_step_size_file(
/Users/sfli/Research/IceNine/icenine_py/icenine/experiment_setup.py:303: UserWarning: Step size file reading not yet implemented: ConfigFiles/Constrain.2L
  self.optimization_constrains = self._read_step_size_file(
/Users/sfli/Research/IceNine/icenine_py/icenine/experiment_setup.py:502: UserWarning: Gimbal lock detected. Setting third angle to zero since it is not possible to uniquely determine all angles.
  sample.rotate(
  [H1 1/500] voxel 7336 r#9 done in 27s (29s total)
  [H1 2/500] voxel 7336 r#8 done in 63s (65s total)
  [H1 3/500] voxel 7336 r#7 done in 74s (77s total)
  [H1 4/500] voxel 7336 r#6 done in 83s (85s total)
  [H1 5/500] voxel 7336 r#0 done in 83s (86s total)
  [H1 6/500] voxel 7336 r#3 done in 86s (89s total)
  [H1 7/500] voxel 7336 r#4 done in 89s (92s total)
  [H1 8/500] voxel 7336 r#2 done in 90s (93s total)
  [H1 9/500] voxel 7336 r#5 done in 92s (94s total)
  [H1 10/500] voxel 7336 r#1 done in 99s (102s total)
  [H1 11/500] voxel 3108 r#0 done in 101s (130s total)
  [H1 12/500] voxel 3108 r#9 done in 40s (142s total)
  [H1 13/500] voxel 3108 r#8 done in 65s (159s total)
  [H1 14/500] voxel 3108 r#1 done in 96s (161s total)
  [H1 15/500] voxel 3108 r#2 done in 84s (161s total)
  [H1 16/500] voxel 3108 r#7 done in 75s (168s total)
  [H1 17/500] voxel 3108 r#4 done in 87s (173s total)
  [H1 18/500] voxel 3108 r#3 done in 89s (174s total)
  [H1 19/500] voxel 3108 r#5 done in 93s (182s total)
  [H1 20/500] voxel 3108 r#6 done in 102s (194s total)
  [H1 21/500] voxel 2910 r#9 done in 37s (231s total)
  [H1 22/500] voxel 2910 r#8 done in 54s (236s total)
  [H1 23/500] voxel 2910 r#1 done in 95s (236s total)
  [H1 24/500] voxel 2910 r#0 done in 106s (237s total)
  [H1 25/500] voxel 2910 r#7 done in 75s (249s total)
  [H1 26/500] voxel 2910 r#2 done in 94s (253s total)
  [H1 27/500] voxel 2910 r#3 done in 101s (262s total)
  [H1 28/500] voxel 2910 r#4 done in 108s (269s total)
  [H1 29/500] voxel 2910 r#6 done in 100s (273s total)
  [H1 30/500] voxel 2910 r#5 done in 107s (275s total)
  [H1 31/500] voxel 16182 r#9 done in 29s (304s total)
  [H1 32/500] voxel 16182 r#1 done in 86s (322s total)
  [H1 33/500] voxel 16182 r#3 done in 87s (324s total)
  [H1 34/500] voxel 16182 r#0 done in 97s (328s total)
  [H1 35/500] voxel 16182 r#2 done in 92s (328s total)
  [H1 36/500] voxel 16182 r#8 done in 66s (340s total)
  [H1 37/500] voxel 16182 r#4 done in 96s (345s total)
  [H1 38/500] voxel 16182 r#7 done in 80s (349s total)
  [H1 39/500] voxel 16182 r#5 done in 97s (350s total)
  [H1 40/500] voxel 16182 r#6 done in 89s (351s total)
  [H1 41/500] voxel 16269 r#0 done in 56s (360s total)
  [H1 42/500] voxel 16269 r#1 done in 51s (373s total)
  [H1 43/500] voxel 16269 r#9 done in 29s (380s total)
  [H1 44/500] voxel 16269 r#2 done in 57s (381s total)
  [H1 45/500] voxel 16269 r#3 done in 54s (382s total)
  [H1 46/500] voxel 16269 r#4 done in 55s (383s total)
  [H1 47/500] voxel 16269 r#8 done in 41s (390s total)
  [H1 48/500] voxel 16269 r#6 done in 48s (393s total)
  [H1 49/500] voxel 16269 r#5 done in 53s (393s total)
  [H1 50/500] voxel 16269 r#7 done in 46s (395s total)
  [H1 51/500] voxel 21356 r#9 done in 38s (433s total)
  [H1 52/500] voxel 21356 r#0 done in 88s (448s total)
  [H1 53/500] voxel 21356 r#8 done in 57s (451s total)
  [H1 54/500] voxel 21356 r#2 done in 78s (459s total)
  [H1 55/500] voxel 21356 r#1 done in 90s (464s total)
  [H1 56/500] voxel 21356 r#4 done in 84s (466s total)
  [H1 57/500] voxel 21356 r#3 done in 86s (467s total)
  [H1 58/500] voxel 21356 r#7 done in 76s (469s total)
  [H1 59/500] voxel 21356 r#5 done in 86s (469s total)
  [H1 60/500] voxel 21356 r#6 done in 83s (473s total)
  [H1 61/500] voxel 20406 r#9 done in 32s (505s total)
  [H1 62/500] voxel 20406 r#0 done in 73s (506s total)
  [H1 63/500] voxel 20406 r#8 done in 54s (522s total)
  [H1 64/500] voxel 20406 r#2 done in 76s (527s total)
  [H1 65/500] voxel 20406 r#7 done in 60s (528s total)
  [H1 66/500] voxel 20406 r#1 done in 83s (531s total)
  [H1 67/500] voxel 20406 r#3 done in 76s (534s total)
  [H1 68/500] voxel 20406 r#4 done in 71s (535s total)
  [H1 69/500] voxel 20406 r#5 done in 70s (536s total)
  [H1 70/500] voxel 20406 r#6 done in 72s (539s total)
  [H1 71/500] voxel 20206 r#9 done in 34s (573s total)
  [H1 72/500] voxel 20206 r#1 done in 74s (581s total)
  [H1 73/500] voxel 20206 r#0 done in 81s (586s total)
  [H1 74/500] voxel 20206 r#8 done in 61s (597s total)
  [H1 75/500] voxel 20206 r#7 done in 65s (600s total)
  [H1 76/500] voxel 20206 r#2 done in 78s (601s total)
  [H1 77/500] voxel 20206 r#6 done in 70s (604s total)
  [H1 78/500] voxel 20206 r#3 done in 78s (605s total)
  [H1 79/500] voxel 20206 r#4 done in 81s (610s total)
  [H1 80/500] voxel 20206 r#5 done in 86s (616s total)
  [H1 81/500] voxel 3142 r#0 done in 68s (641s total)
  [H1 82/500] voxel 3142 r#1 done in 63s (644s total)
  [H1 83/500] voxel 3142 r#2 done in 65s (651s total)
  [H1 84/500] voxel 3142 r#9 done in 35s (651s total)
  [H1 85/500] voxel 3142 r#8 done in 46s (656s total)
  [H1 86/500] voxel 3142 r#7 done in 55s (660s total)
  [H1 87/500] voxel 3142 r#4 done in 63s (663s total)
  [H1 88/500] voxel 3142 r#3 done in 66s (664s total)
  [H1 89/500] voxel 3142 r#6 done in 64s (668s total)
  [H1 90/500] voxel 3142 r#5 done in 70s (671s total)
  [H1 91/500] voxel 20480 r#9 done in 34s (705s total)
  [H1 92/500] voxel 20480 r#1 done in 63s (706s total)
  [H1 93/500] voxel 20480 r#0 done in 71s (712s total)
  [H1 94/500] voxel 20480 r#3 done in 64s (715s total)
  [H1 95/500] voxel 20480 r#8 done in 49s (717s total)
  [H1 96/500] voxel 20480 r#2 done in 67s (718s total)
  [H1 97/500] voxel 20480 r#6 done in 57s (720s total)
  [H1 98/500] voxel 20480 r#4 done in 67s (722s total)
  [H1 99/500] voxel 20480 r#7 done in 62s (726s total)
  [H1 100/500] voxel 20480 r#5 done in 66s (726s total)
  [H1 101/500] voxel 2177 r#9 done in 38s (764s total)
  [H1 102/500] voxel 2177 r#1 done in 60s (766s total)
  [H1 103/500] voxel 2177 r#0 done in 63s (768s total)
  [H1 104/500] voxel 2177 r#2 done in 65s (776s total)
  [H1 105/500] voxel 2177 r#7 done in 56s (778s total)
  [H1 106/500] voxel 2177 r#3 done in 64s (779s total)
  [H1 107/500] voxel 2177 r#4 done in 62s (779s total)
  [H1 108/500] voxel 2177 r#8 done in 53s (779s total)
  [H1 109/500] voxel 2177 r#6 done in 61s (781s total)
  [H1 110/500] voxel 2177 r#5 done in 63s (781s total)
  [H1 111/500] voxel 13884 r#9 done in 38s (820s total)
  [H1 112/500] voxel 13884 r#8 done in 55s (836s total)
  [H1 113/500] voxel 13884 r#0 done in 74s (838s total)
  [H1 114/500] voxel 13884 r#2 done in 70s (839s total)
  [H1 115/500] voxel 13884 r#7 done in 65s (844s total)
  [H1 116/500] voxel 13884 r#1 done in 80s (846s total)
  [H1 117/500] voxel 13884 r#5 done in 71s (850s total)
  [H1 118/500] voxel 13884 r#3 done in 77s (853s total)
  [H1 119/500] voxel 13884 r#4 done in 75s (853s total)
  [H1 120/500] voxel 13884 r#6 done in 77s (857s total)
  [H1 121/500] voxel 10531 r#9 done in 42s (898s total)
  [H1 122/500] voxel 10531 r#0 done in 94s (914s total)
  [H1 123/500] voxel 10531 r#3 done in 83s (922s total)
  [H1 124/500] voxel 10531 r#8 done in 71s (924s total)
  [H1 125/500] voxel 10531 r#1 done in 89s (926s total)
  [H1 126/500] voxel 10531 r#6 done in 85s (935s total)
  [H1 127/500] voxel 10531 r#2 done in 99s (937s total)
  [H1 128/500] voxel 10531 r#4 done in 94s (938s total)
  [H1 129/500] voxel 10531 r#7 done in 87s (940s total)
  [H1 130/500] voxel 10531 r#5 done in 101s (946s total)
  [H1 131/500] voxel 16905 r#9 done in 32s (979s total)
  [H1 132/500] voxel 16905 r#0 done in 82s (980s total)
  [H1 133/500] voxel 16905 r#8 done in 54s (993s total)
  [H1 134/500] voxel 16905 r#1 done in 88s (1002s total)
  [H1 135/500] voxel 16905 r#3 done in 80s (1005s total)
  [H1 136/500] voxel 16905 r#4 done in 81s (1006s total)
  [H1 137/500] voxel 16905 r#7 done in 71s (1009s total)
  [H1 138/500] voxel 16905 r#2 done in 88s (1009s total)
  [H1 139/500] voxel 16905 r#5 done in 84s (1019s total)
  [H1 140/500] voxel 16905 r#6 done in 88s (1026s total)
  [H1 141/500] voxel 17451 r#0 done in 74s (1053s total)
  [H1 142/500] voxel 17451 r#1 done in 81s (1062s total)
  [H1 143/500] voxel 17451 r#9 done in 37s (1062s total)
  [H1 144/500] voxel 17451 r#8 done in 48s (1067s total)
  [H1 145/500] voxel 17451 r#2 done in 84s (1078s total)
  [H1 146/500] voxel 17451 r#4 done in 77s (1082s total)
  [H1 147/500] voxel 17451 r#7 done in 74s (1083s total)
  [H1 148/500] voxel 17451 r#5 done in 79s (1085s total)
  [H1 149/500] voxel 17451 r#3 done in 84s (1086s total)
  [H1 150/500] voxel 17451 r#6 done in 79s (1088s total)
  [H1 151/500] voxel 24550 r#9 done in 37s (1125s total)
  [H1 152/500] voxel 24550 r#1 done in 79s (1141s total)
  [H1 153/500] voxel 24550 r#0 done in 90s (1142s total)
  [H1 154/500] voxel 24550 r#8 done in 60s (1146s total)
  [H1 155/500] voxel 24550 r#2 done in 87s (1150s total)
  [H1 156/500] voxel 24550 r#3 done in 87s (1154s total)
  [H1 157/500] voxel 24550 r#6 done in 73s (1157s total)
  [H1 158/500] voxel 24550 r#5 done in 77s (1159s total)
  [H1 159/500] voxel 24550 r#7 done in 75s (1160s total)
  [H1 160/500] voxel 24550 r#4 done in 84s (1162s total)
  [H1 161/500] voxel 1053 r#0 done in 82s (1208s total)
  [H1 162/500] voxel 1053 r#9 done in 49s (1211s total)
  [H1 163/500] voxel 1053 r#8 done in 63s (1222s total)
  [H1 164/500] voxel 1053 r#1 done in 81s (1223s total)
  [H1 165/500] voxel 1053 r#2 done in 81s (1223s total)
  [H1 166/500] voxel 1053 r#4 done in 79s (1229s total)
  [H1 167/500] voxel 1053 r#3 done in 86s (1232s total)
  [H1 168/500] voxel 1053 r#7 done in 77s (1236s total)
  [H1 169/500] voxel 1053 r#6 done in 79s (1236s total)
  [H1 170/500] voxel 1053 r#5 done in 82s (1236s total)
  [H1 171/500] voxel 14217 r#9 done in 31s (1268s total)
  [H1 172/500] voxel 14217 r#0 done in 69s (1276s total)
  [H1 173/500] voxel 14217 r#8 done in 46s (1281s total)
  [H1 174/500] voxel 14217 r#2 done in 70s (1292s total)
  [H1 175/500] voxel 14217 r#1 done in 85s (1296s total)
  [H1 176/500] voxel 14217 r#7 done in 61s (1297s total)
  [H1 177/500] voxel 14217 r#4 done in 77s (1300s total)
  [H1 178/500] voxel 14217 r#3 done in 78s (1301s total)
  [H1 179/500] voxel 14217 r#5 done in 75s (1304s total)
  [H1 180/500] voxel 14217 r#6 done in 73s (1305s total)
  [H1 181/500] voxel 18541 r#9 done in 30s (1336s total)
  [H1 182/500] voxel 18541 r#0 done in 68s (1336s total)
  [H1 183/500] voxel 18541 r#1 done in 71s (1347s total)
  [H1 184/500] voxel 18541 r#2 done in 66s (1347s total)
  [H1 185/500] voxel 18541 r#8 done in 45s (1349s total)
  [H1 186/500] voxel 18541 r#7 done in 61s (1361s total)
  [H1 187/500] voxel 18541 r#3 done in 71s (1363s total)
  [H1 188/500] voxel 18541 r#4 done in 68s (1363s total)
  [H1 189/500] voxel 18541 r#6 done in 63s (1363s total)
  [H1 190/500] voxel 18541 r#5 done in 69s (1366s total)
  [H1 191/500] voxel 3866 r#9 done in 36s (1401s total)
  [H1 192/500] voxel 3866 r#8 done in 56s (1419s total)
  [H1 193/500] voxel 3866 r#1 done in 85s (1421s total)
  [H1 194/500] voxel 3866 r#6 done in 77s (1440s total)
  [H1 195/500] voxel 3866 r#0 done in 105s (1441s total)
  [H1 196/500] voxel 3866 r#4 done in 94s (1443s total)
  [H1 197/500] voxel 3866 r#7 done in 83s (1446s total)
  [H1 198/500] voxel 3866 r#2 done in 100s (1446s total)
  [H1 199/500] voxel 3866 r#3 done in 106s (1453s total)
  [H1 200/500] voxel 3866 r#5 done in 92s (1454s total)
  [H1 201/500] voxel 2489 r#0 done in 88s (1489s total)
  [H1 202/500] voxel 2489 r#9 done in 45s (1499s total)
  [H1 203/500] voxel 2489 r#2 done in 80s (1501s total)
  [H1 204/500] voxel 2489 r#1 done in 88s (1508s total)
  [H1 205/500] voxel 2489 r#8 done in 61s (1514s total)
  [H1 206/500] voxel 2489 r#3 done in 86s (1525s total)
  [H1 207/500] voxel 2489 r#6 done in 82s (1528s total)
  [H1 208/500] voxel 2489 r#4 done in 92s (1533s total)
  [H1 209/500] voxel 2489 r#7 done in 92s (1538s total)
  [H1 210/500] voxel 2489 r#5 done in 97s (1540s total)
  [H1 211/500] voxel 9484 r#0 done in 83s (1572s total)
  [H1 212/500] voxel 9484 r#2 done in 74s (1576s total)
  [H1 213/500] voxel 9484 r#9 done in 37s (1577s total)
  [H1 214/500] voxel 9484 r#1 done in 81s (1580s total)
  [H1 215/500] voxel 9484 r#3 done in 75s (1583s total)
  [H1 216/500] voxel 9484 r#4 done in 76s (1591s total)
  [H1 217/500] voxel 9484 r#8 done in 65s (1603s total)
  [H1 218/500] voxel 9484 r#5 done in 78s (1604s total)
  [H1 219/500] voxel 9484 r#6 done in 76s (1604s total)
  [H1 220/500] voxel 9484 r#7 done in 78s (1611s total)
  [H1 221/500] voxel 7109 r#0 done in 84s (1656s total)
  [H1 222/500] voxel 7109 r#9 done in 47s (1658s total)
  [H1 223/500] voxel 7109 r#1 done in 91s (1667s total)
  [H1 224/500] voxel 7109 r#2 done in 90s (1668s total)
  [H1 225/500] voxel 7109 r#4 done in 86s (1669s total)
  [H1 226/500] voxel 7109 r#8 done in 69s (1673s total)
  [H1 227/500] voxel 7109 r#3 done in 94s (1674s total)
  [H1 228/500] voxel 7109 r#7 done in 77s (1680s total)
  [H1 229/500] voxel 7109 r#5 done in 90s (1680s total)
  [H1 230/500] voxel 7109 r#6 done in 91s (1694s total)
  [H1 231/500] voxel 970 r#0 done in 71s (1727s total)
  [H1 232/500] voxel 970 r#1 done in 71s (1729s total)
  [H1 233/500] voxel 970 r#2 done in 65s (1732s total)
  [H1 234/500] voxel 970 r#3 done in 68s (1736s total)
  [H1 235/500] voxel 970 r#4 done in 67s (1736s total)
  [H1 236/500] voxel 970 r#8 done in 56s (1737s total)
  [H1 237/500] voxel 970 r#9 done in 45s (1738s total)
  [H1 238/500] voxel 970 r#6 done in 64s (1738s total)
  [H1 239/500] voxel 970 r#7 done in 61s (1741s total)
  [H1 240/500] voxel 970 r#5 done in 72s (1745s total)
  [H1 241/500] voxel 19705 r#9 done in 40s (1784s total)
  [H1 242/500] voxel 19705 r#8 done in 55s (1796s total)
  [H1 243/500] voxel 19705 r#1 done in 78s (1807s total)
  [H1 244/500] voxel 19705 r#0 done in 88s (1815s total)
  [H1 245/500] voxel 19705 r#6 done in 78s (1816s total)
  [H1 246/500] voxel 19705 r#4 done in 85s (1820s total)
  [H1 247/500] voxel 19705 r#5 done in 87s (1824s total)
  [H1 248/500] voxel 19705 r#7 done in 86s (1824s total)
  [H1 249/500] voxel 19705 r#3 done in 92s (1827s total)
  [H1 250/500] voxel 19705 r#2 done in 103s (1836s total)
  [H1 251/500] voxel 9001 r#9 done in 37s (1873s total)
  [H1 252/500] voxel 9001 r#0 done in 96s (1881s total)
  [H1 253/500] voxel 9001 r#8 done in 67s (1894s total)
  [H1 254/500] voxel 9001 r#1 done in 99s (1895s total)
  [H1 255/500] voxel 9001 r#3 done in 91s (1906s total)
  [H1 256/500] voxel 9001 r#4 done in 92s (1908s total)
  [H1 257/500] voxel 9001 r#2 done in 102s (1909s total)
  [H1 258/500] voxel 9001 r#6 done in 91s (1915s total)
  [H1 259/500] voxel 9001 r#7 done in 94s (1918s total)
  [H1 260/500] voxel 9001 r#5 done in 104s (1924s total)
  [H1 261/500] voxel 13074 r#0 done in 66s (1938s total)
  [H1 262/500] voxel 13074 r#1 done in 67s (1948s total)
  [H1 263/500] voxel 13074 r#2 done in 66s (1960s total)
  [H1 264/500] voxel 13074 r#9 done in 37s (1961s total)
  [H1 265/500] voxel 13074 r#3 done in 67s (1962s total)
  [H1 266/500] voxel 13074 r#8 done in 51s (1968s total)
  [H1 267/500] voxel 13074 r#7 done in 60s (1974s total)
  [H1 268/500] voxel 13074 r#4 done in 69s (1975s total)
  [H1 269/500] voxel 13074 r#6 done in 69s (1978s total)
  [H1 270/500] voxel 13074 r#5 done in 75s (1983s total)
  [H1 271/500] voxel 12213 r#9 done in 48s (2031s total)
  [H1 272/500] voxel 12213 r#0 done in 97s (2036s total)
  [H1 273/500] voxel 12213 r#8 done in 66s (2044s total)
  [H1 274/500] voxel 12213 r#1 done in 96s (2044s total)
  [H1 275/500] voxel 12213 r#3 done in 87s (2048s total)
  [H1 276/500] voxel 12213 r#2 done in 89s (2049s total)
  [H1 277/500] voxel 12213 r#4 done in 96s (2058s total)
  [H1 278/500] voxel 12213 r#6 done in 84s (2059s total)
  [H1 279/500] voxel 12213 r#7 done in 86s (2061s total)
  [H1 280/500] voxel 12213 r#5 done in 97s (2066s total)
  [H1 281/500] voxel 14240 r#9 done in 35s (2101s total)
  [H1 282/500] voxel 14240 r#8 done in 60s (2121s total)
  [H1 283/500] voxel 14240 r#1 done in 89s (2124s total)
  [H1 284/500] voxel 14240 r#7 done in 70s (2128s total)
  [H1 285/500] voxel 14240 r#0 done in 98s (2129s total)
  [H1 286/500] voxel 14240 r#3 done in 95s (2139s total)
  [H1 287/500] voxel 14240 r#4 done in 92s (2140s total)
  [H1 288/500] voxel 14240 r#6 done in 84s (2142s total)
  [H1 289/500] voxel 14240 r#2 done in 108s (2152s total)
  [H1 290/500] voxel 14240 r#5 done in 109s (2158s total)
  [H1 291/500] voxel 121 r#0 done in 83s (2184s total)
  [H1 292/500] voxel 121 r#9 done in 39s (2197s total)
  [H1 293/500] voxel 121 r#2 done in 84s (2208s total)
  [H1 294/500] voxel 121 r#1 done in 89s (2210s total)
  [H1 295/500] voxel 121 r#3 done in 86s (2214s total)
  [H1 296/500] voxel 121 r#8 done in 65s (2217s total)
  [H1 297/500] voxel 121 r#7 done in 80s (2222s total)
  [H1 298/500] voxel 121 r#5 done in 93s (2232s total)
  [H1 299/500] voxel 121 r#6 done in 94s (2234s total)
  [H1 300/500] voxel 121 r#4 done in 109s (2238s total)
  [H1 301/500] voxel 13850 r#0 done in 73s (2257s total)
  [H1 302/500] voxel 13850 r#1 done in 69s (2266s total)
  [H1 303/500] voxel 13850 r#9 done in 42s (2280s total)
  [H1 304/500] voxel 13850 r#5 done in 67s (2283s total)
  [H1 305/500] voxel 13850 r#2 done in 77s (2285s total)
  [H1 306/500] voxel 13850 r#4 done in 71s (2285s total)
  [H1 307/500] voxel 13850 r#3 done in 76s (2286s total)
  [H1 308/500] voxel 13850 r#8 done in 51s (2286s total)
  [H1 309/500] voxel 13850 r#6 done in 71s (2292s total)
  [H1 310/500] voxel 13850 r#7 done in 67s (2300s total)
  [H1 311/500] voxel 2347 r#9 done in 34s (2334s total)
  [H1 312/500] voxel 2347 r#0 done in 83s (2340s total)
  [H1 313/500] voxel 2347 r#1 done in 78s (2345s total)
  [H1 314/500] voxel 2347 r#8 done in 54s (2346s total)
  [H1 315/500] voxel 2347 r#6 done in 73s (2358s total)
  [H1 316/500] voxel 2347 r#7 done in 78s (2364s total)
  [H1 317/500] voxel 2347 r#5 done in 81s (2366s total)
  [H1 318/500] voxel 2347 r#4 done in 84s (2369s total)
  [H1 319/500] voxel 2347 r#2 done in 91s (2372s total)
  [H1 320/500] voxel 2347 r#3 done in 100s (2383s total)
  [H1 321/500] voxel 9150 r#0 done in 68s (2402s total)
  [H1 322/500] voxel 9150 r#2 done in 61s (2405s total)
  [H1 323/500] voxel 9150 r#1 done in 66s (2406s total)
  [H1 324/500] voxel 9150 r#3 done in 65s (2411s total)
  [H1 325/500] voxel 9150 r#9 done in 30s (2414s total)
  [H1 326/500] voxel 9150 r#4 done in 62s (2420s total)
  [H1 327/500] voxel 9150 r#8 done in 49s (2421s total)
  [H1 328/500] voxel 9150 r#6 done in 58s (2425s total)
  [H1 329/500] voxel 9150 r#7 done in 58s (2427s total)
  [H1 330/500] voxel 9150 r#5 done in 75s (2439s total)
  [H1 331/500] voxel 5384 r#9 done in 31s (2470s total)
  [H1 332/500] voxel 5384 r#0 done in 75s (2477s total)
  [H1 333/500] voxel 5384 r#2 done in 74s (2479s total)
  [H1 334/500] voxel 5384 r#1 done in 74s (2480s total)
  [H1 335/500] voxel 5384 r#8 done in 56s (2482s total)
  [H1 336/500] voxel 5384 r#4 done in 71s (2484s total)
  [H1 337/500] voxel 5384 r#3 done in 74s (2484s total)
  [H1 338/500] voxel 5384 r#7 done in 62s (2487s total)
  [H1 339/500] voxel 5384 r#5 done in 73s (2493s total)
  [H1 340/500] voxel 5384 r#6 done in 82s (2503s total)
  [H1 341/500] voxel 19089 r#9 done in 42s (2544s total)
  [H1 342/500] voxel 19089 r#8 done in 58s (2551s total)
  [H1 343/500] voxel 19089 r#0 done in 83s (2553s total)
  [H1 344/500] voxel 19089 r#1 done in 83s (2560s total)
  [H1 345/500] voxel 19089 r#3 done in 84s (2563s total)
  [H1 346/500] voxel 19089 r#7 done in 78s (2564s total)
  [H1 347/500] voxel 19089 r#2 done in 87s (2566s total)
  [H1 348/500] voxel 19089 r#4 done in 84s (2566s total)
  [H1 349/500] voxel 19089 r#5 done in 85s (2569s total)
  [H1 350/500] voxel 19089 r#6 done in 86s (2570s total)
  [H1 351/500] voxel 21741 r#9 done in 39s (2610s total)
  [H1 352/500] voxel 21741 r#0 done in 84s (2628s total)
  [H1 353/500] voxel 21741 r#2 done in 80s (2633s total)
  [H1 354/500] voxel 21741 r#1 done in 84s (2635s total)
  [H1 355/500] voxel 21741 r#8 done in 67s (2637s total)
  [H1 356/500] voxel 21741 r#4 done in 79s (2643s total)
  [H1 357/500] voxel 21741 r#7 done in 78s (2644s total)
  [H1 358/500] voxel 21741 r#3 done in 86s (2646s total)
  [H1 359/500] voxel 21741 r#5 done in 82s (2646s total)
  [H1 360/500] voxel 21741 r#6 done in 81s (2648s total)
  [H1 361/500] voxel 7723 r#0 done in 80s (2690s total)
  [H1 362/500] voxel 7723 r#9 done in 43s (2690s total)
  [H1 363/500] voxel 7723 r#8 done in 60s (2706s total)
  [H1 364/500] voxel 7723 r#1 done in 81s (2708s total)
  [H1 365/500] voxel 7723 r#2 done in 79s (2712s total)
  [H1 366/500] voxel 7723 r#3 done in 82s (2717s total)
  [H1 367/500] voxel 7723 r#4 done in 81s (2717s total)
  [H1 368/500] voxel 7723 r#7 done in 73s (2718s total)
  [H1 369/500] voxel 7723 r#5 done in 80s (2723s total)
  [H1 370/500] voxel 7723 r#6 done in 79s (2724s total)
  [H1 371/500] voxel 9421 r#9 done in 38s (2762s total)
  [H1 372/500] voxel 9421 r#0 done in 76s (2766s total)
  [H1 373/500] voxel 9421 r#1 done in 78s (2768s total)
  [H1 374/500] voxel 9421 r#8 done in 58s (2781s total)
  [H1 375/500] voxel 9421 r#2 done in 76s (2782s total)
  [H1 376/500] voxel 9421 r#4 done in 73s (2785s total)
  [H1 377/500] voxel 9421 r#3 done in 77s (2786s total)
  [H1 378/500] voxel 9421 r#7 done in 72s (2790s total)
  [H1 379/500] voxel 9421 r#6 done in 75s (2793s total)
  [H1 380/500] voxel 9421 r#5 done in 76s (2793s total)
  [H1 381/500] voxel 24474 r#9 done in 34s (2828s total)
  [H1 382/500] voxel 24474 r#2 done in 80s (2848s total)
  [H1 383/500] voxel 24474 r#1 done in 83s (2849s total)
  [H1 384/500] voxel 24474 r#8 done in 59s (2852s total)
  [H1 385/500] voxel 24474 r#0 done in 95s (2857s total)
  [H1 386/500] voxel 24474 r#6 done in 83s (2869s total)
  [H1 387/500] voxel 24474 r#3 done in 91s (2872s total)
  [H1 388/500] voxel 24474 r#5 done in 90s (2874s total)
  [H1 389/500] voxel 24474 r#7 done in 85s (2875s total)
  [H1 390/500] voxel 24474 r#4 done in 101s (2883s total)
  [H1 391/500] voxel 8383 r#0 done in 68s (2896s total)
  [H1 392/500] voxel 8383 r#9 done in 28s (2911s total)
  [H1 393/500] voxel 8383 r#1 done in 70s (2918s total)
  [H1 394/500] voxel 8383 r#8 done in 45s (2920s total)
  [H1 395/500] voxel 8383 r#2 done in 73s (2921s total)
  [H1 396/500] voxel 8383 r#3 done in 73s (2925s total)
  [H1 397/500] voxel 8383 r#4 done in 73s (2930s total)
  [H1 398/500] voxel 8383 r#7 done in 62s (2936s total)
  [H1 399/500] voxel 8383 r#5 done in 68s (2937s total)
  [H1 400/500] voxel 8383 r#6 done in 68s (2940s total)
  [H1 401/500] voxel 12695 r#0 done in 76s (2972s total)
  [H1 402/500] voxel 12695 r#9 done in 46s (2986s total)
  [H1 403/500] voxel 12695 r#1 done in 81s (2993s total)
  [H1 404/500] voxel 12695 r#3 done in 74s (2995s total)
  [H1 405/500] voxel 12695 r#8 done in 60s (2997s total)
  [H1 406/500] voxel 12695 r#4 done in 76s (2997s total)
  [H1 407/500] voxel 12695 r#2 done in 82s (3000s total)
  [H1 408/500] voxel 12695 r#6 done in 73s (3003s total)
  [H1 409/500] voxel 12695 r#5 done in 79s (3004s total)
  [H1 410/500] voxel 12695 r#7 done in 79s (3015s total)
  [H1 411/500] voxel 11143 r#9 done in 36s (3051s total)
  [H1 412/500] voxel 11143 r#0 done in 90s (3062s total)
  [H1 413/500] voxel 11143 r#8 done in 64s (3068s total)
  [H1 414/500] voxel 11143 r#1 done in 93s (3080s total)
  [H1 415/500] voxel 11143 r#2 done in 91s (3084s total)
  [H1 416/500] voxel 11143 r#7 done in 85s (3088s total)
  [H1 417/500] voxel 11143 r#3 done in 94s (3088s total)
  [H1 418/500] voxel 11143 r#6 done in 89s (3089s total)
  [H1 419/500] voxel 11143 r#5 done in 92s (3090s total)
  [H1 420/500] voxel 11143 r#4 done in 96s (3093s total)
  [H1 421/500] voxel 17771 r#0 done in 76s (3127s total)
  [H1 422/500] voxel 17771 r#9 done in 41s (3134s total)
  [H1 423/500] voxel 17771 r#1 done in 79s (3141s total)
  [H1 424/500] voxel 17771 r#7 done in 62s (3150s total)
  [H1 425/500] voxel 17771 r#2 done in 83s (3151s total)
  [H1 426/500] voxel 17771 r#8 done in 63s (3153s total)
  [H1 427/500] voxel 17771 r#3 done in 73s (3153s total)
  [H1 428/500] voxel 17771 r#4 done in 71s (3155s total)
  [H1 429/500] voxel 17771 r#5 done in 76s (3163s total)
  [H1 430/500] voxel 17771 r#6 done in 85s (3173s total)
  [H1 431/500] voxel 2943 r#9 done in 37s (3209s total)
  [H1 432/500] voxel 2943 r#0 done in 83s (3210s total)
  [H1 433/500] voxel 2943 r#1 done in 82s (3215s total)
  [H1 434/500] voxel 2943 r#8 done in 54s (3218s total)
  [H1 435/500] voxel 2943 r#7 done in 74s (3229s total)
  [H1 436/500] voxel 2943 r#2 done in 90s (3231s total)
  [H1 437/500] voxel 2943 r#6 done in 81s (3234s total)
  [H1 438/500] voxel 2943 r#4 done in 94s (3244s total)
  [H1 439/500] voxel 2943 r#3 done in 94s (3244s total)
  [H1 440/500] voxel 2943 r#5 done in 93s (3245s total)
  [H1 441/500] voxel 8787 r#9 done in 28s (3273s total)
  [H1 442/500] voxel 8787 r#1 done in 76s (3286s total)
  [H1 443/500] voxel 8787 r#8 done in 43s (3288s total)
  [H1 444/500] voxel 8787 r#2 done in 73s (3288s total)
  [H1 445/500] voxel 8787 r#3 done in 77s (3295s total)
  [H1 446/500] voxel 8787 r#4 done in 67s (3297s total)
  [H1 447/500] voxel 8787 r#0 done in 89s (3298s total)
  [H1 448/500] voxel 8787 r#5 done in 68s (3300s total)
  [H1 449/500] voxel 8787 r#6 done in 67s (3301s total)
  [H1 450/500] voxel 8787 r#7 done in 65s (3310s total)
  [H1 451/500] voxel 3424 r#0 done in 68s (3341s total)
  [H1 452/500] voxel 3424 r#9 done in 41s (3350s total)
  [H1 453/500] voxel 3424 r#8 done in 56s (3358s total)
  [H1 454/500] voxel 3424 r#7 done in 59s (3359s total)
  [H1 455/500] voxel 3424 r#2 done in 73s (3360s total)
  [H1 456/500] voxel 3424 r#1 done in 75s (3361s total)
  [H1 457/500] voxel 3424 r#3 done in 74s (3363s total)
  [H1 458/500] voxel 3424 r#4 done in 69s (3364s total)
  [H1 459/500] voxel 3424 r#6 done in 69s (3367s total)
  [H1 460/500] voxel 3424 r#5 done in 74s (3370s total)
  [H1 461/500] voxel 14578 r#9 done in 35s (3406s total)
  [H1 462/500] voxel 14578 r#0 done in 72s (3413s total)
  [H1 463/500] voxel 14578 r#8 done in 54s (3421s total)
  [H1 464/500] voxel 14578 r#7 done in 63s (3426s total)
  [H1 465/500] voxel 14578 r#4 done in 69s (3430s total)
  [H1 466/500] voxel 14578 r#1 done in 82s (3432s total)
  [H1 467/500] voxel 14578 r#3 done in 73s (3432s total)
  [H1 468/500] voxel 14578 r#2 done in 77s (3435s total)
  [H1 469/500] voxel 14578 r#6 done in 74s (3436s total)
  [H1 470/500] voxel 14578 r#5 done in 84s (3445s total)
  [H1 471/500] voxel 21750 r#9 done in 35s (3480s total)
  [H1 472/500] voxel 21750 r#0 done in 83s (3489s total)
  [H1 473/500] voxel 21750 r#1 done in 88s (3501s total)
  [H1 474/500] voxel 21750 r#8 done in 68s (3504s total)
  [H1 475/500] voxel 21750 r#7 done in 70s (3505s total)
  [H1 476/500] voxel 21750 r#2 done in 84s (3506s total)
  [H1 477/500] voxel 21750 r#3 done in 89s (3515s total)
  [H1 478/500] voxel 21750 r#5 done in 85s (3518s total)
  [H1 479/500] voxel 21750 r#6 done in 86s (3518s total)
  [H1 480/500] voxel 21750 r#4 done in 93s (3523s total)
  [H1 481/500] voxel 19118 r#0 done in 66s (3546s total)
  [H1 482/500] voxel 19118 r#1 done in 62s (3551s total)
  [H1 483/500] voxel 19118 r#9 done in 38s (3561s total)
  [H1 484/500] voxel 19118 r#2 done in 64s (3565s total)
  [H1 485/500] voxel 19118 r#4 done in 63s (3568s total)
  [H1 486/500] voxel 19118 r#8 done in 50s (3569s total)
  [H1 487/500] voxel 19118 r#3 done in 66s (3570s total)
  [H1 488/500] voxel 19118 r#5 done in 66s (3571s total)
  [H1 489/500] voxel 19118 r#6 done in 63s (3578s total)
  [H1 490/500] voxel 19118 r#7 done in 65s (3582s total)
  [H1 491/500] voxel 11774 r#9 done in 32s (3614s total)
  [H1 492/500] voxel 11774 r#0 done in 70s (3617s total)
  [H1 493/500] voxel 11774 r#1 done in 66s (3617s total)
  [H1 494/500] voxel 11774 r#8 done in 44s (3622s total)
  [H1 495/500] voxel 11774 r#2 done in 63s (3624s total)
  [H1 496/500] voxel 11774 r#7 done in 57s (3628s total)
  [H1 497/500] voxel 11774 r#6 done in 59s (3630s total)
  [H1 498/500] voxel 11774 r#4 done in 63s (3632s total)
  [H1 499/500] voxel 11774 r#5 done in 65s (3634s total)
  [H1 500/500] voxel 11774 r#3 done in 71s (3636s total)
Loaded crystal structure from DataFiles/copper.dat: CrystalStructure(Cu, a=3.6100Å, SG=225)
Max Q calculated: 24.7872 Å⁻¹
Loaded crystal structure from DataFiles/copper.dat: CrystalStructure(Cu, a=3.6100Å, SG=225)
Max Q calculated: 24.7872 Å⁻¹
Loaded crystal structure from DataFiles/copper.dat: CrystalStructure(Cu, a=3.6100Å, SG=225)
Max Q calculated: 24.7872 Å⁻¹
Loaded crystal structure from DataFiles/copper.dat: CrystalStructure(Cu, a=3.6100Å, SG=225)
Max Q calculated: 24.7872 Å⁻¹
Loaded crystal structure from DataFiles/copper.dat: CrystalStructure(Cu, a=3.6100Å, SG=225)
Max Q calculated: 24.7872 Å⁻¹
Loaded crystal structure from DataFiles/copper.dat: CrystalStructure(Cu, a=3.6100Å, SG=225)
Max Q calculated: 24.7872 Å⁻¹
Loaded crystal structure from DataFiles/copper.dat: CrystalStructure(Cu, a=3.6100Å, SG=225)
Max Q calculated: 24.7872 Å⁻¹
Loaded crystal structure from DataFiles/copper.dat: CrystalStructure(Cu, a=3.6100Å, SG=225)
Max Q calculated: 24.7872 Å⁻¹
Loaded crystal structure from DataFiles/copper.dat: CrystalStructure(Cu, a=3.6100Å, SG=225)
Max Q calculated: 24.7872 Å⁻¹
Loaded crystal structure from DataFiles/copper.dat: CrystalStructure(Cu, a=3.6100Å, SG=225)
Max Q calculated: 24.7872 Å⁻¹
H1 finished; wall 3636s
saved /Users/sfli/Research/IceNine/icenine_py/benchmarks/nn_hybrid/H1_realistic_s0_raw.npz
H3c/realistic_s0: 500 tasks (0 cached), 10 workers
/Users/sfli/Research/IceNine/icenine_py/icenine/experiment_setup.py:293: UserWarning: Step size file reading not yet implemented: ConfigFiles/Optimization.2Det
  self.optimization_info = self._read_step_size_file(
/Users/sfli/Research/IceNine/icenine_py/icenine/experiment_setup.py:298: UserWarning: Step size file reading not yet implemented: ConfigFiles/Sensitivity.2Det
  self.detection_sensitivity = self._read_step_size_file(
/Users/sfli/Research/IceNine/icenine_py/icenine/experiment_setup.py:303: UserWarning: Step size file reading not yet implemented: ConfigFiles/Constrain.2L
  self.optimization_constrains = self._read_step_size_file(
/Users/sfli/Research/IceNine/icenine_py/icenine/experiment_setup.py:502: UserWarning: Gimbal lock detected. Setting third angle to zero since it is not possible to uniquely determine all angles.
  sample.rotate(
/Users/sfli/Research/IceNine/icenine_py/icenine/experiment_setup.py:293: UserWarning: Step size file reading not yet implemented: ConfigFiles/Optimization.2Det
  self.optimization_info = self._read_step_size_file(
/Users/sfli/Research/IceNine/icenine_py/icenine/experiment_setup.py:298: UserWarning: Step size file reading not yet implemented: ConfigFiles/Sensitivity.2Det
  self.detection_sensitivity = self._read_step_size_file(
/Users/sfli/Research/IceNine/icenine_py/icenine/experiment_setup.py:303: UserWarning: Step size file reading not yet implemented: ConfigFiles/Constrain.2L
  self.optimization_constrains = self._read_step_size_file(
/Users/sfli/Research/IceNine/icenine_py/icenine/experiment_setup.py:502: UserWarning: Gimbal lock detected. Setting third angle to zero since it is not possible to uniquely determine all angles.
  sample.rotate(
/Users/sfli/Research/IceNine/icenine_py/icenine/experiment_setup.py:293: UserWarning: Step size file reading not yet implemented: ConfigFiles/Optimization.2Det
  self.optimization_info = self._read_step_size_file(
/Users/sfli/Research/IceNine/icenine_py/icenine/experiment_setup.py:298: UserWarning: Step size file reading not yet implemented: ConfigFiles/Sensitivity.2Det
  self.detection_sensitivity = self._read_step_size_file(
/Users/sfli/Research/IceNine/icenine_py/icenine/experiment_setup.py:303: UserWarning: Step size file reading not yet implemented: ConfigFiles/Constrain.2L
  self.optimization_constrains = self._read_step_size_file(
/Users/sfli/Research/IceNine/icenine_py/icenine/experiment_setup.py:502: UserWarning: Gimbal lock detected. Setting third angle to zero since it is not possible to uniquely determine all angles.
  sample.rotate(
/Users/sfli/Research/IceNine/icenine_py/icenine/experiment_setup.py:293: UserWarning: Step size file reading not yet implemented: ConfigFiles/Optimization.2Det
  self.optimization_info = self._read_step_size_file(
/Users/sfli/Research/IceNine/icenine_py/icenine/experiment_setup.py:298: UserWarning: Step size file reading not yet implemented: ConfigFiles/Sensitivity.2Det
  self.detection_sensitivity = self._read_step_size_file(
/Users/sfli/Research/IceNine/icenine_py/icenine/experiment_setup.py:303: UserWarning: Step size file reading not yet implemented: ConfigFiles/Constrain.2L
  self.optimization_constrains = self._read_step_size_file(
/Users/sfli/Research/IceNine/icenine_py/icenine/experiment_setup.py:502: UserWarning: Gimbal lock detected. Setting third angle to zero since it is not possible to uniquely determine all angles.
  sample.rotate(
/Users/sfli/Research/IceNine/icenine_py/icenine/experiment_setup.py:293: UserWarning: Step size file reading not yet implemented: ConfigFiles/Optimization.2Det
  self.optimization_info = self._read_step_size_file(
/Users/sfli/Research/IceNine/icenine_py/icenine/experiment_setup.py:298: UserWarning: Step size file reading not yet implemented: ConfigFiles/Sensitivity.2Det
  self.detection_sensitivity = self._read_step_size_file(
/Users/sfli/Research/IceNine/icenine_py/icenine/experiment_setup.py:303: UserWarning: Step size file reading not yet implemented: ConfigFiles/Constrain.2L
  self.optimization_constrains = self._read_step_size_file(
/Users/sfli/Research/IceNine/icenine_py/icenine/experiment_setup.py:502: UserWarning: Gimbal lock detected. Setting third angle to zero since it is not possible to uniquely determine all angles.
  sample.rotate(
/Users/sfli/Research/IceNine/icenine_py/icenine/experiment_setup.py:293: UserWarning: Step size file reading not yet implemented: ConfigFiles/Optimization.2Det
  self.optimization_info = self._read_step_size_file(
/Users/sfli/Research/IceNine/icenine_py/icenine/experiment_setup.py:298: UserWarning: Step size file reading not yet implemented: ConfigFiles/Sensitivity.2Det
  self.detection_sensitivity = self._read_step_size_file(
/Users/sfli/Research/IceNine/icenine_py/icenine/experiment_setup.py:303: UserWarning: Step size file reading not yet implemented: ConfigFiles/Constrain.2L
  self.optimization_constrains = self._read_step_size_file(
/Users/sfli/Research/IceNine/icenine_py/icenine/experiment_setup.py:502: UserWarning: Gimbal lock detected. Setting third angle to zero since it is not possible to uniquely determine all angles.
  sample.rotate(
/Users/sfli/Research/IceNine/icenine_py/icenine/experiment_setup.py:293: UserWarning: Step size file reading not yet implemented: ConfigFiles/Optimization.2Det
  self.optimization_info = self._read_step_size_file(
/Users/sfli/Research/IceNine/icenine_py/icenine/experiment_setup.py:298: UserWarning: Step size file reading not yet implemented: ConfigFiles/Sensitivity.2Det
  self.detection_sensitivity = self._read_step_size_file(
/Users/sfli/Research/IceNine/icenine_py/icenine/experiment_setup.py:303: UserWarning: Step size file reading not yet implemented: ConfigFiles/Constrain.2L
  self.optimization_constrains = self._read_step_size_file(
/Users/sfli/Research/IceNine/icenine_py/icenine/experiment_setup.py:502: UserWarning: Gimbal lock detected. Setting third angle to zero since it is not possible to uniquely determine all angles.
  sample.rotate(
/Users/sfli/Research/IceNine/icenine_py/icenine/experiment_setup.py:293: UserWarning: Step size file reading not yet implemented: ConfigFiles/Optimization.2Det
  self.optimization_info = self._read_step_size_file(
/Users/sfli/Research/IceNine/icenine_py/icenine/experiment_setup.py:298: UserWarning: Step size file reading not yet implemented: ConfigFiles/Sensitivity.2Det
  self.detection_sensitivity = self._read_step_size_file(
/Users/sfli/Research/IceNine/icenine_py/icenine/experiment_setup.py:303: UserWarning: Step size file reading not yet implemented: ConfigFiles/Constrain.2L
  self.optimization_constrains = self._read_step_size_file(
/Users/sfli/Research/IceNine/icenine_py/icenine/experiment_setup.py:502: UserWarning: Gimbal lock detected. Setting third angle to zero since it is not possible to uniquely determine all angles.
  sample.rotate(
/Users/sfli/Research/IceNine/icenine_py/icenine/experiment_setup.py:293: UserWarning: Step size file reading not yet implemented: ConfigFiles/Optimization.2Det
  self.optimization_info = self._read_step_size_file(
/Users/sfli/Research/IceNine/icenine_py/icenine/experiment_setup.py:298: UserWarning: Step size file reading not yet implemented: ConfigFiles/Sensitivity.2Det
  self.detection_sensitivity = self._read_step_size_file(
/Users/sfli/Research/IceNine/icenine_py/icenine/experiment_setup.py:303: UserWarning: Step size file reading not yet implemented: ConfigFiles/Constrain.2L
  self.optimization_constrains = self._read_step_size_file(
/Users/sfli/Research/IceNine/icenine_py/icenine/experiment_setup.py:502: UserWarning: Gimbal lock detected. Setting third angle to zero since it is not possible to uniquely determine all angles.
  sample.rotate(
/Users/sfli/Research/IceNine/icenine_py/icenine/experiment_setup.py:293: UserWarning: Step size file reading not yet implemented: ConfigFiles/Optimization.2Det
  self.optimization_info = self._read_step_size_file(
/Users/sfli/Research/IceNine/icenine_py/icenine/experiment_setup.py:298: UserWarning: Step size file reading not yet implemented: ConfigFiles/Sensitivity.2Det
  self.detection_sensitivity = self._read_step_size_file(
/Users/sfli/Research/IceNine/icenine_py/icenine/experiment_setup.py:303: UserWarning: Step size file reading not yet implemented: ConfigFiles/Constrain.2L
  self.optimization_constrains = self._read_step_size_file(
/Users/sfli/Research/IceNine/icenine_py/icenine/experiment_setup.py:502: UserWarning: Gimbal lock detected. Setting third angle to zero since it is not possible to uniquely determine all angles.
  sample.rotate(
  [H3c 1/500] voxel 7336 r#0 done in 10s (12s total)
  [H3c 2/500] voxel 7336 r#5 done in 12s (15s total)
  [H3c 3/500] voxel 7336 r#8 done in 13s (15s total)
  [H3c 4/500] voxel 7336 r#2 done in 14s (16s total)
  [H3c 5/500] voxel 7336 r#9 done in 14s (16s total)
  [H3c 6/500] voxel 7336 r#6 done in 14s (16s total)
  [H3c 7/500] voxel 7336 r#1 done in 14s (17s total)
  [H3c 8/500] voxel 7336 r#3 done in 14s (17s total)
  [H3c 9/500] voxel 7336 r#4 done in 17s (19s total)
  [H3c 10/500] voxel 7336 r#7 done in 17s (20s total)
  [H3c 11/500] voxel 3108 r#0 done in 15s (27s total)
  [H3c 12/500] voxel 3108 r#4 done in 12s (28s total)
  [H3c 13/500] voxel 3108 r#1 done in 14s (28s total)
  [H3c 14/500] voxel 3108 r#5 done in 12s (29s total)
  [H3c 15/500] voxel 3108 r#7 done in 13s (30s total)
  [H3c 16/500] voxel 3108 r#3 done in 15s (31s total)
  [H3c 17/500] voxel 3108 r#8 done in 12s (32s total)
  [H3c 18/500] voxel 3108 r#2 done in 18s (34s total)
  [H3c 19/500] voxel 3108 r#9 done in 15s (34s total)
  [H3c 20/500] voxel 3108 r#6 done in 19s (36s total)
  [H3c 21/500] voxel 2910 r#2 done in 13s (42s total)
  [H3c 22/500] voxel 2910 r#0 done in 15s (43s total)
  [H3c 23/500] voxel 2910 r#1 done in 15s (43s total)
  [H3c 24/500] voxel 2910 r#5 done in 12s (44s total)
  [H3c 25/500] voxel 2910 r#3 done in 16s (45s total)
  [H3c 26/500] voxel 2910 r#6 done in 14s (45s total)
  [H3c 27/500] voxel 2910 r#4 done in 16s (46s total)
  [H3c 28/500] voxel 2910 r#7 done in 15s (49s total)
  [H3c 29/500] voxel 2910 r#9 done in 13s (49s total)
  [H3c 30/500] voxel 2910 r#8 done in 15s (49s total)
  [H3c 31/500] voxel 16182 r#0 done in 8s (50s total)
  [H3c 32/500] voxel 16182 r#1 done in 8s (50s total)
  [H3c 33/500] voxel 16182 r#2 done in 8s (51s total)
  [H3c 34/500] voxel 16182 r#3 done in 8s (51s total)
  [H3c 35/500] voxel 16182 r#4 done in 8s (53s total)
  [H3c 36/500] voxel 16182 r#5 done in 8s (54s total)
  [H3c 37/500] voxel 16182 r#6 done in 8s (54s total)
  [H3c 38/500] voxel 16182 r#7 done in 8s (57s total)
  [H3c 39/500] voxel 16269 r#0 done in 8s (58s total)
  [H3c 40/500] voxel 16269 r#1 done in 8s (58s total)
  [H3c 41/500] voxel 16269 r#2 done in 8s (59s total)
  [H3c 42/500] voxel 16269 r#3 done in 8s (59s total)
  [H3c 43/500] voxel 16269 r#4 done in 8s (61s total)
  [H3c 44/500] voxel 16182 r#8 done in 13s (62s total)
  [H3c 45/500] voxel 16269 r#6 done in 8s (62s total)
  [H3c 46/500] voxel 16269 r#5 done in 9s (62s total)
  [H3c 47/500] voxel 16182 r#9 done in 15s (64s total)
  [H3c 48/500] voxel 16269 r#7 done in 8s (65s total)
  [H3c 49/500] voxel 16269 r#8 done in 8s (66s total)
  [H3c 50/500] voxel 16269 r#9 done in 11s (69s total)
  [H3c 51/500] voxel 21356 r#0 done in 16s (75s total)
  [H3c 52/500] voxel 21356 r#3 done in 15s (77s total)
  [H3c 53/500] voxel 21356 r#1 done in 18s (77s total)
  [H3c 54/500] voxel 21356 r#2 done in 18s (79s total)
  [H3c 55/500] voxel 21356 r#4 done in 17s (79s total)
  [H3c 56/500] voxel 21356 r#6 done in 16s (79s total)
  [H3c 57/500] voxel 21356 r#7 done in 17s (81s total)
  [H3c 58/500] voxel 21356 r#8 done in 16s (82s total)
  [H3c 59/500] voxel 21356 r#5 done in 21s (83s total)
  [H3c 60/500] voxel 21356 r#9 done in 18s (87s total)
  [H3c 61/500] voxel 20406 r#0 done in 13s (89s total)
  [H3c 62/500] voxel 20406 r#5 done in 11s (90s total)
  [H3c 63/500] voxel 20406 r#4 done in 12s (91s total)
  [H3c 64/500] voxel 20406 r#1 done in 14s (91s total)
  [H3c 65/500] voxel 20406 r#2 done in 15s (93s total)
  [H3c 66/500] voxel 20406 r#3 done in 15s (94s total)
  [H3c 67/500] voxel 20406 r#7 done in 13s (95s total)
  [H3c 68/500] voxel 20406 r#6 done in 15s (96s total)
  [H3c 69/500] voxel 20406 r#8 done in 14s (97s total)
  [H3c 70/500] voxel 20206 r#0 done in 8s (97s total)
  [H3c 71/500] voxel 20206 r#1 done in 8s (99s total)
  [H3c 72/500] voxel 20206 r#3 done in 9s (100s total)
  [H3c 73/500] voxel 20206 r#2 done in 10s (101s total)
  [H3c 74/500] voxel 20206 r#4 done in 8s (101s total)
  [H3c 75/500] voxel 20206 r#6 done in 8s (103s total)
  [H3c 76/500] voxel 20206 r#7 done in 8s (104s total)
  [H3c 77/500] voxel 20406 r#9 done in 17s (104s total)
  [H3c 78/500] voxel 20206 r#5 done in 11s (105s total)
  [H3c 79/500] voxel 20206 r#8 done in 9s (106s total)
  [H3c 80/500] voxel 3142 r#0 done in 8s (107s total)
  [H3c 81/500] voxel 3142 r#1 done in 8s (108s total)
  [H3c 82/500] voxel 3142 r#3 done in 8s (109s total)
  [H3c 83/500] voxel 3142 r#2 done in 8s (109s total)
  [H3c 84/500] voxel 3142 r#4 done in 8s (112s total)
  [H3c 85/500] voxel 20206 r#9 done in 15s (112s total)
  [H3c 86/500] voxel 3142 r#5 done in 8s (112s total)
  [H3c 87/500] voxel 3142 r#6 done in 8s (112s total)
  [H3c 88/500] voxel 3142 r#7 done in 8s (113s total)
  [H3c 89/500] voxel 20480 r#0 done in 9s (117s total)
  [H3c 90/500] voxel 20480 r#1 done in 8s (117s total)
  [H3c 91/500] voxel 20480 r#2 done in 8s (117s total)
  [H3c 92/500] voxel 3142 r#8 done in 12s (118s total)
  [H3c 93/500] voxel 3142 r#9 done in 11s (118s total)
  [H3c 94/500] voxel 20480 r#3 done in 8s (119s total)
  [H3c 95/500] voxel 20480 r#5 done in 8s (120s total)
  [H3c 96/500] voxel 20480 r#4 done in 8s (120s total)
  [H3c 97/500] voxel 20480 r#6 done in 8s (121s total)
  [H3c 98/500] voxel 20480 r#7 done in 8s (121s total)
  [H3c 99/500] voxel 20480 r#8 done in 9s (125s total)
  [H3c 100/500] voxel 2177 r#0 done in 8s (125s total)
  [H3c 101/500] voxel 2177 r#2 done in 8s (126s total)
  [H3c 102/500] voxel 2177 r#1 done in 8s (126s total)
  [H3c 103/500] voxel 2177 r#3 done in 8s (127s total)
  [H3c 104/500] voxel 2177 r#4 done in 8s (128s total)
  [H3c 105/500] voxel 2177 r#5 done in 8s (128s total)
  [H3c 106/500] voxel 2177 r#6 done in 8s (128s total)
  [H3c 107/500] voxel 2177 r#7 done in 8s (129s total)
  [H3c 108/500] voxel 20480 r#9 done in 12s (129s total)
  [H3c 109/500] voxel 2177 r#8 done in 8s (133s total)
  [H3c 110/500] voxel 2177 r#9 done in 10s (136s total)
  [H3c 111/500] voxel 13884 r#5 done in 10s (139s total)
  [H3c 112/500] voxel 13884 r#4 done in 12s (140s total)
  [H3c 113/500] voxel 13884 r#0 done in 14s (140s total)
  [H3c 114/500] voxel 13884 r#7 done in 12s (141s total)
  [H3c 115/500] voxel 13884 r#2 done in 14s (141s total)
  [H3c 116/500] voxel 13884 r#3 done in 14s (142s total)
  [H3c 117/500] voxel 13884 r#6 done in 13s (142s total)
  [H3c 118/500] voxel 13884 r#1 done in 16s (142s total)
  [H3c 119/500] voxel 13884 r#8 done in 12s (145s total)
  [H3c 120/500] voxel 13884 r#9 done in 14s (150s total)
  [H3c 121/500] voxel 10531 r#1 done in 10s (150s total)
  [H3c 122/500] voxel 10531 r#0 done in 12s (151s total)
  [H3c 123/500] voxel 10531 r#6 done in 11s (153s total)
  [H3c 124/500] voxel 10531 r#4 done in 12s (153s total)
  [H3c 125/500] voxel 10531 r#3 done in 14s (155s total)
  [H3c 126/500] voxel 10531 r#2 done in 18s (158s total)
  [H3c 127/500] voxel 10531 r#5 done in 17s (158s total)
  [H3c 128/500] voxel 16905 r#1 done in 9s (160s total)
  [H3c 129/500] voxel 10531 r#7 done in 21s (163s total)
  [H3c 130/500] voxel 16905 r#0 done in 14s (164s total)
  [H3c 131/500] voxel 16905 r#4 done in 9s (164s total)
  [H3c 132/500] voxel 16905 r#3 done in 12s (166s total)
  [H3c 133/500] voxel 10531 r#8 done in 20s (166s total)
  [H3c 134/500] voxel 16905 r#2 done in 13s (166s total)
  [H3c 135/500] voxel 10531 r#9 done in 19s (169s total)
  [H3c 136/500] voxel 16905 r#6 done in 11s (169s total)
  [H3c 137/500] voxel 16905 r#5 done in 13s (172s total)
  [H3c 138/500] voxel 16905 r#7 done in 13s (173s total)
  [H3c 139/500] voxel 16905 r#8 done in 12s (175s total)
  [H3c 140/500] voxel 17451 r#0 done in 11s (175s total)
  [H3c 141/500] voxel 17451 r#2 done in 13s (179s total)
  [H3c 142/500] voxel 17451 r#3 done in 13s (180s total)
  [H3c 143/500] voxel 17451 r#1 done in 15s (181s total)
  [H3c 144/500] voxel 16905 r#9 done in 17s (181s total)
  [H3c 145/500] voxel 17451 r#5 done in 13s (183s total)
  [H3c 146/500] voxel 17451 r#4 done in 13s (183s total)
  [H3c 147/500] voxel 17451 r#6 done in 13s (185s total)
  [H3c 148/500] voxel 17451 r#7 done in 12s (186s total)
  [H3c 149/500] voxel 17451 r#8 done in 13s (187s total)
  [H3c 150/500] voxel 24550 r#1 done in 13s (192s total)
  [H3c 151/500] voxel 17451 r#9 done in 20s (195s total)
  [H3c 152/500] voxel 24550 r#4 done in 13s (195s total)
  [H3c 153/500] voxel 24550 r#2 done in 15s (196s total)
  [H3c 154/500] voxel 24550 r#3 done in 16s (197s total)
  [H3c 155/500] voxel 24550 r#6 done in 12s (197s total)
  [H3c 156/500] voxel 24550 r#5 done in 15s (198s total)
  [H3c 157/500] voxel 24550 r#0 done in 19s (198s total)
  [H3c 158/500] voxel 24550 r#8 done in 12s (200s total)
  [H3c 159/500] voxel 24550 r#7 done in 16s (202s total)
  [H3c 160/500] voxel 1053 r#0 done in 8s (203s total)
  [H3c 161/500] voxel 1053 r#1 done in 8s (203s total)
  [H3c 162/500] voxel 1053 r#2 done in 8s (204s total)
  [H3c 163/500] voxel 1053 r#3 done in 8s (205s total)
  [H3c 164/500] voxel 1053 r#4 done in 8s (205s total)
  [H3c 165/500] voxel 1053 r#5 done in 8s (205s total)
  [H3c 166/500] voxel 1053 r#6 done in 8s (207s total)
  [H3c 167/500] voxel 24550 r#9 done in 15s (207s total)
  [H3c 168/500] voxel 1053 r#7 done in 9s (208s total)
  [H3c 169/500] voxel 1053 r#8 done in 8s (210s total)
  [H3c 170/500] voxel 1053 r#9 done in 9s (212s total)
  [H3c 171/500] voxel 14217 r#0 done in 11s (214s total)
  [H3c 172/500] voxel 14217 r#2 done in 11s (216s total)
  [H3c 173/500] voxel 14217 r#1 done in 13s (217s total)
  [H3c 174/500] voxel 14217 r#6 done in 12s (220s total)
  [H3c 175/500] voxel 14217 r#4 done in 15s (220s total)
  [H3c 176/500] voxel 14217 r#5 done in 16s (223s total)
  [H3c 177/500] voxel 14217 r#3 done in 20s (225s total)
  [H3c 178/500] voxel 14217 r#7 done in 16s (225s total)
  [H3c 179/500] voxel 14217 r#9 done in 14s (226s total)
  [H3c 180/500] voxel 18541 r#1 done in 12s (227s total)
  [H3c 181/500] voxel 18541 r#0 done in 14s (228s total)
  [H3c 182/500] voxel 18541 r#4 done in 8s (229s total)
  [H3c 183/500] voxel 14217 r#8 done in 20s (229s total)
  [H3c 184/500] voxel 18541 r#3 done in 11s (231s total)
  [H3c 185/500] voxel 18541 r#2 done in 16s (233s total)
  [H3c 186/500] voxel 18541 r#5 done in 13s (235s total)
  [H3c 187/500] voxel 18541 r#7 done in 11s (236s total)
  [H3c 188/500] voxel 18541 r#6 done in 13s (238s total)
  [H3c 189/500] voxel 18541 r#8 done in 13s (239s total)
  [H3c 190/500] voxel 18541 r#9 done in 13s (240s total)
  [H3c 191/500] voxel 3866 r#0 done in 15s (243s total)
  [H3c 192/500] voxel 3866 r#1 done in 16s (245s total)
  [H3c 193/500] voxel 3866 r#2 done in 18s (247s total)
  [H3c 194/500] voxel 3866 r#4 done in 20s (252s total)
  [H3c 195/500] voxel 3866 r#3 done in 21s (253s total)
  [H3c 196/500] voxel 3866 r#7 done in 16s (254s total)
  [H3c 197/500] voxel 3866 r#6 done in 18s (254s total)
  [H3c 198/500] voxel 3866 r#5 done in 22s (257s total)
  [H3c 199/500] voxel 2489 r#2 done in 10s (257s total)
  [H3c 200/500] voxel 2489 r#0 done in 15s (259s total)
  [H3c 201/500] voxel 3866 r#8 done in 21s (259s total)
  [H3c 202/500] voxel 2489 r#1 done in 16s (261s total)
  [H3c 203/500] voxel 3866 r#9 done in 22s (263s total)
  [H3c 204/500] voxel 2489 r#4 done in 12s (265s total)
  [H3c 205/500] voxel 2489 r#3 done in 13s (265s total)
  [H3c 206/500] voxel 2489 r#5 done in 17s (271s total)
  [H3c 207/500] voxel 9484 r#1 done in 11s (271s total)
  [H3c 208/500] voxel 2489 r#6 done in 17s (271s total)
  [H3c 209/500] voxel 9484 r#0 done in 14s (273s total)
  [H3c 210/500] voxel 2489 r#7 done in 17s (274s total)
  [H3c 211/500] voxel 9484 r#2 done in 12s (274s total)
  [H3c 212/500] voxel 9484 r#4 done in 10s (275s total)
  [H3c 213/500] voxel 2489 r#8 done in 19s (277s total)
  [H3c 214/500] voxel 2489 r#9 done in 18s (277s total)
  [H3c 215/500] voxel 9484 r#3 done in 12s (277s total)
  [H3c 216/500] voxel 9484 r#5 done in 10s (281s total)
  [H3c 217/500] voxel 9484 r#6 done in 15s (286s total)
  [H3c 218/500] voxel 9484 r#7 done in 16s (287s total)
  [H3c 219/500] voxel 9484 r#8 done in 16s (289s total)
  [H3c 220/500] voxel 9484 r#9 done in 16s (290s total)
  [H3c 221/500] voxel 7109 r#1 done in 16s (291s total)
  [H3c 222/500] voxel 7109 r#0 done in 17s (291s total)
  [H3c 223/500] voxel 7109 r#2 done in 15s (292s total)
  [H3c 224/500] voxel 7109 r#3 done in 16s (293s total)
  [H3c 225/500] voxel 7109 r#4 done in 16s (293s total)
  [H3c 226/500] voxel 7109 r#6 done in 11s (298s total)
  [H3c 227/500] voxel 970 r#0 done in 8s (299s total)
  [H3c 228/500] voxel 7109 r#5 done in 18s (299s total)
  [H3c 229/500] voxel 970 r#1 done in 8s (300s total)
  [H3c 230/500] voxel 970 r#2 done in 8s (300s total)
  [H3c 231/500] voxel 970 r#3 done in 8s (301s total)
  [H3c 232/500] voxel 970 r#4 done in 8s (301s total)
  [H3c 233/500] voxel 7109 r#8 done in 15s (303s total)
  [H3c 234/500] voxel 7109 r#7 done in 17s (304s total)
  [H3c 235/500] voxel 7109 r#9 done in 15s (305s total)
  [H3c 236/500] voxel 970 r#5 done in 8s (306s total)
  [H3c 237/500] voxel 970 r#6 done in 8s (307s total)
  [H3c 238/500] voxel 970 r#8 done in 8s (307s total)
  [H3c 239/500] voxel 970 r#7 done in 8s (308s total)
  [H3c 240/500] voxel 970 r#9 done in 9s (308s total)
  [H3c 241/500] voxel 19705 r#1 done in 9s (310s total)
  [H3c 242/500] voxel 19705 r#6 done in 9s (316s total)
  [H3c 243/500] voxel 19705 r#0 done in 17s (318s total)
  [H3c 244/500] voxel 19705 r#9 done in 11s (319s total)
  [H3c 245/500] voxel 19705 r#2 done in 17s (321s total)
  [H3c 246/500] voxel 19705 r#3 done in 20s (324s total)
  [H3c 247/500] voxel 19705 r#5 done in 18s (324s total)
  [H3c 248/500] voxel 9001 r#0 done in 16s (327s total)
  [H3c 249/500] voxel 19705 r#7 done in 20s (328s total)
  [H3c 250/500] voxel 19705 r#8 done in 22s (329s total)
  [H3c 251/500] voxel 9001 r#4 done in 10s (330s total)
  [H3c 252/500] voxel 19705 r#4 done in 26s (331s total)
  [H3c 253/500] voxel 9001 r#1 done in 16s (333s total)
  [H3c 254/500] voxel 9001 r#3 done in 14s (334s total)
  [H3c 255/500] voxel 9001 r#2 done in 16s (334s total)
  [H3c 256/500] voxel 9001 r#6 done in 11s (335s total)
  [H3c 257/500] voxel 9001 r#5 done in 12s (336s total)
  [H3c 258/500] voxel 13074 r#0 done in 8s (338s total)
  [H3c 259/500] voxel 13074 r#1 done in 8s (339s total)
  [H3c 260/500] voxel 13074 r#2 done in 8s (340s total)
  [H3c 261/500] voxel 9001 r#8 done in 14s (342s total)
  [H3c 262/500] voxel 13074 r#3 done in 8s (342s total)
  [H3c 263/500] voxel 13074 r#4 done in 8s (342s total)
  [H3c 264/500] voxel 9001 r#7 done in 15s (342s total)
  [H3c 265/500] voxel 13074 r#5 done in 8s (343s total)
  [H3c 266/500] voxel 9001 r#9 done in 14s (343s total)
  [H3c 267/500] voxel 13074 r#6 done in 8s (344s total)
  [H3c 268/500] voxel 13074 r#7 done in 8s (345s total)
  [H3c 269/500] voxel 13074 r#8 done in 8s (347s total)
  [H3c 270/500] voxel 13074 r#9 done in 8s (348s total)
  [H3c 271/500] voxel 12213 r#4 done in 9s (352s total)
  [H3c 272/500] voxel 12213 r#3 done in 11s (353s total)
  [H3c 273/500] voxel 12213 r#1 done in 11s (353s total)
  [H3c 274/500] voxel 12213 r#0 done in 13s (355s total)
  [H3c 275/500] voxel 12213 r#6 done in 11s (355s total)
  [H3c 276/500] voxel 12213 r#5 done in 13s (356s total)
  [H3c 277/500] voxel 12213 r#2 done in 17s (359s total)
  [H3c 278/500] voxel 12213 r#9 done in 12s (361s total)
  [H3c 279/500] voxel 12213 r#7 done in 17s (362s total)
  [H3c 280/500] voxel 12213 r#8 done in 15s (363s total)
  [H3c 281/500] voxel 14240 r#1 done in 12s (364s total)
  [H3c 282/500] voxel 14240 r#2 done in 13s (366s total)
  [H3c 283/500] voxel 14240 r#4 done in 16s (371s total)
  [H3c 284/500] voxel 14240 r#7 done in 12s (373s total)
  [H3c 285/500] voxel 14240 r#0 done in 21s (373s total)
  [H3c 286/500] voxel 14240 r#3 done in 19s (374s total)
  [H3c 287/500] voxel 14240 r#6 done in 15s (374s total)
  [H3c 288/500] voxel 14240 r#5 done in 19s (375s total)
  [H3c 289/500] voxel 14240 r#8 done in 14s (377s total)
  [H3c 290/500] voxel 121 r#0 done in 13s (377s total)
  [H3c 291/500] voxel 121 r#1 done in 13s (379s total)
  [H3c 292/500] voxel 121 r#2 done in 11s (382s total)
  [H3c 293/500] voxel 14240 r#9 done in 20s (383s total)
  [H3c 294/500] voxel 121 r#5 done in 9s (383s total)
  [H3c 295/500] voxel 121 r#3 done in 11s (384s total)
  [H3c 296/500] voxel 121 r#6 done in 13s (387s total)
  [H3c 297/500] voxel 121 r#7 done in 13s (387s total)
  [H3c 298/500] voxel 121 r#8 done in 11s (388s total)
  [H3c 299/500] voxel 13850 r#0 done in 10s (389s total)
  [H3c 300/500] voxel 121 r#4 done in 18s (391s total)
  [H3c 301/500] voxel 121 r#9 done in 15s (392s total)
  [H3c 302/500] voxel 13850 r#2 done in 12s (395s total)
  [H3c 303/500] voxel 13850 r#3 done in 13s (396s total)
  [H3c 304/500] voxel 13850 r#1 done in 14s (396s total)
  [H3c 305/500] voxel 13850 r#4 done in 13s (397s total)
  [H3c 306/500] voxel 13850 r#7 done in 12s (400s total)
  [H3c 307/500] voxel 13850 r#8 done in 11s (400s total)
  [H3c 308/500] voxel 13850 r#5 done in 13s (400s total)
  [H3c 309/500] voxel 13850 r#6 done in 14s (401s total)
  [H3c 310/500] voxel 13850 r#9 done in 11s (402s total)
  [H3c 311/500] voxel 2347 r#1 done in 13s (407s total)
  [H3c 312/500] voxel 2347 r#0 done in 17s (409s total)
  [H3c 313/500] voxel 2347 r#6 done in 10s (410s total)
  [H3c 314/500] voxel 2347 r#8 done in 11s (412s total)
  [H3c 315/500] voxel 2347 r#4 done in 15s (413s total)
  [H3c 316/500] voxel 2347 r#5 done in 15s (415s total)
  [H3c 317/500] voxel 2347 r#2 done in 20s (415s total)
  [H3c 318/500] voxel 2347 r#7 done in 16s (416s total)
  [H3c 319/500] voxel 2347 r#9 done in 15s (417s total)
  [H3c 320/500] voxel 9150 r#1 done in 10s (419s total)
  [H3c 321/500] voxel 9150 r#0 done in 13s (420s total)
  [H3c 322/500] voxel 2347 r#3 done in 25s (421s total)
  [H3c 323/500] voxel 9150 r#2 done in 12s (422s total)
  [H3c 324/500] voxel 9150 r#4 done in 10s (423s total)
  [H3c 325/500] voxel 9150 r#6 done in 10s (425s total)
  [H3c 326/500] voxel 9150 r#7 done in 12s (428s total)
  [H3c 327/500] voxel 9150 r#3 done in 16s (428s total)
  [H3c 328/500] voxel 5384 r#0 done in 10s (430s total)
  [H3c 329/500] voxel 9150 r#8 done in 13s (430s total)
  [H3c 330/500] voxel 9150 r#5 done in 16s (431s total)
  [H3c 331/500] voxel 5384 r#2 done in 10s (432s total)
  [H3c 332/500] voxel 5384 r#1 done in 12s (433s total)
  [H3c 333/500] voxel 9150 r#9 done in 14s (433s total)
  [H3c 334/500] voxel 5384 r#3 done in 11s (433s total)
  [H3c 335/500] voxel 5384 r#4 done in 11s (436s total)
  [H3c 336/500] voxel 5384 r#5 done in 11s (439s total)
  [H3c 337/500] voxel 19089 r#3 done in 11s (444s total)
  [H3c 338/500] voxel 5384 r#8 done in 14s (444s total)
  [H3c 339/500] voxel 5384 r#7 done in 14s (445s total)
  [H3c 340/500] voxel 19089 r#2 done in 12s (445s total)
  [H3c 341/500] voxel 5384 r#9 done in 15s (446s total)
  [H3c 342/500] voxel 5384 r#6 done in 19s (448s total)
  [H3c 343/500] voxel 19089 r#4 done in 14s (449s total)
  [H3c 344/500] voxel 19089 r#1 done in 17s (450s total)
  [H3c 345/500] voxel 19089 r#0 done in 19s (450s total)
  [H3c 346/500] voxel 19089 r#5 done in 15s (454s total)
  [H3c 347/500] voxel 19089 r#6 done in 14s (458s total)
  [H3c 348/500] voxel 21741 r#0 done in 12s (459s total)
  [H3c 349/500] voxel 19089 r#8 done in 15s (460s total)
  [H3c 350/500] voxel 21741 r#1 done in 13s (460s total)
  [H3c 351/500] voxel 19089 r#7 done in 17s (461s total)
  [H3c 352/500] voxel 19089 r#9 done in 17s (462s total)
  [H3c 353/500] voxel 21741 r#3 done in 13s (463s total)
  [H3c 354/500] voxel 21741 r#2 done in 15s (464s total)
  [H3c 355/500] voxel 21741 r#4 done in 15s (465s total)
  [H3c 356/500] voxel 7723 r#1 done in 8s (469s total)
  [H3c 357/500] voxel 21741 r#7 done in 11s (470s total)
  [H3c 358/500] voxel 7723 r#0 done in 9s (471s total)
  [H3c 359/500] voxel 21741 r#5 done in 17s (471s total)
  [H3c 360/500] voxel 7723 r#2 done in 8s (471s total)
  [H3c 361/500] voxel 21741 r#6 done in 13s (471s total)
  [H3c 362/500] voxel 7723 r#3 done in 8s (472s total)
  [H3c 363/500] voxel 21741 r#9 done in 12s (472s total)
  [H3c 364/500] voxel 7723 r#4 done in 8s (473s total)
  [H3c 365/500] voxel 21741 r#8 done in 17s (477s total)
  [H3c 366/500] voxel 7723 r#5 done in 8s (477s total)
  [H3c 367/500] voxel 7723 r#7 done in 8s (478s total)
  [H3c 368/500] voxel 7723 r#8 done in 8s (479s total)
  [H3c 369/500] voxel 9421 r#0 done in 8s (479s total)
  [H3c 370/500] voxel 9421 r#1 done in 8s (480s total)
  [H3c 371/500] voxel 9421 r#2 done in 8s (480s total)
  [H3c 372/500] voxel 9421 r#3 done in 8s (481s total)
  [H3c 373/500] voxel 7723 r#6 done in 11s (482s total)
  [H3c 374/500] voxel 7723 r#9 done in 11s (482s total)
  [H3c 375/500] voxel 9421 r#5 done in 8s (485s total)
  [H3c 376/500] voxel 9421 r#4 done in 8s (485s total)
  [H3c 377/500] voxel 9421 r#6 done in 8s (486s total)
  [H3c 378/500] voxel 9421 r#8 done in 8s (487s total)
  [H3c 379/500] voxel 9421 r#7 done in 8s (487s total)
  [H3c 380/500] voxel 24474 r#1 done in 11s (492s total)
  [H3c 381/500] voxel 9421 r#9 done in 11s (492s total)
  [H3c 382/500] voxel 24474 r#3 done in 14s (496s total)
  [H3c 383/500] voxel 24474 r#2 done in 15s (496s total)
  [H3c 384/500] voxel 24474 r#0 done in 17s (497s total)
  [H3c 385/500] voxel 24474 r#6 done in 11s (497s total)
  [H3c 386/500] voxel 24474 r#8 done in 12s (499s total)
  [H3c 387/500] voxel 24474 r#7 done in 17s (504s total)
  [H3c 388/500] voxel 24474 r#4 done in 19s (504s total)
  [H3c 389/500] voxel 24474 r#9 done in 13s (504s total)
  [H3c 390/500] voxel 24474 r#5 done in 21s (507s total)
  [H3c 391/500] voxel 8383 r#0 done in 18s (509s total)
  [H3c 392/500] voxel 8383 r#1 done in 13s (510s total)
  [H3c 393/500] voxel 8383 r#2 done in 13s (510s total)
  [H3c 394/500] voxel 8383 r#3 done in 13s (510s total)
  [H3c 395/500] voxel 8383 r#4 done in 14s (511s total)
  [H3c 396/500] voxel 8383 r#5 done in 15s (514s total)
  [H3c 397/500] voxel 8383 r#6 done in 13s (517s total)
  [H3c 398/500] voxel 12695 r#0 done in 8s (518s total)
  [H3c 399/500] voxel 12695 r#1 done in 8s (518s total)
  [H3c 400/500] voxel 12695 r#2 done in 8s (518s total)
  [H3c 401/500] voxel 12695 r#3 done in 8s (518s total)
  [H3c 402/500] voxel 12695 r#4 done in 8s (519s total)
  [H3c 403/500] voxel 8383 r#8 done in 15s (519s total)
  [H3c 404/500] voxel 8383 r#9 done in 13s (520s total)
  [H3c 405/500] voxel 8383 r#7 done in 16s (520s total)
  [H3c 406/500] voxel 12695 r#5 done in 8s (522s total)
  [H3c 407/500] voxel 12695 r#6 done in 8s (525s total)
  [H3c 408/500] voxel 12695 r#7 done in 8s (526s total)
  [H3c 409/500] voxel 12695 r#8 done in 8s (526s total)
  [H3c 410/500] voxel 12695 r#9 done in 9s (527s total)
  [H3c 411/500] voxel 11143 r#2 done in 12s (531s total)
  [H3c 412/500] voxel 11143 r#1 done in 14s (533s total)
  [H3c 413/500] voxel 11143 r#3 done in 14s (534s total)
  [H3c 414/500] voxel 11143 r#0 done in 18s (537s total)
  [H3c 415/500] voxel 11143 r#5 done in 15s (537s total)
  [H3c 416/500] voxel 11143 r#6 done in 14s (539s total)
  [H3c 417/500] voxel 11143 r#7 done in 14s (539s total)
  [H3c 418/500] voxel 11143 r#4 done in 19s (540s total)
  [H3c 419/500] voxel 17771 r#0 done in 9s (540s total)
  [H3c 420/500] voxel 11143 r#8 done in 14s (540s total)
  [H3c 421/500] voxel 11143 r#9 done in 14s (541s total)
  [H3c 422/500] voxel 17771 r#2 done in 10s (544s total)
  [H3c 423/500] voxel 17771 r#4 done in 8s (545s total)
  [H3c 424/500] voxel 17771 r#3 done in 10s (547s total)
  [H3c 425/500] voxel 17771 r#5 done in 11s (550s total)
  [H3c 426/500] voxel 17771 r#1 done in 17s (551s total)
  [H3c 427/500] voxel 17771 r#6 done in 12s (551s total)
  [H3c 428/500] voxel 17771 r#9 done in 11s (552s total)
  [H3c 429/500] voxel 17771 r#8 done in 12s (552s total)
  [H3c 430/500] voxel 17771 r#7 done in 13s (553s total)
  [H3c 431/500] voxel 2943 r#0 done in 14s (555s total)
  [H3c 432/500] voxel 2943 r#1 done in 13s (557s total)
  [H3c 433/500] voxel 2943 r#2 done in 13s (558s total)
  [H3c 434/500] voxel 2943 r#4 done in 13s (563s total)
  [H3c 435/500] voxel 2943 r#9 done in 11s (564s total)
  [H3c 436/500] voxel 2943 r#3 done in 17s (564s total)
  [H3c 437/500] voxel 2943 r#8 done in 13s (564s total)
  [H3c 438/500] voxel 2943 r#6 done in 14s (565s total)
  [H3c 439/500] voxel 2943 r#7 done in 14s (565s total)
  [H3c 440/500] voxel 2943 r#5 done in 16s (567s total)
  [H3c 441/500] voxel 8787 r#1 done in 12s (569s total)
  [H3c 442/500] voxel 8787 r#5 done in 10s (574s total)
  [H3c 443/500] voxel 8787 r#0 done in 20s (575s total)
  [H3c 444/500] voxel 8787 r#2 done in 18s (576s total)
  [H3c 445/500] voxel 3424 r#0 done in 8s (578s total)
  [H3c 446/500] voxel 8787 r#6 done in 14s (578s total)
  [H3c 447/500] voxel 8787 r#4 done in 15s (579s total)
  [H3c 448/500] voxel 8787 r#8 done in 15s (580s total)
  [H3c 449/500] voxel 8787 r#7 done in 17s (582s total)
  [H3c 450/500] voxel 3424 r#1 done in 8s (583s total)
  [H3c 451/500] voxel 3424 r#2 done in 8s (583s total)
  [H3c 452/500] voxel 3424 r#3 done in 8s (584s total)
  [H3c 453/500] voxel 8787 r#9 done in 17s (584s total)
  [H3c 454/500] voxel 8787 r#3 done in 21s (584s total)
  [H3c 455/500] voxel 3424 r#4 done in 9s (586s total)
  [H3c 456/500] voxel 3424 r#5 done in 8s (587s total)
  [H3c 457/500] voxel 3424 r#6 done in 8s (587s total)
  [H3c 458/500] voxel 3424 r#7 done in 9s (589s total)
  [H3c 459/500] voxel 3424 r#8 done in 8s (590s total)
  [H3c 460/500] voxel 14578 r#0 done in 13s (596s total)
  [H3c 461/500] voxel 3424 r#9 done in 13s (596s total)
  [H3c 462/500] voxel 14578 r#2 done in 13s (597s total)
  [H3c 463/500] voxel 14578 r#3 done in 14s (598s total)
  [H3c 464/500] voxel 14578 r#1 done in 17s (600s total)
  [H3c 465/500] voxel 14578 r#5 done in 14s (601s total)
  [H3c 466/500] voxel 14578 r#4 done in 15s (601s total)
  [H3c 467/500] voxel 14578 r#8 done in 11s (601s total)
  [H3c 468/500] voxel 14578 r#7 done in 15s (603s total)
  [H3c 469/500] voxel 14578 r#6 done in 18s (605s total)
  [H3c 470/500] voxel 21750 r#0 done in 10s (606s total)
  [H3c 471/500] voxel 14578 r#9 done in 13s (609s total)
  [H3c 472/500] voxel 21750 r#2 done in 11s (609s total)
  [H3c 473/500] voxel 21750 r#6 done in 12s (613s total)
  [H3c 474/500] voxel 21750 r#1 done in 16s (613s total)
  [H3c 475/500] voxel 21750 r#5 done in 13s (614s total)
  [H3c 476/500] voxel 21750 r#3 done in 15s (615s total)
  [H3c 477/500] voxel 19118 r#1 done in 8s (617s total)
  [H3c 478/500] voxel 19118 r#0 done in 8s (617s total)
  [H3c 479/500] voxel 21750 r#9 done in 12s (618s total)
  [H3c 480/500] voxel 21750 r#4 done in 20s (621s total)
  [H3c 481/500] voxel 19118 r#2 done in 8s (621s total)
  [H3c 482/500] voxel 19118 r#3 done in 8s (622s total)
  [H3c 483/500] voxel 21750 r#8 done in 18s (622s total)
  [H3c 484/500] voxel 19118 r#4 done in 8s (623s total)
  [H3c 485/500] voxel 19118 r#5 done in 8s (623s total)
  [H3c 486/500] voxel 19118 r#6 done in 8s (625s total)
  [H3c 487/500] voxel 19118 r#7 done in 8s (625s total)
  [H3c 488/500] voxel 21750 r#7 done in 22s (625s total)
  [H3c 489/500] voxel 19118 r#8 done in 8s (626s total)
  [H3c 490/500] voxel 11774 r#0 done in 8s (630s total)
  [H3c 491/500] voxel 11774 r#1 done in 8s (630s total)
  [H3c 492/500] voxel 19118 r#9 done in 10s (630s total)
  [H3c 493/500] voxel 11774 r#2 done in 8s (631s total)
  [H3c 494/500] voxel 11774 r#3 done in 9s (631s total)
  [H3c 495/500] voxel 11774 r#4 done in 8s (631s total)
  [H3c 496/500] voxel 11774 r#6 done in 8s (633s total)
  [H3c 497/500] voxel 11774 r#5 done in 8s (633s total)
  [H3c 498/500] voxel 11774 r#7 done in 8s (634s total)
  [H3c 499/500] voxel 11774 r#8 done in 8s (634s total)
  [H3c 500/500] voxel 11774 r#9 done in 8s (638s total)
Loaded crystal structure from DataFiles/copper.dat: CrystalStructure(Cu, a=3.6100Å, SG=225)
Max Q calculated: 24.7872 Å⁻¹
Loaded crystal structure from DataFiles/copper.dat: CrystalStructure(Cu, a=3.6100Å, SG=225)
Max Q calculated: 24.7872 Å⁻¹
Loaded crystal structure from DataFiles/copper.dat: CrystalStructure(Cu, a=3.6100Å, SG=225)
Max Q calculated: 24.7872 Å⁻¹
Loaded crystal structure from DataFiles/copper.dat: CrystalStructure(Cu, a=3.6100Å, SG=225)
Max Q calculated: 24.7872 Å⁻¹
Loaded crystal structure from DataFiles/copper.dat: CrystalStructure(Cu, a=3.6100Å, SG=225)
Max Q calculated: 24.7872 Å⁻¹
Loaded crystal structure from DataFiles/copper.dat: CrystalStructure(Cu, a=3.6100Å, SG=225)
Max Q calculated: 24.7872 Å⁻¹
Loaded crystal structure from DataFiles/copper.dat: CrystalStructure(Cu, a=3.6100Å, SG=225)
Max Q calculated: 24.7872 Å⁻¹
Loaded crystal structure from DataFiles/copper.dat: CrystalStructure(Cu, a=3.6100Å, SG=225)
Max Q calculated: 24.7872 Å⁻¹
Loaded crystal structure from DataFiles/copper.dat: CrystalStructure(Cu, a=3.6100Å, SG=225)
Max Q calculated: 24.7872 Å⁻¹
Loaded crystal structure from DataFiles/copper.dat: CrystalStructure(Cu, a=3.6100Å, SG=225)
Max Q calculated: 24.7872 Å⁻¹
H3c finished; wall 638s
saved /Users/sfli/Research/IceNine/icenine_py/benchmarks/nn_hybrid/H3c_realistic_s0_raw.npz
H3m/realistic_s0: 500 tasks (0 cached), 10 workers
/Users/sfli/Research/IceNine/icenine_py/icenine/experiment_setup.py:293: UserWarning: Step size file reading not yet implemented: ConfigFiles/Optimization.2Det
  self.optimization_info = self._read_step_size_file(
/Users/sfli/Research/IceNine/icenine_py/icenine/experiment_setup.py:293: UserWarning: Step size file reading not yet implemented: ConfigFiles/Optimization.2Det
  self.optimization_info = self._read_step_size_file(
/Users/sfli/Research/IceNine/icenine_py/icenine/experiment_setup.py:293: UserWarning: Step size file reading not yet implemented: ConfigFiles/Optimization.2Det
  self.optimization_info = self._read_step_size_file(
/Users/sfli/Research/IceNine/icenine_py/icenine/experiment_setup.py:298: UserWarning: Step size file reading not yet implemented: ConfigFiles/Sensitivity.2Det
  self.detection_sensitivity = self._read_step_size_file(
/Users/sfli/Research/IceNine/icenine_py/icenine/experiment_setup.py:298: UserWarning: Step size file reading not yet implemented: ConfigFiles/Sensitivity.2Det
  self.detection_sensitivity = self._read_step_size_file(
/Users/sfli/Research/IceNine/icenine_py/icenine/experiment_setup.py:293: UserWarning: Step size file reading not yet implemented: ConfigFiles/Optimization.2Det
  self.optimization_info = self._read_step_size_file(
/Users/sfli/Research/IceNine/icenine_py/icenine/experiment_setup.py:303: UserWarning: Step size file reading not yet implemented: ConfigFiles/Constrain.2L
  self.optimization_constrains = self._read_step_size_file(
/Users/sfli/Research/IceNine/icenine_py/icenine/experiment_setup.py:298: UserWarning: Step size file reading not yet implemented: ConfigFiles/Sensitivity.2Det
  self.detection_sensitivity = self._read_step_size_file(
/Users/sfli/Research/IceNine/icenine_py/icenine/experiment_setup.py:303: UserWarning: Step size file reading not yet implemented: ConfigFiles/Constrain.2L
  self.optimization_constrains = self._read_step_size_file(
/Users/sfli/Research/IceNine/icenine_py/icenine/experiment_setup.py:298: UserWarning: Step size file reading not yet implemented: ConfigFiles/Sensitivity.2Det
  self.detection_sensitivity = self._read_step_size_file(
/Users/sfli/Research/IceNine/icenine_py/icenine/experiment_setup.py:303: UserWarning: Step size file reading not yet implemented: ConfigFiles/Constrain.2L
  self.optimization_constrains = self._read_step_size_file(
/Users/sfli/Research/IceNine/icenine_py/icenine/experiment_setup.py:303: UserWarning: Step size file reading not yet implemented: ConfigFiles/Constrain.2L
  self.optimization_constrains = self._read_step_size_file(
/Users/sfli/Research/IceNine/icenine_py/icenine/experiment_setup.py:502: UserWarning: Gimbal lock detected. Setting third angle to zero since it is not possible to uniquely determine all angles.
  sample.rotate(
/Users/sfli/Research/IceNine/icenine_py/icenine/experiment_setup.py:502: UserWarning: Gimbal lock detected. Setting third angle to zero since it is not possible to uniquely determine all angles.
  sample.rotate(
/Users/sfli/Research/IceNine/icenine_py/icenine/experiment_setup.py:293: UserWarning: Step size file reading not yet implemented: ConfigFiles/Optimization.2Det
  self.optimization_info = self._read_step_size_file(
/Users/sfli/Research/IceNine/icenine_py/icenine/experiment_setup.py:298: UserWarning: Step size file reading not yet implemented: ConfigFiles/Sensitivity.2Det
  self.detection_sensitivity = self._read_step_size_file(
/Users/sfli/Research/IceNine/icenine_py/icenine/experiment_setup.py:303: UserWarning: Step size file reading not yet implemented: ConfigFiles/Constrain.2L
  self.optimization_constrains = self._read_step_size_file(
/Users/sfli/Research/IceNine/icenine_py/icenine/experiment_setup.py:293: UserWarning: Step size file reading not yet implemented: ConfigFiles/Optimization.2Det
  self.optimization_info = self._read_step_size_file(
/Users/sfli/Research/IceNine/icenine_py/icenine/experiment_setup.py:298: UserWarning: Step size file reading not yet implemented: ConfigFiles/Sensitivity.2Det
  self.detection_sensitivity = self._read_step_size_file(
/Users/sfli/Research/IceNine/icenine_py/icenine/experiment_setup.py:303: UserWarning: Step size file reading not yet implemented: ConfigFiles/Constrain.2L
  self.optimization_constrains = self._read_step_size_file(
/Users/sfli/Research/IceNine/icenine_py/icenine/experiment_setup.py:502: UserWarning: Gimbal lock detected. Setting third angle to zero since it is not possible to uniquely determine all angles.
  sample.rotate(
/Users/sfli/Research/IceNine/icenine_py/icenine/experiment_setup.py:502: UserWarning: Gimbal lock detected. Setting third angle to zero since it is not possible to uniquely determine all angles.
  sample.rotate(
/Users/sfli/Research/IceNine/icenine_py/icenine/experiment_setup.py:502: UserWarning: Gimbal lock detected. Setting third angle to zero since it is not possible to uniquely determine all angles.
  sample.rotate(
/Users/sfli/Research/IceNine/icenine_py/icenine/experiment_setup.py:502: UserWarning: Gimbal lock detected. Setting third angle to zero since it is not possible to uniquely determine all angles.
  sample.rotate(
/Users/sfli/Research/IceNine/icenine_py/icenine/experiment_setup.py:293: UserWarning: Step size file reading not yet implemented: ConfigFiles/Optimization.2Det
  self.optimization_info = self._read_step_size_file(
/Users/sfli/Research/IceNine/icenine_py/icenine/experiment_setup.py:298: UserWarning: Step size file reading not yet implemented: ConfigFiles/Sensitivity.2Det
  self.detection_sensitivity = self._read_step_size_file(
/Users/sfli/Research/IceNine/icenine_py/icenine/experiment_setup.py:303: UserWarning: Step size file reading not yet implemented: ConfigFiles/Constrain.2L
  self.optimization_constrains = self._read_step_size_file(
/Users/sfli/Research/IceNine/icenine_py/icenine/experiment_setup.py:502: UserWarning: Gimbal lock detected. Setting third angle to zero since it is not possible to uniquely determine all angles.
  sample.rotate(
/Users/sfli/Research/IceNine/icenine_py/icenine/experiment_setup.py:293: UserWarning: Step size file reading not yet implemented: ConfigFiles/Optimization.2Det
  self.optimization_info = self._read_step_size_file(
/Users/sfli/Research/IceNine/icenine_py/icenine/experiment_setup.py:298: UserWarning: Step size file reading not yet implemented: ConfigFiles/Sensitivity.2Det
  self.detection_sensitivity = self._read_step_size_file(
/Users/sfli/Research/IceNine/icenine_py/icenine/experiment_setup.py:303: UserWarning: Step size file reading not yet implemented: ConfigFiles/Constrain.2L
  self.optimization_constrains = self._read_step_size_file(
/Users/sfli/Research/IceNine/icenine_py/icenine/experiment_setup.py:502: UserWarning: Gimbal lock detected. Setting third angle to zero since it is not possible to uniquely determine all angles.
  sample.rotate(
/Users/sfli/Research/IceNine/icenine_py/icenine/experiment_setup.py:293: UserWarning: Step size file reading not yet implemented: ConfigFiles/Optimization.2Det
  self.optimization_info = self._read_step_size_file(
/Users/sfli/Research/IceNine/icenine_py/icenine/experiment_setup.py:298: UserWarning: Step size file reading not yet implemented: ConfigFiles/Sensitivity.2Det
  self.detection_sensitivity = self._read_step_size_file(
/Users/sfli/Research/IceNine/icenine_py/icenine/experiment_setup.py:303: UserWarning: Step size file reading not yet implemented: ConfigFiles/Constrain.2L
  self.optimization_constrains = self._read_step_size_file(
/Users/sfli/Research/IceNine/icenine_py/icenine/experiment_setup.py:502: UserWarning: Gimbal lock detected. Setting third angle to zero since it is not possible to uniquely determine all angles.
  sample.rotate(
/Users/sfli/Research/IceNine/icenine_py/icenine/experiment_setup.py:293: UserWarning: Step size file reading not yet implemented: ConfigFiles/Optimization.2Det
  self.optimization_info = self._read_step_size_file(
/Users/sfli/Research/IceNine/icenine_py/icenine/experiment_setup.py:298: UserWarning: Step size file reading not yet implemented: ConfigFiles/Sensitivity.2Det
  self.detection_sensitivity = self._read_step_size_file(
/Users/sfli/Research/IceNine/icenine_py/icenine/experiment_setup.py:303: UserWarning: Step size file reading not yet implemented: ConfigFiles/Constrain.2L
  self.optimization_constrains = self._read_step_size_file(
/Users/sfli/Research/IceNine/icenine_py/icenine/experiment_setup.py:502: UserWarning: Gimbal lock detected. Setting third angle to zero since it is not possible to uniquely determine all angles.
  sample.rotate(
  [H3m 1/500] voxel 7336 r#1 done in 32s (34s total)
  [H3m 2/500] voxel 7336 r#0 done in 33s (36s total)
  [H3m 3/500] voxel 7336 r#2 done in 40s (43s total)
  [H3m 4/500] voxel 7336 r#5 done in 40s (43s total)
  [H3m 5/500] voxel 7336 r#6 done in 40s (43s total)
  [H3m 6/500] voxel 7336 r#3 done in 41s (44s total)
  [H3m 7/500] voxel 7336 r#7 done in 43s (45s total)
  [H3m 8/500] voxel 7336 r#4 done in 43s (45s total)
  [H3m 9/500] voxel 7336 r#9 done in 47s (50s total)
  [H3m 10/500] voxel 7336 r#8 done in 48s (50s total)
  [H3m 11/500] voxel 3108 r#0 done in 37s (72s total)
  [H3m 12/500] voxel 3108 r#1 done in 37s (73s total)
  [H3m 13/500] voxel 3108 r#3 done in 37s (80s total)
  [H3m 14/500] voxel 3108 r#5 done in 38s (82s total)
  [H3m 15/500] voxel 3108 r#2 done in 39s (82s total)
  [H3m 16/500] voxel 3108 r#7 done in 41s (87s total)
  [H3m 17/500] voxel 3108 r#4 done in 44s (87s total)
  [H3m 18/500] voxel 3108 r#9 done in 45s (95s total)
  [H3m 19/500] voxel 3108 r#8 done in 47s (97s total)
  [H3m 20/500] voxel 3108 r#6 done in 54s (99s total)
  [H3m 21/500] voxel 2910 r#2 done in 48s (128s total)
  [H3m 22/500] voxel 2910 r#1 done in 61s (134s total)
  [H3m 23/500] voxel 2910 r#0 done in 69s (140s total)
  [H3m 24/500] voxel 2910 r#5 done in 55s (141s total)
  [H3m 25/500] voxel 2910 r#4 done in 62s (144s total)
  [H3m 26/500] voxel 2910 r#3 done in 66s (148s total)
  [H3m 27/500] voxel 2910 r#9 done in 51s (150s total)
  [H3m 28/500] voxel 2910 r#6 done in 71s (158s total)
  [H3m 29/500] voxel 2910 r#8 done in 63s (160s total)
  [H3m 30/500] voxel 2910 r#7 done in 71s (166s total)
  [H3m 31/500] voxel 16182 r#0 done in 58s (186s total)
  [H3m 32/500] voxel 16182 r#1 done in 63s (197s total)
  [H3m 33/500] voxel 16182 r#3 done in 56s (198s total)
  [H3m 34/500] voxel 16182 r#5 done in 57s (205s total)
  [H3m 35/500] voxel 16182 r#6 done in 59s (209s total)
  [H3m 36/500] voxel 16182 r#2 done in 74s (214s total)
  [H3m 37/500] voxel 16182 r#9 done in 57s (223s total)
  [H3m 38/500] voxel 16182 r#4 done in 79s (223s total)
  [H3m 39/500] voxel 16182 r#7 done in 75s (233s total)
  [H3m 40/500] voxel 16269 r#0 done in 51s (237s total)
  [H3m 41/500] voxel 16182 r#8 done in 81s (240s total)
  [H3m 42/500] voxel 16269 r#1 done in 46s (243s total)
  [H3m 43/500] voxel 16269 r#3 done in 45s (250s total)
  [H3m 44/500] voxel 16269 r#4 done in 47s (256s total)
  [H3m 45/500] voxel 16269 r#2 done in 62s (260s total)
  [H3m 46/500] voxel 16269 r#6 done in 46s (269s total)
  [H3m 47/500] voxel 16269 r#5 done in 60s (274s total)
  [H3m 48/500] voxel 21356 r#1 done in 33s (277s total)
  [H3m 49/500] voxel 16269 r#7 done in 55s (279s total)
  [H3m 50/500] voxel 21356 r#0 done in 43s (283s total)
  [H3m 51/500] voxel 21356 r#2 done in 36s (286s total)
  [H3m 52/500] voxel 16269 r#8 done in 57s (290s total)
  [H3m 53/500] voxel 16269 r#9 done in 54s (290s total)
  [H3m 54/500] voxel 21356 r#3 done in 38s (294s total)
  [H3m 55/500] voxel 21356 r#4 done in 38s (297s total)
  [H3m 56/500] voxel 21356 r#6 done in 35s (310s total)
  [H3m 57/500] voxel 21356 r#7 done in 40s (317s total)
  [H3m 58/500] voxel 21356 r#5 done in 54s (323s total)
  [H3m 59/500] voxel 21356 r#8 done in 45s (323s total)
  [H3m 60/500] voxel 21356 r#9 done in 49s (332s total)
  [H3m 61/500] voxel 20406 r#0 done in 57s (343s total)
  [H3m 62/500] voxel 20406 r#4 done in 52s (349s total)
  [H3m 63/500] voxel 20406 r#2 done in 66s (356s total)
  [H3m 64/500] voxel 20406 r#3 done in 66s (361s total)
  [H3m 65/500] voxel 20406 r#1 done in 81s (371s total)
  [H3m 66/500] voxel 20406 r#5 done in 63s (373s total)
  [H3m 67/500] voxel 20406 r#7 done in 52s (375s total)
  [H3m 68/500] voxel 20406 r#6 done in 58s (375s total)
  [H3m 69/500] voxel 20406 r#8 done in 54s (377s total)
  [H3m 70/500] voxel 20206 r#0 done in 54s (397s total)
  [H3m 71/500] voxel 20406 r#9 done in 69s (401s total)
  [H3m 72/500] voxel 20206 r#1 done in 54s (403s total)
  [H3m 73/500] voxel 20206 r#3 done in 47s (408s total)
  [H3m 74/500] voxel 20206 r#2 done in 52s (408s total)
  [H3m 75/500] voxel 20206 r#7 done in 35s (410s total)
  [H3m 76/500] voxel 20206 r#6 done in 47s (422s total)
  [H3m 77/500] voxel 20206 r#5 done in 54s (427s total)
  [H3m 78/500] voxel 20206 r#4 done in 60s (431s total)
  [H3m 79/500] voxel 20206 r#8 done in 62s (439s total)
  [H3m 80/500] voxel 3142 r#3 done in 40s (448s total)
  [H3m 81/500] voxel 3142 r#1 done in 47s (451s total)
  [H3m 82/500] voxel 3142 r#2 done in 44s (452s total)
  [H3m 83/500] voxel 20206 r#9 done in 56s (453s total)
  [H3m 84/500] voxel 3142 r#0 done in 62s (463s total)
  [H3m 85/500] voxel 3142 r#5 done in 56s (478s total)
  [H3m 86/500] voxel 3142 r#4 done in 69s (479s total)
  [H3m 87/500] voxel 3142 r#8 done in 49s (488s total)
  [H3m 88/500] voxel 3142 r#6 done in 63s (490s total)
  [H3m 89/500] voxel 20480 r#1 done in 38s (490s total)
  [H3m 90/500] voxel 20480 r#2 done in 39s (492s total)
  [H3m 91/500] voxel 20480 r#0 done in 45s (496s total)
  [H3m 92/500] voxel 20480 r#3 done in 34s (496s total)
  [H3m 93/500] voxel 3142 r#7 done in 67s (498s total)
  [H3m 94/500] voxel 3142 r#9 done in 56s (504s total)
  [H3m 95/500] voxel 20480 r#5 done in 36s (515s total)
  [H3m 96/500] voxel 2177 r#0 done in 22s (518s total)
  [H3m 97/500] voxel 20480 r#4 done in 48s (527s total)
  [H3m 98/500] voxel 2177 r#1 done in 31s (527s total)
  [H3m 99/500] voxel 20480 r#6 done in 40s (527s total)
  [H3m 100/500] voxel 2177 r#3 done in 24s (528s total)
  [H3m 101/500] voxel 2177 r#2 done in 34s (532s total)
  [H3m 102/500] voxel 2177 r#4 done in 20s (535s total)
  [H3m 103/500] voxel 20480 r#8 done in 45s (535s total)
  [H3m 104/500] voxel 20480 r#7 done in 52s (542s total)
  [H3m 105/500] voxel 20480 r#9 done in 54s (546s total)
  [H3m 106/500] voxel 2177 r#5 done in 31s (549s total)
  [H3m 107/500] voxel 2177 r#8 done in 24s (551s total)
  [H3m 108/500] voxel 2177 r#7 done in 25s (552s total)
  [H3m 109/500] voxel 2177 r#6 done in 27s (554s total)
  [H3m 110/500] voxel 13884 r#2 done in 32s (568s total)
  [H3m 111/500] voxel 2177 r#9 done in 42s (569s total)
  [H3m 112/500] voxel 13884 r#1 done in 43s (578s total)
  [H3m 113/500] voxel 13884 r#3 done in 42s (584s total)
  [H3m 114/500] voxel 13884 r#0 done in 55s (587s total)
  [H3m 115/500] voxel 13884 r#4 done in 42s (588s total)
  [H3m 116/500] voxel 13884 r#8 done in 38s (591s total)
  [H3m 117/500] voxel 13884 r#6 done in 41s (592s total)
  [H3m 118/500] voxel 13884 r#5 done in 47s (596s total)
  [H3m 119/500] voxel 13884 r#7 done in 49s (601s total)
  [H3m 120/500] voxel 13884 r#9 done in 37s (605s total)
  [H3m 121/500] voxel 10531 r#0 done in 43s (612s total)
  [H3m 122/500] voxel 10531 r#3 done in 35s (622s total)
  [H3m 123/500] voxel 10531 r#2 done in 42s (627s total)
  [H3m 124/500] voxel 10531 r#1 done in 49s (627s total)
  [H3m 125/500] voxel 10531 r#4 done in 41s (629s total)
  [H3m 126/500] voxel 10531 r#6 done in 41s (632s total)
  [H3m 127/500] voxel 10531 r#7 done in 38s (634s total)
  [H3m 128/500] voxel 10531 r#5 done in 45s (636s total)
  [H3m 129/500] voxel 10531 r#8 done in 45s (647s total)
  [H3m 130/500] voxel 10531 r#9 done in 48s (653s total)
  [H3m 131/500] voxel 16905 r#0 done in 47s (659s total)
  [H3m 132/500] voxel 16905 r#3 done in 40s (667s total)
  [H3m 133/500] voxel 16905 r#1 done in 49s (671s total)
  [H3m 134/500] voxel 16905 r#4 done in 48s (677s total)
  [H3m 135/500] voxel 16905 r#5 done in 48s (681s total)
  [H3m 136/500] voxel 16905 r#6 done in 47s (681s total)
  [H3m 137/500] voxel 16905 r#2 done in 61s (688s total)
  [H3m 138/500] voxel 16905 r#7 done in 64s (701s total)
  [H3m 139/500] voxel 16905 r#9 done in 47s (701s total)
  [H3m 140/500] voxel 17451 r#0 done in 43s (702s total)
  [H3m 141/500] voxel 16905 r#8 done in 59s (706s total)
  [H3m 142/500] voxel 17451 r#1 done in 47s (714s total)
  [H3m 143/500] voxel 17451 r#2 done in 50s (721s total)
  [H3m 144/500] voxel 17451 r#5 done in 40s (722s total)
  [H3m 145/500] voxel 17451 r#4 done in 45s (726s total)
  [H3m 146/500] voxel 17451 r#3 done in 50s (727s total)
  [H3m 147/500] voxel 17451 r#6 done in 50s (738s total)
  [H3m 148/500] voxel 17451 r#7 done in 47s (748s total)
  [H3m 149/500] voxel 17451 r#9 done in 51s (753s total)
  [H3m 150/500] voxel 17451 r#8 done in 57s (757s total)
  [H3m 151/500] voxel 24550 r#1 done in 48s (762s total)
  [H3m 152/500] voxel 24550 r#4 done in 45s (771s total)
  [H3m 153/500] voxel 24550 r#5 done in 46s (773s total)
  [H3m 154/500] voxel 24550 r#2 done in 56s (777s total)
  [H3m 155/500] voxel 1053 r#0 done in 16s (778s total)
  [H3m 156/500] voxel 24550 r#0 done in 73s (779s total)
  [H3m 157/500] voxel 24550 r#3 done in 58s (779s total)
  [H3m 158/500] voxel 1053 r#3 done in 16s (792s total)
  [H3m 159/500] voxel 1053 r#2 done in 20s (793s total)
  [H3m 160/500] voxel 1053 r#1 done in 24s (795s total)
  [H3m 161/500] voxel 1053 r#4 done in 17s (795s total)
  [H3m 162/500] voxel 1053 r#6 done in 17s (796s total)
  [H3m 163/500] voxel 24550 r#6 done in 60s (798s total)
  [H3m 164/500] voxel 24550 r#8 done in 51s (804s total)
  [H3m 165/500] voxel 1053 r#5 done in 30s (809s total)
  [H3m 166/500] voxel 24550 r#7 done in 69s (818s total)
  [H3m 167/500] voxel 1053 r#7 done in 27s (819s total)
  [H3m 168/500] voxel 1053 r#8 done in 28s (821s total)
  [H3m 169/500] voxel 24550 r#9 done in 66s (823s total)
  [H3m 170/500] voxel 1053 r#9 done in 37s (831s total)
  [H3m 171/500] voxel 14217 r#0 done in 61s (856s total)
  [H3m 172/500] voxel 14217 r#2 done in 70s (867s total)
  [H3m 173/500] voxel 14217 r#3 done in 64s (868s total)
  [H3m 174/500] voxel 14217 r#1 done in 81s (877s total)
  [H3m 175/500] voxel 14217 r#4 done in 73s (882s total)
  [H3m 176/500] voxel 14217 r#7 done in 64s (884s total)
  [H3m 177/500] voxel 14217 r#5 done in 70s (888s total)
  [H3m 178/500] voxel 14217 r#9 done in 61s (892s total)
  [H3m 179/500] voxel 14217 r#6 done in 73s (893s total)
  [H3m 180/500] voxel 14217 r#8 done in 79s (903s total)
  [H3m 181/500] voxel 18541 r#0 done in 47s (903s total)
  [H3m 182/500] voxel 18541 r#1 done in 42s (909s total)
  [H3m 183/500] voxel 18541 r#2 done in 49s (916s total)
  [H3m 184/500] voxel 18541 r#3 done in 44s (921s total)
  [H3m 185/500] voxel 18541 r#6 done in 41s (929s total)
  [H3m 186/500] voxel 18541 r#7 done in 40s (932s total)
  [H3m 187/500] voxel 18541 r#5 done in 51s (935s total)
  [H3m 188/500] voxel 18541 r#4 done in 58s (940s total)
  [H3m 189/500] voxel 18541 r#8 done in 49s (942s total)
  [H3m 190/500] voxel 18541 r#9 done in 42s (945s total)
  [H3m 191/500] voxel 3866 r#0 done in 49s (952s total)
  [H3m 192/500] voxel 3866 r#2 done in 51s (967s total)
  [H3m 193/500] voxel 3866 r#1 done in 65s (975s total)
  [H3m 194/500] voxel 3866 r#3 done in 55s (976s total)
  [H3m 195/500] voxel 3866 r#5 done in 48s (980s total)
  [H3m 196/500] voxel 3866 r#4 done in 60s (989s total)
  [H3m 197/500] voxel 3866 r#7 done in 51s (991s total)
  [H3m 198/500] voxel 3866 r#6 done in 60s (995s total)
  [H3m 199/500] voxel 2489 r#0 done in 45s (997s total)
  [H3m 200/500] voxel 3866 r#8 done in 60s (1002s total)
  [H3m 201/500] voxel 3866 r#9 done in 59s (1004s total)
  [H3m 202/500] voxel 2489 r#1 done in 43s (1010s total)
  [H3m 203/500] voxel 2489 r#4 done in 43s (1023s total)
  [H3m 204/500] voxel 2489 r#3 done in 48s (1024s total)
  [H3m 205/500] voxel 2489 r#2 done in 50s (1025s total)
  [H3m 206/500] voxel 2489 r#6 done in 43s (1034s total)
  [H3m 207/500] voxel 2489 r#5 done in 51s (1039s total)
  [H3m 208/500] voxel 2489 r#7 done in 48s (1043s total)
  [H3m 209/500] voxel 2489 r#8 done in 50s (1047s total)
  [H3m 210/500] voxel 2489 r#9 done in 53s (1055s total)
  [H3m 211/500] voxel 9484 r#0 done in 87s (1090s total)
  [H3m 212/500] voxel 9484 r#1 done in 85s (1095s total)
  [H3m 213/500] voxel 9484 r#3 done in 81s (1105s total)
  [H3m 214/500] voxel 9484 r#4 done in 82s (1107s total)
  [H3m 215/500] voxel 9484 r#2 done in 84s (1108s total)
  [H3m 216/500] voxel 9484 r#5 done in 95s (1130s total)
  [H3m 217/500] voxel 7109 r#0 done in 42s (1133s total)
  [H3m 218/500] voxel 9484 r#8 done in 87s (1134s total)
  [H3m 219/500] voxel 9484 r#9 done in 80s (1135s total)
  [H3m 220/500] voxel 7109 r#1 done in 42s (1137s total)
  [H3m 221/500] voxel 9484 r#7 done in 94s (1137s total)
  [H3m 222/500] voxel 9484 r#6 done in 98s (1137s total)
  [H3m 223/500] voxel 7109 r#3 done in 32s (1139s total)
  [H3m 224/500] voxel 7109 r#4 done in 35s (1142s total)
  [H3m 225/500] voxel 7109 r#2 done in 44s (1150s total)
  [H3m 226/500] voxel 970 r#2 done in 12s (1151s total)
  [H3m 227/500] voxel 970 r#1 done in 18s (1155s total)
  [H3m 228/500] voxel 970 r#0 done in 20s (1157s total)
  [H3m 229/500] voxel 970 r#5 done in 15s (1166s total)
  [H3m 230/500] voxel 970 r#3 done in 26s (1169s total)
  [H3m 231/500] voxel 7109 r#5 done in 41s (1170s total)
  [H3m 232/500] voxel 970 r#4 done in 26s (1176s total)
  [H3m 233/500] voxel 970 r#7 done in 19s (1177s total)
  [H3m 234/500] voxel 7109 r#7 done in 45s (1179s total)
  [H3m 235/500] voxel 7109 r#6 done in 50s (1182s total)
  [H3m 236/500] voxel 970 r#6 done in 27s (1182s total)
  [H3m 237/500] voxel 7109 r#8 done in 50s (1185s total)
  [H3m 238/500] voxel 7109 r#9 done in 54s (1190s total)
  [H3m 239/500] voxel 970 r#8 done in 28s (1195s total)
  [H3m 240/500] voxel 970 r#9 done in 31s (1200s total)
  [H3m 241/500] voxel 19705 r#1 done in 48s (1224s total)
  [H3m 242/500] voxel 19705 r#2 done in 51s (1228s total)
  [H3m 243/500] voxel 19705 r#0 done in 58s (1229s total)
  [H3m 244/500] voxel 19705 r#6 done in 46s (1231s total)
  [H3m 245/500] voxel 19705 r#3 done in 53s (1232s total)
  [H3m 246/500] voxel 19705 r#4 done in 61s (1244s total)
  [H3m 247/500] voxel 19705 r#7 done in 56s (1246s total)
  [H3m 248/500] voxel 19705 r#9 done in 48s (1248s total)
  [H3m 249/500] voxel 19705 r#8 done in 56s (1251s total)
  [H3m 250/500] voxel 19705 r#5 done in 69s (1251s total)
  [H3m 251/500] voxel 9001 r#1 done in 53s (1281s total)
  [H3m 252/500] voxel 9001 r#4 done in 52s (1285s total)
  [H3m 253/500] voxel 9001 r#2 done in 57s (1286s total)
  [H3m 254/500] voxel 9001 r#0 done in 62s (1286s total)
  [H3m 255/500] voxel 9001 r#3 done in 61s (1292s total)
  [H3m 256/500] voxel 9001 r#7 done in 54s (1302s total)
  [H3m 257/500] voxel 9001 r#5 done in 59s (1302s total)
  [H3m 258/500] voxel 9001 r#6 done in 61s (1307s total)
  [H3m 259/500] voxel 9001 r#8 done in 58s (1309s total)
  [H3m 260/500] voxel 9001 r#9 done in 62s (1313s total)
  [H3m 261/500] voxel 13074 r#1 done in 36s (1321s total)
  [H3m 262/500] voxel 13074 r#4 done in 36s (1328s total)
  [H3m 263/500] voxel 13074 r#0 done in 48s (1329s total)
  [H3m 264/500] voxel 13074 r#2 done in 43s (1329s total)
  [H3m 265/500] voxel 13074 r#3 done in 44s (1330s total)
  [H3m 266/500] voxel 13074 r#8 done in 26s (1335s total)
  [H3m 267/500] voxel 13074 r#6 done in 40s (1342s total)
  [H3m 268/500] voxel 13074 r#7 done in 39s (1345s total)
  [H3m 269/500] voxel 13074 r#5 done in 46s (1348s total)
  [H3m 270/500] voxel 13074 r#9 done in 50s (1363s total)
  [H3m 271/500] voxel 12213 r#1 done in 40s (1368s total)
  [H3m 272/500] voxel 12213 r#0 done in 52s (1373s total)
  [H3m 273/500] voxel 12213 r#6 done in 35s (1378s total)
  [H3m 274/500] voxel 12213 r#4 done in 52s (1382s total)
  [H3m 275/500] voxel 12213 r#2 done in 55s (1384s total)
  [H3m 276/500] voxel 12213 r#8 done in 40s (1389s total)
  [H3m 277/500] voxel 12213 r#3 done in 60s (1389s total)
  [H3m 278/500] voxel 12213 r#5 done in 57s (1392s total)
  [H3m 279/500] voxel 12213 r#7 done in 48s (1393s total)
  [H3m 280/500] voxel 14240 r#1 done in 46s (1419s total)
  [H3m 281/500] voxel 14240 r#0 done in 52s (1420s total)
  [H3m 282/500] voxel 12213 r#9 done in 57s (1420s total)
  [H3m 283/500] voxel 14240 r#2 done in 44s (1421s total)
  [H3m 284/500] voxel 14240 r#4 done in 43s (1426s total)
  [H3m 285/500] voxel 14240 r#8 done in 33s (1427s total)
  [H3m 286/500] voxel 14240 r#3 done in 47s (1430s total)
  [H3m 287/500] voxel 14240 r#5 done in 46s (1435s total)
  [H3m 288/500] voxel 14240 r#7 done in 47s (1439s total)
  [H3m 289/500] voxel 14240 r#6 done in 52s (1442s total)
  [H3m 290/500] voxel 14240 r#9 done in 54s (1473s total)
  [H3m 291/500] voxel 121 r#4 done in 78s (1505s total)
  [H3m 292/500] voxel 121 r#2 done in 87s (1509s total)
  [H3m 293/500] voxel 121 r#0 done in 92s (1512s total)
  [H3m 294/500] voxel 121 r#3 done in 87s (1513s total)
  [H3m 295/500] voxel 121 r#6 done in 82s (1517s total)
  [H3m 296/500] voxel 121 r#5 done in 88s (1518s total)
  [H3m 297/500] voxel 121 r#7 done in 80s (1519s total)
  [H3m 298/500] voxel 121 r#1 done in 103s (1523s total)
  [H3m 299/500] voxel 121 r#8 done in 94s (1535s total)
  [H3m 300/500] voxel 13850 r#0 done in 45s (1550s total)
  [H3m 301/500] voxel 13850 r#2 done in 49s (1561s total)
  [H3m 302/500] voxel 121 r#9 done in 88s (1561s total)
  [H3m 303/500] voxel 13850 r#5 done in 44s (1562s total)
  [H3m 304/500] voxel 13850 r#4 done in 46s (1563s total)
  [H3m 305/500] voxel 13850 r#6 done in 45s (1564s total)
  [H3m 306/500] voxel 13850 r#1 done in 58s (1566s total)
  [H3m 307/500] voxel 13850 r#3 done in 58s (1570s total)
  [H3m 308/500] voxel 13850 r#7 done in 52s (1575s total)
  [H3m 309/500] voxel 13850 r#8 done in 58s (1594s total)
  [H3m 310/500] voxel 13850 r#9 done in 46s (1596s total)
  [H3m 311/500] voxel 2347 r#5 done in 75s (1641s total)
  [H3m 312/500] voxel 2347 r#1 done in 81s (1642s total)
  [H3m 313/500] voxel 2347 r#3 done in 79s (1642s total)
  [H3m 314/500] voxel 2347 r#2 done in 82s (1643s total)
  [H3m 315/500] voxel 2347 r#6 done in 77s (1647s total)
  [H3m 316/500] voxel 2347 r#0 done in 88s (1648s total)
  [H3m 317/500] voxel 2347 r#4 done in 88s (1652s total)
  [H3m 318/500] voxel 2347 r#7 done in 81s (1656s total)
  [H3m 319/500] voxel 2347 r#9 done in 80s (1676s total)
  [H3m 320/500] voxel 2347 r#8 done in 89s (1682s total)
  [H3m 321/500] voxel 9150 r#2 done in 52s (1694s total)
  [H3m 322/500] voxel 9150 r#3 done in 56s (1700s total)
  [H3m 323/500] voxel 9150 r#4 done in 57s (1704s total)
  [H3m 324/500] voxel 9150 r#0 done in 65s (1706s total)
  [H3m 325/500] voxel 9150 r#1 done in 66s (1708s total)
  [H3m 326/500] voxel 9150 r#6 done in 56s (1709s total)
  [H3m 327/500] voxel 9150 r#5 done in 62s (1711s total)
  [H3m 328/500] voxel 9150 r#7 done in 66s (1722s total)
  [H3m 329/500] voxel 9150 r#9 done in 49s (1731s total)
  [H3m 330/500] voxel 9150 r#8 done in 57s (1733s total)
  [H3m 331/500] voxel 5384 r#0 done in 45s (1739s total)
  [H3m 332/500] voxel 5384 r#3 done in 42s (1748s total)
  [H3m 333/500] voxel 5384 r#1 done in 56s (1755s total)
  [H3m 334/500] voxel 5384 r#2 done in 53s (1757s total)
  [H3m 335/500] voxel 5384 r#6 done in 48s (1759s total)
  [H3m 336/500] voxel 5384 r#5 done in 58s (1767s total)
  [H3m 337/500] voxel 5384 r#4 done in 62s (1770s total)
  [H3m 338/500] voxel 19089 r#0 done in 47s (1786s total)
  [H3m 339/500] voxel 5384 r#9 done in 53s (1786s total)
  [H3m 340/500] voxel 5384 r#7 done in 68s (1791s total)
  [H3m 341/500] voxel 5384 r#8 done in 64s (1795s total)
  [H3m 342/500] voxel 19089 r#1 done in 47s (1796s total)
  [H3m 343/500] voxel 19089 r#2 done in 44s (1799s total)
  [H3m 344/500] voxel 19089 r#5 done in 37s (1804s total)
  [H3m 345/500] voxel 19089 r#6 done in 36s (1805s total)
  [H3m 346/500] voxel 19089 r#3 done in 49s (1806s total)
  [H3m 347/500] voxel 19089 r#4 done in 52s (1811s total)
  [H3m 348/500] voxel 19089 r#7 done in 52s (1838s total)
  [H3m 349/500] voxel 19089 r#8 done in 54s (1840s total)
  [H3m 350/500] voxel 19089 r#9 done in 50s (1841s total)
  [H3m 351/500] voxel 21741 r#2 done in 50s (1849s total)
  [H3m 352/500] voxel 21741 r#5 done in 48s (1854s total)
  [H3m 353/500] voxel 21741 r#1 done in 59s (1854s total)
  [H3m 354/500] voxel 21741 r#0 done in 60s (1855s total)
  [H3m 355/500] voxel 21741 r#3 done in 52s (1856s total)
  [H3m 356/500] voxel 21741 r#4 done in 56s (1861s total)
  [H3m 357/500] voxel 21741 r#6 done in 53s (1864s total)
  [H3m 358/500] voxel 21741 r#7 done in 53s (1891s total)
  [H3m 359/500] voxel 21741 r#9 done in 51s (1892s total)
  [H3m 360/500] voxel 21741 r#8 done in 57s (1897s total)
  [H3m 361/500] voxel 7723 r#0 done in 55s (1903s total)
  [H3m 362/500] voxel 7723 r#1 done in 56s (1910s total)
  [H3m 363/500] voxel 7723 r#4 done in 57s (1913s total)
  [H3m 364/500] voxel 7723 r#2 done in 60s (1914s total)
  [H3m 365/500] voxel 7723 r#3 done in 71s (1926s total)
  [H3m 366/500] voxel 7723 r#5 done in 67s (1929s total)
  [H3m 367/500] voxel 9421 r#0 done in 40s (1943s total)
  [H3m 368/500] voxel 7723 r#6 done in 81s (1944s total)
  [H3m 369/500] voxel 9421 r#2 done in 33s (1946s total)
  [H3m 370/500] voxel 9421 r#1 done in 44s (1955s total)
  [H3m 371/500] voxel 7723 r#9 done in 61s (1957s total)
  [H3m 372/500] voxel 9421 r#3 done in 45s (1959s total)
  [H3m 373/500] voxel 7723 r#8 done in 69s (1961s total)
  [H3m 374/500] voxel 7723 r#7 done in 71s (1961s total)
  [H3m 375/500] voxel 9421 r#4 done in 44s (1970s total)
  [H3m 376/500] voxel 9421 r#5 done in 44s (1973s total)
  [H3m 377/500] voxel 9421 r#7 done in 37s (1981s total)
  [H3m 378/500] voxel 9421 r#8 done in 40s (1986s total)
  [H3m 379/500] voxel 9421 r#6 done in 44s (1987s total)
  [H3m 380/500] voxel 24474 r#0 done in 38s (1995s total)
  [H3m 381/500] voxel 24474 r#1 done in 38s (1998s total)
  [H3m 382/500] voxel 24474 r#3 done in 38s (1999s total)
  [H3m 383/500] voxel 24474 r#2 done in 43s (2003s total)
  [H3m 384/500] voxel 9421 r#9 done in 51s (2005s total)
  [H3m 385/500] voxel 24474 r#4 done in 45s (2015s total)
  [H3m 386/500] voxel 24474 r#5 done in 45s (2018s total)
  [H3m 387/500] voxel 24474 r#6 done in 45s (2026s total)
  [H3m 388/500] voxel 24474 r#7 done in 42s (2028s total)
  [H3m 389/500] voxel 24474 r#9 done in 39s (2034s total)
  [H3m 390/500] voxel 24474 r#8 done in 48s (2034s total)
  [H3m 391/500] voxel 8383 r#0 done in 45s (2043s total)
  [H3m 392/500] voxel 8383 r#3 done in 46s (2051s total)
  [H3m 393/500] voxel 8383 r#1 done in 55s (2054s total)
  [H3m 394/500] voxel 8383 r#2 done in 53s (2056s total)
  [H3m 395/500] voxel 12695 r#0 done in 16s (2059s total)
  [H3m 396/500] voxel 12695 r#2 done in 17s (2071s total)
  [H3m 397/500] voxel 8383 r#5 done in 54s (2072s total)
  [H3m 398/500] voxel 8383 r#4 done in 62s (2078s total)
  [H3m 399/500] voxel 12695 r#1 done in 27s (2078s total)
  [H3m 400/500] voxel 12695 r#4 done in 23s (2082s total)
  [H3m 401/500] voxel 8383 r#9 done in 48s (2083s total)
  [H3m 402/500] voxel 8383 r#6 done in 61s (2086s total)
  [H3m 403/500] voxel 12695 r#3 done in 30s (2086s total)
  [H3m 404/500] voxel 8383 r#8 done in 55s (2089s total)
  [H3m 405/500] voxel 8383 r#7 done in 63s (2091s total)
  [H3m 406/500] voxel 12695 r#5 done in 21s (2092s total)
  [H3m 407/500] voxel 12695 r#6 done in 21s (2094s total)
  [H3m 408/500] voxel 12695 r#7 done in 23s (2101s total)
  [H3m 409/500] voxel 12695 r#8 done in 31s (2109s total)
  [H3m 410/500] voxel 12695 r#9 done in 37s (2118s total)
  [H3m 411/500] voxel 11143 r#1 done in 59s (2145s total)
  [H3m 412/500] voxel 11143 r#0 done in 68s (2151s total)
  [H3m 413/500] voxel 11143 r#3 done in 66s (2155s total)
  [H3m 414/500] voxel 11143 r#5 done in 63s (2155s total)
  [H3m 415/500] voxel 11143 r#6 done in 67s (2160s total)
  [H3m 416/500] voxel 11143 r#2 done in 77s (2163s total)
  [H3m 417/500] voxel 11143 r#4 done in 82s (2173s total)
  [H3m 418/500] voxel 11143 r#8 done in 68s (2177s total)
  [H3m 419/500] voxel 11143 r#7 done in 81s (2181s total)
  [H3m 420/500] voxel 17771 r#1 done in 38s (2189s total)
  [H3m 421/500] voxel 11143 r#9 done in 72s (2191s total)
  [H3m 422/500] voxel 17771 r#2 done in 39s (2194s total)
  [H3m 423/500] voxel 17771 r#3 done in 47s (2202s total)
  [H3m 424/500] voxel 17771 r#4 done in 47s (2207s total)
  [H3m 425/500] voxel 17771 r#0 done in 64s (2209s total)
  [H3m 426/500] voxel 17771 r#5 done in 54s (2217s total)
  [H3m 427/500] voxel 17771 r#7 done in 45s (2222s total)
  [H3m 428/500] voxel 17771 r#6 done in 49s (2222s total)
  [H3m 429/500] voxel 2943 r#1 done in 31s (2225s total)
  [H3m 430/500] voxel 2943 r#0 done in 38s (2229s total)
  [H3m 431/500] voxel 17771 r#9 done in 44s (2233s total)
  [H3m 432/500] voxel 17771 r#8 done in 55s (2236s total)
  [H3m 433/500] voxel 2943 r#2 done in 45s (2248s total)
  [H3m 434/500] voxel 2943 r#3 done in 52s (2259s total)
  [H3m 435/500] voxel 2943 r#4 done in 51s (2260s total)
  [H3m 436/500] voxel 2943 r#6 done in 45s (2267s total)
  [H3m 437/500] voxel 2943 r#5 done in 53s (2270s total)
  [H3m 438/500] voxel 2943 r#7 done in 48s (2270s total)
  [H3m 439/500] voxel 2943 r#9 done in 47s (2276s total)
  [H3m 440/500] voxel 2943 r#8 done in 52s (2277s total)
  [H3m 441/500] voxel 8787 r#0 done in 45s (2278s total)
  [H3m 442/500] voxel 8787 r#1 done in 48s (2284s total)
  [H3m 443/500] voxel 8787 r#2 done in 51s (2299s total)
  [H3m 444/500] voxel 8787 r#3 done in 43s (2302s total)
  [H3m 445/500] voxel 8787 r#4 done in 42s (2302s total)
  [H3m 446/500] voxel 8787 r#5 done in 45s (2312s total)
  [H3m 447/500] voxel 8787 r#9 done in 40s (2317s total)
  [H3m 448/500] voxel 8787 r#6 done in 48s (2318s total)
  [H3m 449/500] voxel 8787 r#7 done in 50s (2320s total)
  [H3m 450/500] voxel 8787 r#8 done in 47s (2322s total)
  [H3m 451/500] voxel 3424 r#0 done in 72s (2350s total)
  [H3m 452/500] voxel 3424 r#1 done in 66s (2350s total)
  [H3m 453/500] voxel 3424 r#3 done in 54s (2356s total)
  [H3m 454/500] voxel 3424 r#4 done in 65s (2368s total)
  [H3m 455/500] voxel 3424 r#2 done in 69s (2368s total)
  [H3m 456/500] voxel 3424 r#7 done in 63s (2381s total)
  [H3m 457/500] voxel 3424 r#6 done in 65s (2382s total)
  [H3m 458/500] voxel 3424 r#5 done in 72s (2384s total)
  [H3m 459/500] voxel 3424 r#8 done in 67s (2387s total)
  [H3m 460/500] voxel 3424 r#9 done in 69s (2392s total)
  [H3m 461/500] voxel 14578 r#1 done in 58s (2408s total)
  [H3m 462/500] voxel 14578 r#0 done in 59s (2409s total)
  [H3m 463/500] voxel 14578 r#2 done in 68s (2424s total)
  [H3m 464/500] voxel 14578 r#4 done in 59s (2428s total)
  [H3m 465/500] voxel 14578 r#3 done in 70s (2438s total)
  [H3m 466/500] voxel 14578 r#6 done in 58s (2440s total)
  [H3m 467/500] voxel 21750 r#0 done in 35s (2443s total)
  [H3m 468/500] voxel 14578 r#5 done in 62s (2443s total)
  [H3m 469/500] voxel 14578 r#8 done in 61s (2448s total)
  [H3m 470/500] voxel 14578 r#7 done in 64s (2448s total)
  [H3m 471/500] voxel 14578 r#9 done in 63s (2455s total)
  [H3m 472/500] voxel 21750 r#1 done in 47s (2456s total)
  [H3m 473/500] voxel 21750 r#3 done in 38s (2466s total)
  [H3m 474/500] voxel 21750 r#2 done in 45s (2469s total)
  [H3m 475/500] voxel 21750 r#5 done in 41s (2480s total)
  [H3m 476/500] voxel 21750 r#4 done in 45s (2483s total)
  [H3m 477/500] voxel 21750 r#8 done in 36s (2483s total)
  [H3m 478/500] voxel 21750 r#7 done in 43s (2487s total)
  [H3m 479/500] voxel 21750 r#6 done in 44s (2487s total)
  [H3m 480/500] voxel 21750 r#9 done in 48s (2496s total)
  [H3m 481/500] voxel 19118 r#1 done in 45s (2500s total)
  [H3m 482/500] voxel 19118 r#3 done in 47s (2515s total)
  [H3m 483/500] voxel 19118 r#0 done in 67s (2522s total)
  [H3m 484/500] voxel 19118 r#6 done in 40s (2524s total)
  [H3m 485/500] voxel 19118 r#2 done in 61s (2526s total)
  [H3m 486/500] voxel 19118 r#4 done in 50s (2530s total)
  [H3m 487/500] voxel 19118 r#7 done in 55s (2541s total)
  [H3m 488/500] voxel 19118 r#8 done in 55s (2542s total)
  [H3m 489/500] voxel 19118 r#5 done in 59s (2542s total)
  [H3m 490/500] voxel 11774 r#0 done in 49s (2549s total)
  [H3m 491/500] voxel 19118 r#9 done in 63s (2559s total)
  [H3m 492/500] voxel 11774 r#2 done in 44s (2566s total)
  [H3m 493/500] voxel 11774 r#1 done in 53s (2568s total)
  [H3m 494/500] voxel 11774 r#4 done in 43s (2570s total)
  [H3m 495/500] voxel 11774 r#3 done in 47s (2571s total)
  [H3m 496/500] voxel 11774 r#5 done in 47s (2578s total)
  [H3m 497/500] voxel 11774 r#8 done in 41s (2583s total)
  [H3m 498/500] voxel 11774 r#6 done in 43s (2585s total)
  [H3m 499/500] voxel 11774 r#7 done in 50s (2591s total)
  [H3m 500/500] voxel 11774 r#9 done in 47s (2596s total)
Loaded crystal structure from DataFiles/copper.dat: CrystalStructure(Cu, a=3.6100Å, SG=225)
Max Q calculated: 24.7872 Å⁻¹
Loaded crystal structure from DataFiles/copper.dat: CrystalStructure(Cu, a=3.6100Å, SG=225)
Max Q calculated: 24.7872 Å⁻¹
Loaded crystal structure from DataFiles/copper.dat: CrystalStructure(Cu, a=3.6100Å, SG=225)
Max Q calculated: 24.7872 Å⁻¹
Loaded crystal structure from DataFiles/copper.dat: CrystalStructure(Cu, a=3.6100Å, SG=225)
Max Q calculated: 24.7872 Å⁻¹
Loaded crystal structure from DataFiles/copper.dat: CrystalStructure(Cu, a=3.6100Å, SG=225)
Max Q calculated: 24.7872 Å⁻¹
Loaded crystal structure from DataFiles/copper.dat: CrystalStructure(Cu, a=3.6100Å, SG=225)
Max Q calculated: 24.7872 Å⁻¹
Loaded crystal structure from DataFiles/copper.dat: CrystalStructure(Cu, a=3.6100Å, SG=225)
Max Q calculated: 24.7872 Å⁻¹
Loaded crystal structure from DataFiles/copper.dat: CrystalStructure(Cu, a=3.6100Å, SG=225)
Max Q calculated: 24.7872 Å⁻¹
Loaded crystal structure from DataFiles/copper.dat: CrystalStructure(Cu, a=3.6100Å, SG=225)
Max Q calculated: 24.7872 Å⁻¹
Loaded crystal structure from DataFiles/copper.dat: CrystalStructure(Cu, a=3.6100Å, SG=225)
Max Q calculated: 24.7872 Å⁻¹
H3m finished; wall 2596s
saved /Users/sfli/Research/IceNine/icenine_py/benchmarks/nn_hybrid/H3m_realistic_s0_raw.npz
HG/realistic_s0: 200 tasks (0 cached), 10 workers
/Users/sfli/Research/IceNine/icenine_py/icenine/experiment_setup.py:293: UserWarning: Step size file reading not yet implemented: ConfigFiles/Optimization.2Det
  self.optimization_info = self._read_step_size_file(
/Users/sfli/Research/IceNine/icenine_py/icenine/experiment_setup.py:298: UserWarning: Step size file reading not yet implemented: ConfigFiles/Sensitivity.2Det
  self.detection_sensitivity = self._read_step_size_file(
/Users/sfli/Research/IceNine/icenine_py/icenine/experiment_setup.py:303: UserWarning: Step size file reading not yet implemented: ConfigFiles/Constrain.2L
  self.optimization_constrains = self._read_step_size_file(
/Users/sfli/Research/IceNine/icenine_py/icenine/experiment_setup.py:293: UserWarning: Step size file reading not yet implemented: ConfigFiles/Optimization.2Det
  self.optimization_info = self._read_step_size_file(
/Users/sfli/Research/IceNine/icenine_py/icenine/experiment_setup.py:298: UserWarning: Step size file reading not yet implemented: ConfigFiles/Sensitivity.2Det
  self.detection_sensitivity = self._read_step_size_file(
/Users/sfli/Research/IceNine/icenine_py/icenine/experiment_setup.py:303: UserWarning: Step size file reading not yet implemented: ConfigFiles/Constrain.2L
  self.optimization_constrains = self._read_step_size_file(
/Users/sfli/Research/IceNine/icenine_py/icenine/experiment_setup.py:502: UserWarning: Gimbal lock detected. Setting third angle to zero since it is not possible to uniquely determine all angles.
  sample.rotate(
/Users/sfli/Research/IceNine/icenine_py/icenine/experiment_setup.py:502: UserWarning: Gimbal lock detected. Setting third angle to zero since it is not possible to uniquely determine all angles.
  sample.rotate(
/Users/sfli/Research/IceNine/icenine_py/icenine/experiment_setup.py:293: UserWarning: Step size file reading not yet implemented: ConfigFiles/Optimization.2Det
  self.optimization_info = self._read_step_size_file(
/Users/sfli/Research/IceNine/icenine_py/icenine/experiment_setup.py:298: UserWarning: Step size file reading not yet implemented: ConfigFiles/Sensitivity.2Det
  self.detection_sensitivity = self._read_step_size_file(
/Users/sfli/Research/IceNine/icenine_py/icenine/experiment_setup.py:303: UserWarning: Step size file reading not yet implemented: ConfigFiles/Constrain.2L
  self.optimization_constrains = self._read_step_size_file(
/Users/sfli/Research/IceNine/icenine_py/icenine/experiment_setup.py:502: UserWarning: Gimbal lock detected. Setting third angle to zero since it is not possible to uniquely determine all angles.
  sample.rotate(
/Users/sfli/Research/IceNine/icenine_py/icenine/experiment_setup.py:293: UserWarning: Step size file reading not yet implemented: ConfigFiles/Optimization.2Det
  self.optimization_info = self._read_step_size_file(
/Users/sfli/Research/IceNine/icenine_py/icenine/experiment_setup.py:298: UserWarning: Step size file reading not yet implemented: ConfigFiles/Sensitivity.2Det
  self.detection_sensitivity = self._read_step_size_file(
/Users/sfli/Research/IceNine/icenine_py/icenine/experiment_setup.py:303: UserWarning: Step size file reading not yet implemented: ConfigFiles/Constrain.2L
  self.optimization_constrains = self._read_step_size_file(
/Users/sfli/Research/IceNine/icenine_py/icenine/experiment_setup.py:502: UserWarning: Gimbal lock detected. Setting third angle to zero since it is not possible to uniquely determine all angles.
  sample.rotate(
/Users/sfli/Research/IceNine/icenine_py/icenine/experiment_setup.py:293: UserWarning: Step size file reading not yet implemented: ConfigFiles/Optimization.2Det
  self.optimization_info = self._read_step_size_file(
/Users/sfli/Research/IceNine/icenine_py/icenine/experiment_setup.py:298: UserWarning: Step size file reading not yet implemented: ConfigFiles/Sensitivity.2Det
  self.detection_sensitivity = self._read_step_size_file(
/Users/sfli/Research/IceNine/icenine_py/icenine/experiment_setup.py:303: UserWarning: Step size file reading not yet implemented: ConfigFiles/Constrain.2L
  self.optimization_constrains = self._read_step_size_file(
/Users/sfli/Research/IceNine/icenine_py/icenine/experiment_setup.py:502: UserWarning: Gimbal lock detected. Setting third angle to zero since it is not possible to uniquely determine all angles.
  sample.rotate(
/Users/sfli/Research/IceNine/icenine_py/icenine/experiment_setup.py:293: UserWarning: Step size file reading not yet implemented: ConfigFiles/Optimization.2Det
  self.optimization_info = self._read_step_size_file(
/Users/sfli/Research/IceNine/icenine_py/icenine/experiment_setup.py:298: UserWarning: Step size file reading not yet implemented: ConfigFiles/Sensitivity.2Det
  self.detection_sensitivity = self._read_step_size_file(
/Users/sfli/Research/IceNine/icenine_py/icenine/experiment_setup.py:303: UserWarning: Step size file reading not yet implemented: ConfigFiles/Constrain.2L
  self.optimization_constrains = self._read_step_size_file(
/Users/sfli/Research/IceNine/icenine_py/icenine/experiment_setup.py:502: UserWarning: Gimbal lock detected. Setting third angle to zero since it is not possible to uniquely determine all angles.
  sample.rotate(
/Users/sfli/Research/IceNine/icenine_py/icenine/experiment_setup.py:293: UserWarning: Step size file reading not yet implemented: ConfigFiles/Optimization.2Det
  self.optimization_info = self._read_step_size_file(
/Users/sfli/Research/IceNine/icenine_py/icenine/experiment_setup.py:298: UserWarning: Step size file reading not yet implemented: ConfigFiles/Sensitivity.2Det
  self.detection_sensitivity = self._read_step_size_file(
/Users/sfli/Research/IceNine/icenine_py/icenine/experiment_setup.py:303: UserWarning: Step size file reading not yet implemented: ConfigFiles/Constrain.2L
  self.optimization_constrains = self._read_step_size_file(
/Users/sfli/Research/IceNine/icenine_py/icenine/experiment_setup.py:502: UserWarning: Gimbal lock detected. Setting third angle to zero since it is not possible to uniquely determine all angles.
  sample.rotate(
/Users/sfli/Research/IceNine/icenine_py/icenine/experiment_setup.py:293: UserWarning: Step size file reading not yet implemented: ConfigFiles/Optimization.2Det
  self.optimization_info = self._read_step_size_file(
/Users/sfli/Research/IceNine/icenine_py/icenine/experiment_setup.py:298: UserWarning: Step size file reading not yet implemented: ConfigFiles/Sensitivity.2Det
  self.detection_sensitivity = self._read_step_size_file(
/Users/sfli/Research/IceNine/icenine_py/icenine/experiment_setup.py:303: UserWarning: Step size file reading not yet implemented: ConfigFiles/Constrain.2L
  self.optimization_constrains = self._read_step_size_file(
/Users/sfli/Research/IceNine/icenine_py/icenine/experiment_setup.py:502: UserWarning: Gimbal lock detected. Setting third angle to zero since it is not possible to uniquely determine all angles.
  sample.rotate(
/Users/sfli/Research/IceNine/icenine_py/icenine/experiment_setup.py:293: UserWarning: Step size file reading not yet implemented: ConfigFiles/Optimization.2Det
  self.optimization_info = self._read_step_size_file(
/Users/sfli/Research/IceNine/icenine_py/icenine/experiment_setup.py:298: UserWarning: Step size file reading not yet implemented: ConfigFiles/Sensitivity.2Det
  self.detection_sensitivity = self._read_step_size_file(
/Users/sfli/Research/IceNine/icenine_py/icenine/experiment_setup.py:303: UserWarning: Step size file reading not yet implemented: ConfigFiles/Constrain.2L
  self.optimization_constrains = self._read_step_size_file(
/Users/sfli/Research/IceNine/icenine_py/icenine/experiment_setup.py:502: UserWarning: Gimbal lock detected. Setting third angle to zero since it is not possible to uniquely determine all angles.
  sample.rotate(
/Users/sfli/Research/IceNine/icenine_py/icenine/experiment_setup.py:293: UserWarning: Step size file reading not yet implemented: ConfigFiles/Optimization.2Det
  self.optimization_info = self._read_step_size_file(
/Users/sfli/Research/IceNine/icenine_py/icenine/experiment_setup.py:298: UserWarning: Step size file reading not yet implemented: ConfigFiles/Sensitivity.2Det
  self.detection_sensitivity = self._read_step_size_file(
/Users/sfli/Research/IceNine/icenine_py/icenine/experiment_setup.py:303: UserWarning: Step size file reading not yet implemented: ConfigFiles/Constrain.2L
  self.optimization_constrains = self._read_step_size_file(
/Users/sfli/Research/IceNine/icenine_py/icenine/experiment_setup.py:502: UserWarning: Gimbal lock detected. Setting third angle to zero since it is not possible to uniquely determine all angles.
  sample.rotate(
  [HG 1/200] voxel 7336 r#9 done in 70s (72s total)
  [HG 2/200] voxel 2910 r#7 done in 96s (98s total)
  [HG 3/200] voxel 7336 r#6 done in 99s (101s total)
  [HG 4/200] voxel 3108 r#7 done in 101s (103s total)
  [HG 5/200] voxel 7336 r#7 done in 103s (105s total)
  [HG 6/200] voxel 7336 r#8 done in 105s (108s total)
  [HG 7/200] voxel 2910 r#6 done in 107s (110s total)
  [HG 8/200] voxel 3108 r#8 done in 109s (111s total)
  [HG 9/200] voxel 3108 r#6 done in 110s (112s total)
  [HG 10/200] voxel 3108 r#9 done in 118s (121s total)
  [HG 11/200] voxel 16269 r#6 done in 60s (170s total)
  [HG 12/200] voxel 2910 r#8 done in 101s (173s total)
  [HG 13/200] voxel 16269 r#7 done in 66s (177s total)
  [HG 14/200] voxel 16269 r#8 done in 66s (178s total)
  [HG 15/200] voxel 16269 r#9 done in 64s (185s total)
  [HG 16/200] voxel 16182 r#9 done in 92s (200s total)
  [HG 17/200] voxel 16182 r#7 done in 97s (200s total)
  [HG 18/200] voxel 16182 r#6 done in 102s (204s total)
  [HG 19/200] voxel 16182 r#8 done in 110s (215s total)
  [HG 20/200] voxel 2910 r#9 done in 118s (216s total)
  [HG 21/200] voxel 20406 r#6 done in 84s (269s total)
  [HG 22/200] voxel 21356 r#6 done in 99s (269s total)
  [HG 23/200] voxel 21356 r#7 done in 98s (271s total)
  [HG 24/200] voxel 21356 r#9 done in 101s (279s total)
  [HG 25/200] voxel 21356 r#8 done in 104s (281s total)
  [HG 26/200] voxel 20406 r#8 done in 81s (282s total)
  [HG 27/200] voxel 20406 r#7 done in 84s (284s total)
  [HG 28/200] voxel 20406 r#9 done in 94s (297s total)
  [HG 29/200] voxel 20206 r#6 done in 84s (299s total)
  [HG 30/200] voxel 20206 r#7 done in 83s (300s total)
  [HG 31/200] voxel 3142 r#6 done in 77s (348s total)
  [HG 32/200] voxel 3142 r#8 done in 75s (356s total)
  [HG 33/200] voxel 3142 r#7 done in 79s (359s total)
  [HG 34/200] voxel 20480 r#6 done in 76s (360s total)
  [HG 35/200] voxel 3142 r#9 done in 79s (361s total)
  [HG 36/200] voxel 20206 r#9 done in 100s (369s total)
  [HG 37/200] voxel 20206 r#8 done in 101s (370s total)
  [HG 38/200] voxel 20480 r#9 done in 77s (377s total)
  [HG 39/200] voxel 20480 r#7 done in 80s (377s total)
  [HG 40/200] voxel 20480 r#8 done in 82s (381s total)
  [HG 41/200] voxel 2177 r#6 done in 73s (422s total)
  [HG 42/200] voxel 2177 r#7 done in 69s (425s total)
  [HG 43/200] voxel 2177 r#8 done in 75s (434s total)
  [HG 44/200] voxel 2177 r#9 done in 74s (434s total)
  [HG 45/200] voxel 13884 r#6 done in 85s (446s total)
  [HG 46/200] voxel 13884 r#7 done in 81s (450s total)
  [HG 47/200] voxel 13884 r#9 done in 89s (465s total)
  [HG 48/200] voxel 13884 r#8 done in 97s (466s total)
  [HG 49/200] voxel 10531 r#6 done in 97s (475s total)
  [HG 50/200] voxel 10531 r#7 done in 113s (494s total)
  [HG 51/200] voxel 16905 r#6 done in 91s (525s total)
  [HG 52/200] voxel 10531 r#8 done in 110s (532s total)
  [HG 53/200] voxel 16905 r#7 done in 104s (539s total)
  [HG 54/200] voxel 16905 r#8 done in 100s (546s total)
  [HG 55/200] voxel 10531 r#9 done in 122s (547s total)
  [HG 56/200] voxel 16905 r#9 done in 109s (558s total)
  [HG 57/200] voxel 17451 r#6 done in 94s (559s total)
  [HG 58/200] voxel 17451 r#7 done in 104s (570s total)
  [HG 59/200] voxel 17451 r#8 done in 98s (572s total)
  [HG 60/200] voxel 17451 r#9 done in 104s (598s total)
  [HG 61/200] voxel 24550 r#6 done in 93s (618s total)
  [HG 62/200] voxel 24550 r#7 done in 98s (630s total)
  [HG 63/200] voxel 1053 r#6 done in 90s (636s total)
  [HG 64/200] voxel 24550 r#8 done in 104s (642s total)
  [HG 65/200] voxel 1053 r#7 done in 90s (649s total)
  [HG 66/200] voxel 1053 r#8 done in 95s (655s total)
  [HG 67/200] voxel 14217 r#6 done in 88s (661s total)
  [HG 68/200] voxel 1053 r#9 done in 99s (670s total)
  [HG 69/200] voxel 24550 r#9 done in 129s (675s total)
  [HG 70/200] voxel 14217 r#7 done in 88s (686s total)
  [HG 71/200] voxel 18541 r#6 done in 80s (716s total)
  [HG 72/200] voxel 18541 r#8 done in 73s (722s total)
  [HG 73/200] voxel 18541 r#7 done in 80s (722s total)
  [HG 74/200] voxel 14217 r#9 done in 94s (723s total)
  [HG 75/200] voxel 14217 r#8 done in 106s (724s total)
  [HG 76/200] voxel 18541 r#9 done in 82s (737s total)
  [HG 77/200] voxel 3866 r#6 done in 98s (759s total)
  [HG 78/200] voxel 3866 r#7 done in 107s (776s total)
  [HG 79/200] voxel 3866 r#8 done in 110s (785s total)
  [HG 80/200] voxel 3866 r#9 done in 125s (811s total)
  [HG 81/200] voxel 9484 r#6 done in 94s (817s total)
  [HG 82/200] voxel 2489 r#6 done in 101s (818s total)
  [HG 83/200] voxel 2489 r#8 done in 101s (823s total)
  [HG 84/200] voxel 2489 r#7 done in 102s (823s total)
  [HG 85/200] voxel 2489 r#9 done in 106s (829s total)
  [HG 86/200] voxel 9484 r#7 done in 95s (832s total)
  [HG 87/200] voxel 9484 r#8 done in 94s (853s total)
  [HG 88/200] voxel 9484 r#9 done in 100s (877s total)
  [HG 89/200] voxel 7109 r#6 done in 93s (878s total)
  [HG 90/200] voxel 970 r#6 done in 78s (901s total)
  [HG 91/200] voxel 970 r#7 done in 79s (903s total)
  [HG 92/200] voxel 970 r#8 done in 81s (910s total)
  [HG 93/200] voxel 970 r#9 done in 81s (913s total)
  [HG 94/200] voxel 7109 r#7 done in 109s (920s total)
  [HG 95/200] voxel 7109 r#8 done in 113s (931s total)
  [HG 96/200] voxel 7109 r#9 done in 117s (935s total)
  [HG 97/200] voxel 19705 r#6 done in 96s (949s total)
  [HG 98/200] voxel 19705 r#7 done in 111s (988s total)
  [HG 99/200] voxel 19705 r#8 done in 121s (999s total)
  [HG 100/200] voxel 9001 r#6 done in 99s (1001s total)
  [HG 101/200] voxel 19705 r#9 done in 100s (1001s total)
  [HG 102/200] voxel 13074 r#7 done in 76s (1010s total)
  [HG 103/200] voxel 13074 r#6 done in 83s (1014s total)
  [HG 104/200] voxel 9001 r#7 done in 115s (1025s total)
  [HG 105/200] voxel 13074 r#8 done in 81s (1030s total)
  [HG 106/200] voxel 9001 r#8 done in 119s (1031s total)
  [HG 107/200] voxel 9001 r#9 done in 119s (1038s total)
  [HG 108/200] voxel 13074 r#9 done in 83s (1071s total)
  [HG 109/200] voxel 12213 r#6 done in 104s (1102s total)
  [HG 110/200] voxel 12213 r#7 done in 111s (1112s total)
  [HG 111/200] voxel 14240 r#6 done in 103s (1116s total)
  [HG 112/200] voxel 12213 r#8 done in 116s (1118s total)
  [HG 113/200] voxel 12213 r#9 done in 112s (1122s total)
  [HG 114/200] voxel 14240 r#7 done in 99s (1124s total)
  [HG 115/200] voxel 14240 r#8 done in 110s (1139s total)
  [HG 116/200] voxel 121 r#6 done in 105s (1143s total)
  [HG 117/200] voxel 14240 r#9 done in 118s (1149s total)
  [HG 118/200] voxel 121 r#7 done in 110s (1182s total)
  [HG 119/200] voxel 13850 r#6 done in 77s (1193s total)
  [HG 120/200] voxel 13850 r#7 done in 83s (1200s total)
  [HG 121/200] voxel 121 r#8 done in 102s (1204s total)
  [HG 122/200] voxel 13850 r#8 done in 91s (1214s total)
  [HG 123/200] voxel 13850 r#9 done in 91s (1215s total)
  [HG 124/200] voxel 2347 r#6 done in 90s (1230s total)
  [HG 125/200] voxel 2347 r#7 done in 98s (1241s total)
  [HG 126/200] voxel 121 r#9 done in 133s (1245s total)
  [HG 127/200] voxel 2347 r#8 done in 108s (1258s total)
  [HG 128/200] voxel 9150 r#6 done in 76s (1269s total)
  [HG 129/200] voxel 9150 r#7 done in 76s (1276s total)
  [HG 130/200] voxel 9150 r#8 done in 80s (1284s total)
  [HG 131/200] voxel 9150 r#9 done in 76s (1290s total)
  [HG 132/200] voxel 2347 r#9 done in 108s (1290s total)
  [HG 133/200] voxel 5384 r#6 done in 93s (1308s total)
  [HG 134/200] voxel 5384 r#7 done in 90s (1320s total)
  [HG 135/200] voxel 5384 r#8 done in 96s (1337s total)
  [HG 136/200] voxel 5384 r#9 done in 92s (1337s total)
  [HG 137/200] voxel 19089 r#6 done in 106s (1364s total)
  [HG 138/200] voxel 19089 r#8 done in 94s (1370s total)
  [HG 139/200] voxel 19089 r#7 done in 102s (1371s total)
  [HG 140/200] voxel 21741 r#6 done in 93s (1382s total)
  [HG 141/200] voxel 21741 r#7 done in 101s (1390s total)
  [HG 142/200] voxel 19089 r#9 done in 107s (1391s total)
  [HG 143/200] voxel 21741 r#8 done in 97s (1405s total)
  [HG 144/200] voxel 21741 r#9 done in 102s (1422s total)
  [HG 145/200] voxel 7723 r#6 done in 88s (1424s total)
  [HG 146/200] voxel 7723 r#7 done in 90s (1426s total)
  [HG 147/200] voxel 7723 r#8 done in 90s (1454s total)
  [HG 148/200] voxel 7723 r#9 done in 90s (1461s total)
  [HG 149/200] voxel 9421 r#6 done in 93s (1463s total)
  [HG 150/200] voxel 9421 r#7 done in 88s (1470s total)
  [HG 151/200] voxel 9421 r#9 done in 90s (1481s total)
  [HG 152/200] voxel 9421 r#8 done in 98s (1489s total)
  [HG 153/200] voxel 24474 r#6 done in 90s (1494s total)
  [HG 154/200] voxel 24474 r#8 done in 100s (1525s total)
  [HG 155/200] voxel 24474 r#7 done in 105s (1527s total)
  [HG 156/200] voxel 8383 r#6 done in 83s (1537s total)
  [HG 157/200] voxel 8383 r#7 done in 79s (1540s total)
  [HG 158/200] voxel 8383 r#8 done in 85s (1548s total)
  [HG 159/200] voxel 24474 r#9 done in 128s (1554s total)
  [HG 160/200] voxel 8383 r#9 done in 85s (1555s total)
  [HG 161/200] voxel 12695 r#6 done in 86s (1566s total)
  [HG 162/200] voxel 12695 r#7 done in 92s (1580s total)
  [HG 163/200] voxel 12695 r#8 done in 89s (1583s total)
  [HG 164/200] voxel 12695 r#9 done in 97s (1622s total)
  [HG 165/200] voxel 11143 r#6 done in 97s (1624s total)
  [HG 166/200] voxel 11143 r#7 done in 105s (1642s total)
  [HG 167/200] voxel 17771 r#7 done in 92s (1647s total)
  [HG 168/200] voxel 11143 r#8 done in 109s (1649s total)
  [HG 169/200] voxel 17771 r#6 done in 96s (1651s total)
  [HG 170/200] voxel 11143 r#9 done in 108s (1656s total)
  [HG 171/200] voxel 17771 r#8 done in 91s (1657s total)
  [HG 172/200] voxel 17771 r#9 done in 93s (1674s total)
  [HG 173/200] voxel 2943 r#6 done in 105s (1688s total)
  [HG 174/200] voxel 2943 r#7 done in 102s (1723s total)
  [HG 175/200] voxel 2943 r#8 done in 106s (1731s total)
  [HG 176/200] voxel 8787 r#8 done in 87s (1738s total)
  [HG 177/200] voxel 3424 r#6 done in 81s (1738s total)
  [HG 178/200] voxel 8787 r#6 done in 92s (1739s total)
  [HG 179/200] voxel 8787 r#7 done in 92s (1741s total)
  [HG 180/200] voxel 2943 r#9 done in 104s (1746s total)
  [HG 181/200] voxel 8787 r#9 done in 93s (1749s total)
  [HG 182/200] voxel 3424 r#7 done in 82s (1756s total)
  [HG 183/200] voxel 3424 r#8 done in 83s (1771s total)
  [HG 184/200] voxel 3424 r#9 done in 87s (1810s total)
  [HG 185/200] voxel 14578 r#6 done in 93s (1824s total)
  [HG 186/200] voxel 14578 r#7 done in 87s (1825s total)
  [HG 187/200] voxel 14578 r#8 done in 89s (1827s total)
  [HG 188/200] voxel 14578 r#9 done in 97s (1836s total)
  [HG 189/200] voxel 21750 r#7 done in 95s (1841s total)
  [HG 190/200] voxel 19118 r#6 done in 71s (1843s total)
  [HG 191/200] voxel 21750 r#6 done in 102s (1843s total)
  [HG 192/200] voxel 21750 r#8 done in 105s (1854s total)
  [HG 193/200] voxel 21750 r#9 done in 105s (1861s total)
  [HG 194/200] voxel 19118 r#7 done in 71s (1881s total)
  [HG 195/200] voxel 19118 r#9 done in 68s (1894s total)
  [HG 196/200] voxel 19118 r#8 done in 70s (1894s total)
  [HG 197/200] voxel 11774 r#6 done in 69s (1897s total)
  [HG 198/200] voxel 11774 r#7 done in 66s (1903s total)
  [HG 199/200] voxel 11774 r#8 done in 64s (1905s total)
  [HG 200/200] voxel 11774 r#9 done in 67s (1910s total)
Loaded crystal structure from DataFiles/copper.dat: CrystalStructure(Cu, a=3.6100Å, SG=225)
Max Q calculated: 24.7872 Å⁻¹
Loaded crystal structure from DataFiles/copper.dat: CrystalStructure(Cu, a=3.6100Å, SG=225)
Max Q calculated: 24.7872 Å⁻¹
Loaded crystal structure from DataFiles/copper.dat: CrystalStructure(Cu, a=3.6100Å, SG=225)
Max Q calculated: 24.7872 Å⁻¹
Loaded crystal structure from DataFiles/copper.dat: CrystalStructure(Cu, a=3.6100Å, SG=225)
Max Q calculated: 24.7872 Å⁻¹
Loaded crystal structure from DataFiles/copper.dat: CrystalStructure(Cu, a=3.6100Å, SG=225)
Max Q calculated: 24.7872 Å⁻¹
Loaded crystal structure from DataFiles/copper.dat: CrystalStructure(Cu, a=3.6100Å, SG=225)
Max Q calculated: 24.7872 Å⁻¹
Loaded crystal structure from DataFiles/copper.dat: CrystalStructure(Cu, a=3.6100Å, SG=225)
Max Q calculated: 24.7872 Å⁻¹
Loaded crystal structure from DataFiles/copper.dat: CrystalStructure(Cu, a=3.6100Å, SG=225)
Max Q calculated: 24.7872 Å⁻¹
Loaded crystal structure from DataFiles/copper.dat: CrystalStructure(Cu, a=3.6100Å, SG=225)
Max Q calculated: 24.7872 Å⁻¹
Loaded crystal structure from DataFiles/copper.dat: CrystalStructure(Cu, a=3.6100Å, SG=225)
Max Q calculated: 24.7872 Å⁻¹
HG finished; wall 1910s
saved /Users/sfli/Research/IceNine/icenine_py/benchmarks/nn_hybrid/HG_realistic_s0_raw.npz
H3/realistic_s1: 500 tasks (0 cached), 10 workers
/Users/sfli/Research/IceNine/icenine_py/icenine/experiment_setup.py:293: UserWarning: Step size file reading not yet implemented: ConfigFiles/Optimization.2Det
  self.optimization_info = self._read_step_size_file(
/Users/sfli/Research/IceNine/icenine_py/icenine/experiment_setup.py:298: UserWarning: Step size file reading not yet implemented: ConfigFiles/Sensitivity.2Det
  self.detection_sensitivity = self._read_step_size_file(
/Users/sfli/Research/IceNine/icenine_py/icenine/experiment_setup.py:303: UserWarning: Step size file reading not yet implemented: ConfigFiles/Constrain.2L
  self.optimization_constrains = self._read_step_size_file(
/Users/sfli/Research/IceNine/icenine_py/icenine/experiment_setup.py:502: UserWarning: Gimbal lock detected. Setting third angle to zero since it is not possible to uniquely determine all angles.
  sample.rotate(
/Users/sfli/Research/IceNine/icenine_py/icenine/experiment_setup.py:293: UserWarning: Step size file reading not yet implemented: ConfigFiles/Optimization.2Det
  self.optimization_info = self._read_step_size_file(
/Users/sfli/Research/IceNine/icenine_py/icenine/experiment_setup.py:298: UserWarning: Step size file reading not yet implemented: ConfigFiles/Sensitivity.2Det
  self.detection_sensitivity = self._read_step_size_file(
/Users/sfli/Research/IceNine/icenine_py/icenine/experiment_setup.py:303: UserWarning: Step size file reading not yet implemented: ConfigFiles/Constrain.2L
  self.optimization_constrains = self._read_step_size_file(
/Users/sfli/Research/IceNine/icenine_py/icenine/experiment_setup.py:502: UserWarning: Gimbal lock detected. Setting third angle to zero since it is not possible to uniquely determine all angles.
  sample.rotate(
/Users/sfli/Research/IceNine/icenine_py/icenine/experiment_setup.py:293: UserWarning: Step size file reading not yet implemented: ConfigFiles/Optimization.2Det
  self.optimization_info = self._read_step_size_file(
/Users/sfli/Research/IceNine/icenine_py/icenine/experiment_setup.py:298: UserWarning: Step size file reading not yet implemented: ConfigFiles/Sensitivity.2Det
  self.detection_sensitivity = self._read_step_size_file(
/Users/sfli/Research/IceNine/icenine_py/icenine/experiment_setup.py:303: UserWarning: Step size file reading not yet implemented: ConfigFiles/Constrain.2L
  self.optimization_constrains = self._read_step_size_file(
/Users/sfli/Research/IceNine/icenine_py/icenine/experiment_setup.py:502: UserWarning: Gimbal lock detected. Setting third angle to zero since it is not possible to uniquely determine all angles.
  sample.rotate(
/Users/sfli/Research/IceNine/icenine_py/icenine/experiment_setup.py:293: UserWarning: Step size file reading not yet implemented: ConfigFiles/Optimization.2Det
  self.optimization_info = self._read_step_size_file(
/Users/sfli/Research/IceNine/icenine_py/icenine/experiment_setup.py:298: UserWarning: Step size file reading not yet implemented: ConfigFiles/Sensitivity.2Det
  self.detection_sensitivity = self._read_step_size_file(
/Users/sfli/Research/IceNine/icenine_py/icenine/experiment_setup.py:303: UserWarning: Step size file reading not yet implemented: ConfigFiles/Constrain.2L
  self.optimization_constrains = self._read_step_size_file(
/Users/sfli/Research/IceNine/icenine_py/icenine/experiment_setup.py:502: UserWarning: Gimbal lock detected. Setting third angle to zero since it is not possible to uniquely determine all angles.
  sample.rotate(
/Users/sfli/Research/IceNine/icenine_py/icenine/experiment_setup.py:293: UserWarning: Step size file reading not yet implemented: ConfigFiles/Optimization.2Det
  self.optimization_info = self._read_step_size_file(
/Users/sfli/Research/IceNine/icenine_py/icenine/experiment_setup.py:298: UserWarning: Step size file reading not yet implemented: ConfigFiles/Sensitivity.2Det
  self.detection_sensitivity = self._read_step_size_file(
/Users/sfli/Research/IceNine/icenine_py/icenine/experiment_setup.py:303: UserWarning: Step size file reading not yet implemented: ConfigFiles/Constrain.2L
  self.optimization_constrains = self._read_step_size_file(
/Users/sfli/Research/IceNine/icenine_py/icenine/experiment_setup.py:502: UserWarning: Gimbal lock detected. Setting third angle to zero since it is not possible to uniquely determine all angles.
  sample.rotate(
/Users/sfli/Research/IceNine/icenine_py/icenine/experiment_setup.py:293: UserWarning: Step size file reading not yet implemented: ConfigFiles/Optimization.2Det
  self.optimization_info = self._read_step_size_file(
/Users/sfli/Research/IceNine/icenine_py/icenine/experiment_setup.py:298: UserWarning: Step size file reading not yet implemented: ConfigFiles/Sensitivity.2Det
  self.detection_sensitivity = self._read_step_size_file(
/Users/sfli/Research/IceNine/icenine_py/icenine/experiment_setup.py:303: UserWarning: Step size file reading not yet implemented: ConfigFiles/Constrain.2L
  self.optimization_constrains = self._read_step_size_file(
/Users/sfli/Research/IceNine/icenine_py/icenine/experiment_setup.py:502: UserWarning: Gimbal lock detected. Setting third angle to zero since it is not possible to uniquely determine all angles.
  sample.rotate(
/Users/sfli/Research/IceNine/icenine_py/icenine/experiment_setup.py:293: UserWarning: Step size file reading not yet implemented: ConfigFiles/Optimization.2Det
  self.optimization_info = self._read_step_size_file(
/Users/sfli/Research/IceNine/icenine_py/icenine/experiment_setup.py:298: UserWarning: Step size file reading not yet implemented: ConfigFiles/Sensitivity.2Det
  self.detection_sensitivity = self._read_step_size_file(
/Users/sfli/Research/IceNine/icenine_py/icenine/experiment_setup.py:303: UserWarning: Step size file reading not yet implemented: ConfigFiles/Constrain.2L
  self.optimization_constrains = self._read_step_size_file(
/Users/sfli/Research/IceNine/icenine_py/icenine/experiment_setup.py:502: UserWarning: Gimbal lock detected. Setting third angle to zero since it is not possible to uniquely determine all angles.
  sample.rotate(
/Users/sfli/Research/IceNine/icenine_py/icenine/experiment_setup.py:293: UserWarning: Step size file reading not yet implemented: ConfigFiles/Optimization.2Det
  self.optimization_info = self._read_step_size_file(
/Users/sfli/Research/IceNine/icenine_py/icenine/experiment_setup.py:298: UserWarning: Step size file reading not yet implemented: ConfigFiles/Sensitivity.2Det
  self.detection_sensitivity = self._read_step_size_file(
/Users/sfli/Research/IceNine/icenine_py/icenine/experiment_setup.py:303: UserWarning: Step size file reading not yet implemented: ConfigFiles/Constrain.2L
  self.optimization_constrains = self._read_step_size_file(
/Users/sfli/Research/IceNine/icenine_py/icenine/experiment_setup.py:502: UserWarning: Gimbal lock detected. Setting third angle to zero since it is not possible to uniquely determine all angles.
  sample.rotate(
/Users/sfli/Research/IceNine/icenine_py/icenine/experiment_setup.py:293: UserWarning: Step size file reading not yet implemented: ConfigFiles/Optimization.2Det
  self.optimization_info = self._read_step_size_file(
/Users/sfli/Research/IceNine/icenine_py/icenine/experiment_setup.py:298: UserWarning: Step size file reading not yet implemented: ConfigFiles/Sensitivity.2Det
  self.detection_sensitivity = self._read_step_size_file(
/Users/sfli/Research/IceNine/icenine_py/icenine/experiment_setup.py:303: UserWarning: Step size file reading not yet implemented: ConfigFiles/Constrain.2L
  self.optimization_constrains = self._read_step_size_file(
/Users/sfli/Research/IceNine/icenine_py/icenine/experiment_setup.py:502: UserWarning: Gimbal lock detected. Setting third angle to zero since it is not possible to uniquely determine all angles.
  sample.rotate(
/Users/sfli/Research/IceNine/icenine_py/icenine/experiment_setup.py:293: UserWarning: Step size file reading not yet implemented: ConfigFiles/Optimization.2Det
  self.optimization_info = self._read_step_size_file(
/Users/sfli/Research/IceNine/icenine_py/icenine/experiment_setup.py:298: UserWarning: Step size file reading not yet implemented: ConfigFiles/Sensitivity.2Det
  self.detection_sensitivity = self._read_step_size_file(
/Users/sfli/Research/IceNine/icenine_py/icenine/experiment_setup.py:303: UserWarning: Step size file reading not yet implemented: ConfigFiles/Constrain.2L
  self.optimization_constrains = self._read_step_size_file(
/Users/sfli/Research/IceNine/icenine_py/icenine/experiment_setup.py:502: UserWarning: Gimbal lock detected. Setting third angle to zero since it is not possible to uniquely determine all angles.
  sample.rotate(
  [H3 1/500] voxel 7336 r#9 done in 17s (20s total)
  [H3 2/500] voxel 7336 r#8 done in 41s (43s total)
  [H3 3/500] voxel 7336 r#2 done in 45s (48s total)
  [H3 4/500] voxel 7336 r#0 done in 47s (50s total)
  [H3 5/500] voxel 7336 r#5 done in 50s (52s total)
  [H3 6/500] voxel 7336 r#4 done in 51s (54s total)
  [H3 7/500] voxel 7336 r#6 done in 51s (54s total)
  [H3 8/500] voxel 7336 r#3 done in 52s (55s total)
  [H3 9/500] voxel 7336 r#7 done in 53s (56s total)
  [H3 10/500] voxel 7336 r#1 done in 56s (59s total)
  [H3 11/500] voxel 3108 r#9 done in 22s (80s total)
  [H3 12/500] voxel 3108 r#0 done in 60s (80s total)
  [H3 13/500] voxel 3108 r#2 done in 49s (96s total)
  [H3 14/500] voxel 3108 r#4 done in 46s (98s total)
  [H3 15/500] voxel 3108 r#1 done in 59s (102s total)
  [H3 16/500] voxel 3108 r#8 done in 48s (104s total)
  [H3 17/500] voxel 3108 r#5 done in 53s (107s total)
  [H3 18/500] voxel 3108 r#3 done in 57s (107s total)
  [H3 19/500] voxel 3108 r#7 done in 53s (108s total)
  [H3 20/500] voxel 3108 r#6 done in 62s (116s total)
  [H3 21/500] voxel 2910 r#9 done in 26s (142s total)
  [H3 22/500] voxel 2910 r#0 done in 68s (148s total)
  [H3 23/500] voxel 2910 r#1 done in 71s (151s total)
  [H3 24/500] voxel 2910 r#2 done in 56s (152s total)
  [H3 25/500] voxel 2910 r#7 done in 52s (159s total)
  [H3 26/500] voxel 2910 r#5 done in 62s (166s total)
  [H3 27/500] voxel 2910 r#3 done in 71s (169s total)
  [H3 28/500] voxel 2910 r#8 done in 61s (169s total)
  [H3 29/500] voxel 2910 r#6 done in 64s (170s total)
  [H3 30/500] voxel 2910 r#4 done in 73s (175s total)
  [H3 31/500] voxel 16182 r#2 done in 42s (193s total)
  [H3 32/500] voxel 16182 r#0 done in 51s (194s total)
  [H3 33/500] voxel 16182 r#3 done in 43s (195s total)
  [H3 34/500] voxel 16182 r#1 done in 49s (197s total)
  [H3 35/500] voxel 16182 r#9 done in 35s (210s total)
  [H3 36/500] voxel 16182 r#6 done in 47s (216s total)
  [H3 37/500] voxel 16182 r#5 done in 52s (218s total)
  [H3 38/500] voxel 16182 r#8 done in 48s (219s total)
  [H3 39/500] voxel 16182 r#4 done in 61s (220s total)
  [H3 40/500] voxel 16182 r#7 done in 51s (220s total)
  [H3 41/500] voxel 16269 r#0 done in 28s (221s total)
  [H3 42/500] voxel 16269 r#1 done in 28s (222s total)
  [H3 43/500] voxel 16269 r#2 done in 31s (226s total)
  [H3 44/500] voxel 16269 r#3 done in 30s (227s total)
  [H3 45/500] voxel 16269 r#9 done in 14s (234s total)
  [H3 46/500] voxel 16269 r#4 done in 31s (240s total)
  [H3 47/500] voxel 16269 r#5 done in 29s (244s total)
  [H3 48/500] voxel 16269 r#8 done in 26s (245s total)
  [H3 49/500] voxel 16269 r#6 done in 27s (245s total)
  [H3 50/500] voxel 16269 r#7 done in 28s (247s total)
  [H3 51/500] voxel 21356 r#9 done in 19s (266s total)
  [H3 52/500] voxel 21356 r#2 done in 45s (270s total)
  [H3 53/500] voxel 21356 r#0 done in 54s (275s total)
  [H3 54/500] voxel 21356 r#1 done in 54s (275s total)
  [H3 55/500] voxel 21356 r#4 done in 45s (279s total)
  [H3 56/500] voxel 21356 r#3 done in 54s (281s total)
  [H3 57/500] voxel 21356 r#5 done in 51s (291s total)
  [H3 58/500] voxel 21356 r#6 done in 50s (294s total)
  [H3 59/500] voxel 21356 r#7 done in 51s (296s total)
  [H3 60/500] voxel 21356 r#8 done in 54s (299s total)
  [H3 61/500] voxel 20406 r#0 done in 45s (311s total)
  [H3 62/500] voxel 20406 r#3 done in 41s (317s total)
  [H3 63/500] voxel 20406 r#4 done in 41s (320s total)
  [H3 64/500] voxel 20406 r#1 done in 50s (320s total)
  [H3 65/500] voxel 20406 r#5 done in 39s (320s total)
  [H3 66/500] voxel 20406 r#2 done in 46s (321s total)
  [H3 67/500] voxel 20406 r#9 done in 28s (328s total)
  [H3 68/500] voxel 20406 r#7 done in 42s (336s total)
  [H3 69/500] voxel 20406 r#6 done in 53s (344s total)
  [H3 70/500] voxel 20406 r#8 done in 48s (344s total)
  [H3 71/500] voxel 20206 r#0 done in 39s (350s total)
  [H3 72/500] voxel 20206 r#1 done in 40s (357s total)
  [H3 73/500] voxel 20206 r#2 done in 41s (361s total)
  [H3 74/500] voxel 20206 r#3 done in 42s (362s total)
  [H3 75/500] voxel 20206 r#4 done in 42s (362s total)
  [H3 76/500] voxel 20206 r#5 done in 44s (365s total)
  [H3 77/500] voxel 20206 r#6 done in 39s (367s total)
  [H3 78/500] voxel 20206 r#7 done in 39s (375s total)
  [H3 79/500] voxel 20206 r#9 done in 31s (376s total)
  [H3 80/500] voxel 3142 r#0 done in 32s (382s total)
  [H3 81/500] voxel 3142 r#1 done in 35s (392s total)
  [H3 82/500] voxel 20206 r#8 done in 51s (395s total)
  [H3 83/500] voxel 3142 r#4 done in 35s (397s total)
  [H3 84/500] voxel 3142 r#3 done in 36s (398s total)
  [H3 85/500] voxel 3142 r#9 done in 15s (398s total)
  [H3 86/500] voxel 3142 r#2 done in 40s (402s total)
  [H3 87/500] voxel 3142 r#5 done in 38s (403s total)
  [H3 88/500] voxel 3142 r#6 done in 37s (403s total)
  [H3 89/500] voxel 3142 r#8 done in 35s (411s total)
  [H3 90/500] voxel 3142 r#7 done in 37s (412s total)
  [H3 91/500] voxel 20480 r#0 done in 34s (425s total)
  [H3 92/500] voxel 20480 r#9 done in 14s (426s total)
  [H3 93/500] voxel 20480 r#2 done in 31s (427s total)
  [H3 94/500] voxel 20480 r#1 done in 33s (428s total)
  [H3 95/500] voxel 20480 r#3 done in 33s (430s total)
  [H3 96/500] voxel 20480 r#4 done in 34s (432s total)
  [H3 97/500] voxel 20480 r#7 done in 32s (435s total)
  [H3 98/500] voxel 20480 r#6 done in 34s (437s total)
  [H3 99/500] voxel 20480 r#5 done in 35s (437s total)
  [H3 100/500] voxel 20480 r#8 done in 36s (447s total)
  [H3 101/500] voxel 2177 r#0 done in 29s (455s total)
  [H3 102/500] voxel 2177 r#1 done in 29s (456s total)
  [H3 103/500] voxel 2177 r#3 done in 31s (459s total)
  [H3 104/500] voxel 2177 r#4 done in 29s (459s total)
  [H3 105/500] voxel 2177 r#2 done in 32s (460s total)
  [H3 106/500] voxel 2177 r#5 done in 30s (462s total)
  [H3 107/500] voxel 2177 r#6 done in 30s (466s total)
  [H3 108/500] voxel 2177 r#7 done in 29s (466s total)
  [H3 109/500] voxel 2177 r#8 done in 30s (467s total)
  [H3 110/500] voxel 2177 r#9 done in 23s (469s total)
  [H3 111/500] voxel 13884 r#9 done in 29s (498s total)
  [H3 112/500] voxel 13884 r#2 done in 41s (500s total)
  [H3 113/500] voxel 13884 r#3 done in 41s (500s total)
  [H3 114/500] voxel 13884 r#0 done in 47s (502s total)
  [H3 115/500] voxel 13884 r#1 done in 47s (503s total)
  [H3 116/500] voxel 13884 r#5 done in 43s (504s total)
  [H3 117/500] voxel 13884 r#6 done in 40s (506s total)
  [H3 118/500] voxel 13884 r#4 done in 46s (506s total)
  [H3 119/500] voxel 13884 r#7 done in 41s (507s total)
  [H3 120/500] voxel 13884 r#8 done in 44s (511s total)
  [H3 121/500] voxel 10531 r#3 done in 40s (542s total)
  [H3 122/500] voxel 10531 r#1 done in 49s (549s total)
  [H3 123/500] voxel 10531 r#2 done in 50s (550s total)
  [H3 124/500] voxel 10531 r#6 done in 47s (553s total)
  [H3 125/500] voxel 10531 r#9 done in 44s (555s total)
  [H3 126/500] voxel 10531 r#0 done in 60s (559s total)
  [H3 127/500] voxel 10531 r#4 done in 58s (561s total)
  [H3 128/500] voxel 10531 r#7 done in 61s (567s total)
  [H3 129/500] voxel 10531 r#8 done in 61s (568s total)
  [H3 130/500] voxel 10531 r#5 done in 67s (571s total)
  [H3 131/500] voxel 16905 r#0 done in 52s (594s total)
  [H3 132/500] voxel 16905 r#1 done in 55s (604s total)
  [H3 133/500] voxel 16905 r#4 done in 50s (605s total)
  [H3 134/500] voxel 16905 r#2 done in 56s (606s total)
  [H3 135/500] voxel 16905 r#9 done in 37s (608s total)
  [H3 136/500] voxel 16905 r#6 done in 51s (613s total)
  [H3 137/500] voxel 16905 r#3 done in 65s (618s total)
  [H3 138/500] voxel 16905 r#5 done in 62s (621s total)
  [H3 139/500] voxel 16905 r#8 done in 57s (625s total)
  [H3 140/500] voxel 16905 r#7 done in 68s (635s total)
  [H3 141/500] voxel 17451 r#0 done in 42s (636s total)
  [H3 142/500] voxel 17451 r#2 done in 43s (648s total)
  [H3 143/500] voxel 17451 r#1 done in 46s (650s total)
  [H3 144/500] voxel 17451 r#4 done in 42s (651s total)
  [H3 145/500] voxel 17451 r#3 done in 46s (651s total)
  [H3 146/500] voxel 17451 r#9 done in 16s (652s total)
  [H3 147/500] voxel 17451 r#5 done in 48s (660s total)
  [H3 148/500] voxel 17451 r#6 done in 47s (665s total)
  [H3 149/500] voxel 17451 r#8 done in 44s (670s total)
  [H3 150/500] voxel 17451 r#7 done in 53s (674s total)
  [H3 151/500] voxel 24550 r#0 done in 62s (698s total)
  [H3 152/500] voxel 24550 r#1 done in 51s (699s total)
  [H3 153/500] voxel 24550 r#9 done in 26s (700s total)
  [H3 154/500] voxel 24550 r#4 done in 50s (702s total)
  [H3 155/500] voxel 24550 r#3 done in 54s (704s total)
  [H3 156/500] voxel 24550 r#5 done in 58s (709s total)
  [H3 157/500] voxel 24550 r#6 done in 50s (711s total)
  [H3 158/500] voxel 24550 r#2 done in 64s (714s total)
  [H3 159/500] voxel 24550 r#8 done in 56s (725s total)
  [H3 160/500] voxel 24550 r#7 done in 66s (731s total)
  [H3 161/500] voxel 1053 r#0 done in 35s (733s total)
  [H3 162/500] voxel 1053 r#1 done in 37s (736s total)
  [H3 163/500] voxel 1053 r#3 done in 36s (737s total)
  [H3 164/500] voxel 1053 r#2 done in 40s (740s total)
  [H3 165/500] voxel 1053 r#4 done in 35s (740s total)
  [H3 166/500] voxel 1053 r#6 done in 34s (745s total)
  [H3 167/500] voxel 1053 r#5 done in 41s (750s total)
  [H3 168/500] voxel 1053 r#7 done in 39s (752s total)
  [H3 169/500] voxel 1053 r#9 done in 27s (758s total)
  [H3 170/500] voxel 1053 r#8 done in 37s (762s total)
  [H3 171/500] voxel 14217 r#0 done in 37s (770s total)
  [H3 172/500] voxel 14217 r#9 done in 15s (777s total)
  [H3 173/500] voxel 14217 r#2 done in 41s (778s total)
  [H3 174/500] voxel 14217 r#1 done in 46s (781s total)
  [H3 175/500] voxel 14217 r#3 done in 49s (789s total)
  [H3 176/500] voxel 14217 r#4 done in 51s (790s total)
  [H3 177/500] voxel 14217 r#5 done in 46s (791s total)
  [H3 178/500] voxel 14217 r#6 done in 43s (793s total)
  [H3 179/500] voxel 14217 r#7 done in 43s (795s total)
  [H3 180/500] voxel 18541 r#0 done in 39s (809s total)
  [H3 181/500] voxel 14217 r#8 done in 52s (810s total)
  [H3 182/500] voxel 18541 r#1 done in 35s (811s total)
  [H3 183/500] voxel 18541 r#2 done in 42s (820s total)
  [H3 184/500] voxel 18541 r#3 done in 45s (826s total)
  [H3 185/500] voxel 18541 r#4 done in 38s (826s total)
  [H3 186/500] voxel 18541 r#8 done in 34s (829s total)
  [H3 187/500] voxel 18541 r#9 done in 20s (829s total)
  [H3 188/500] voxel 18541 r#7 done in 37s (830s total)
  [H3 189/500] voxel 18541 r#6 done in 40s (831s total)
  [H3 190/500] voxel 18541 r#5 done in 43s (833s total)
  [H3 191/500] voxel 3866 r#9 done in 32s (865s total)
  [H3 192/500] voxel 3866 r#0 done in 59s (869s total)
  [H3 193/500] voxel 3866 r#1 done in 59s (870s total)
  [H3 194/500] voxel 3866 r#4 done in 53s (879s total)
  [H3 195/500] voxel 3866 r#2 done in 64s (884s total)
  [H3 196/500] voxel 3866 r#7 done in 56s (886s total)
  [H3 197/500] voxel 3866 r#6 done in 61s (890s total)
  [H3 198/500] voxel 3866 r#8 done in 60s (891s total)
  [H3 199/500] voxel 3866 r#5 done in 65s (894s total)
  [H3 200/500] voxel 3866 r#3 done in 71s (897s total)
  [H3 201/500] voxel 2489 r#0 done in 47s (912s total)
  [H3 202/500] voxel 2489 r#2 done in 48s (918s total)
  [H3 203/500] voxel 2489 r#1 done in 55s (925s total)
  [H3 204/500] voxel 2489 r#9 done in 31s (928s total)
  [H3 205/500] voxel 2489 r#3 done in 50s (929s total)
  [H3 206/500] voxel 2489 r#4 done in 45s (930s total)
  [H3 207/500] voxel 2489 r#6 done in 50s (940s total)
  [H3 208/500] voxel 2489 r#5 done in 57s (943s total)
  [H3 209/500] voxel 2489 r#7 done in 53s (944s total)
  [H3 210/500] voxel 2489 r#8 done in 53s (947s total)
  [H3 211/500] voxel 9484 r#0 done in 46s (958s total)
  [H3 212/500] voxel 9484 r#1 done in 44s (963s total)
  [H3 213/500] voxel 9484 r#2 done in 39s (964s total)
  [H3 214/500] voxel 9484 r#5 done in 37s (966s total)
  [H3 215/500] voxel 9484 r#4 done in 44s (973s total)
  [H3 216/500] voxel 9484 r#3 done in 47s (974s total)
  [H3 217/500] voxel 9484 r#9 done in 28s (975s total)
  [H3 218/500] voxel 9484 r#6 done in 44s (983s total)
  [H3 219/500] voxel 9484 r#7 done in 46s (989s total)
  [H3 220/500] voxel 9484 r#8 done in 48s (992s total)
  [H3 221/500] voxel 7109 r#0 done in 56s (1013s total)
  [H3 222/500] voxel 7109 r#1 done in 51s (1014s total)
  [H3 223/500] voxel 7109 r#3 done in 49s (1016s total)
  [H3 224/500] voxel 7109 r#2 done in 57s (1021s total)
  [H3 225/500] voxel 7109 r#9 done in 32s (1024s total)
  [H3 226/500] voxel 7109 r#5 done in 52s (1026s total)
  [H3 227/500] voxel 7109 r#6 done in 54s (1029s total)
  [H3 228/500] voxel 7109 r#4 done in 57s (1030s total)
  [H3 229/500] voxel 7109 r#7 done in 57s (1040s total)
  [H3 230/500] voxel 7109 r#8 done in 51s (1040s total)
  [H3 231/500] voxel 970 r#1 done in 30s (1044s total)
  [H3 232/500] voxel 970 r#0 done in 31s (1044s total)
  [H3 233/500] voxel 970 r#2 done in 33s (1049s total)
  [H3 234/500] voxel 970 r#3 done in 35s (1055s total)
  [H3 235/500] voxel 970 r#4 done in 33s (1057s total)
  [H3 236/500] voxel 970 r#5 done in 34s (1060s total)
  [H3 237/500] voxel 970 r#7 done in 30s (1060s total)
  [H3 238/500] voxel 970 r#6 done in 31s (1061s total)
  [H3 239/500] voxel 970 r#9 done in 28s (1068s total)
  [H3 240/500] voxel 970 r#8 done in 31s (1071s total)
  [H3 241/500] voxel 19705 r#1 done in 42s (1086s total)
  [H3 242/500] voxel 19705 r#0 done in 52s (1096s total)
  [H3 243/500] voxel 19705 r#9 done in 27s (1098s total)
  [H3 244/500] voxel 19705 r#5 done in 51s (1111s total)
  [H3 245/500] voxel 19705 r#6 done in 53s (1113s total)
  [H3 246/500] voxel 19705 r#4 done in 57s (1114s total)
  [H3 247/500] voxel 19705 r#2 done in 67s (1116s total)
  [H3 248/500] voxel 19705 r#3 done in 64s (1119s total)
  [H3 249/500] voxel 19705 r#7 done in 62s (1123s total)
  [H3 250/500] voxel 19705 r#8 done in 65s (1133s total)
  [H3 251/500] voxel 9001 r#0 done in 60s (1146s total)
  [H3 252/500] voxel 9001 r#2 done in 61s (1159s total)
  [H3 253/500] voxel 9001 r#1 done in 65s (1161s total)
  [H3 254/500] voxel 9001 r#9 done in 29s (1162s total)
  [H3 255/500] voxel 9001 r#4 done in 54s (1167s total)
  [H3 256/500] voxel 9001 r#3 done in 60s (1171s total)
  [H3 257/500] voxel 9001 r#5 done in 59s (1173s total)
  [H3 258/500] voxel 13074 r#0 done in 30s (1176s total)
  [H3 259/500] voxel 9001 r#6 done in 61s (1177s total)
  [H3 260/500] voxel 9001 r#8 done in 59s (1182s total)
  [H3 261/500] voxel 9001 r#7 done in 69s (1189s total)
  [H3 262/500] voxel 13074 r#1 done in 30s (1189s total)
  [H3 263/500] voxel 13074 r#2 done in 30s (1191s total)
  [H3 264/500] voxel 13074 r#3 done in 33s (1195s total)
  [H3 265/500] voxel 13074 r#4 done in 29s (1196s total)
  [H3 266/500] voxel 13074 r#5 done in 34s (1205s total)
  [H3 267/500] voxel 13074 r#7 done in 30s (1206s total)
  [H3 268/500] voxel 13074 r#6 done in 34s (1206s total)
  [H3 269/500] voxel 13074 r#9 done in 27s (1208s total)
  [H3 270/500] voxel 13074 r#8 done in 32s (1209s total)
  [H3 271/500] voxel 12213 r#9 done in 26s (1234s total)
  [H3 272/500] voxel 12213 r#1 done in 50s (1239s total)
  [H3 273/500] voxel 12213 r#3 done in 46s (1241s total)
  [H3 274/500] voxel 12213 r#2 done in 57s (1249s total)
  [H3 275/500] voxel 12213 r#0 done in 61s (1249s total)
  [H3 276/500] voxel 12213 r#4 done in 59s (1255s total)
  [H3 277/500] voxel 12213 r#6 done in 55s (1261s total)
  [H3 278/500] voxel 12213 r#8 done in 58s (1266s total)
  [H3 279/500] voxel 12213 r#5 done in 64s (1269s total)
  [H3 280/500] voxel 12213 r#7 done in 69s (1275s total)
  [H3 281/500] voxel 14240 r#1 done in 58s (1297s total)
  [H3 282/500] voxel 14240 r#0 done in 64s (1298s total)
  [H3 283/500] voxel 14240 r#2 done in 59s (1300s total)
  [H3 284/500] voxel 14240 r#3 done in 54s (1303s total)
  [H3 285/500] voxel 14240 r#9 done in 29s (1304s total)
  [H3 286/500] voxel 14240 r#4 done in 59s (1308s total)
  [H3 287/500] voxel 14240 r#7 done in 49s (1315s total)
  [H3 288/500] voxel 14240 r#6 done in 57s (1318s total)
  [H3 289/500] voxel 14240 r#5 done in 81s (1335s total)
  [H3 290/500] voxel 14240 r#8 done in 67s (1336s total)
  [H3 291/500] voxel 121 r#0 done in 50s (1347s total)
  [H3 292/500] voxel 121 r#2 done in 51s (1351s total)
  [H3 293/500] voxel 121 r#1 done in 54s (1352s total)
  [H3 294/500] voxel 121 r#3 done in 50s (1353s total)
  [H3 295/500] voxel 121 r#5 done in 50s (1358s total)
  [H3 296/500] voxel 121 r#9 done in 31s (1367s total)
  [H3 297/500] voxel 121 r#4 done in 65s (1370s total)
  [H3 298/500] voxel 121 r#6 done in 57s (1373s total)
  [H3 299/500] voxel 121 r#7 done in 57s (1375s total)
  [H3 300/500] voxel 13850 r#0 done in 39s (1387s total)
  [H3 301/500] voxel 121 r#8 done in 54s (1390s total)
  [H3 302/500] voxel 13850 r#1 done in 40s (1391s total)
  [H3 303/500] voxel 13850 r#2 done in 46s (1397s total)
  [H3 304/500] voxel 13850 r#4 done in 41s (1399s total)
  [H3 305/500] voxel 13850 r#3 done in 49s (1402s total)
  [H3 306/500] voxel 13850 r#5 done in 37s (1404s total)
  [H3 307/500] voxel 13850 r#9 done in 26s (1412s total)
  [H3 308/500] voxel 13850 r#7 done in 41s (1414s total)
  [H3 309/500] voxel 13850 r#6 done in 46s (1415s total)
  [H3 310/500] voxel 13850 r#8 done in 43s (1418s total)
  [H3 311/500] voxel 2347 r#9 done in 18s (1435s total)
  [H3 312/500] voxel 2347 r#1 done in 51s (1443s total)
  [H3 313/500] voxel 2347 r#0 done in 57s (1447s total)
  [H3 314/500] voxel 2347 r#4 done in 50s (1452s total)
  [H3 315/500] voxel 2347 r#2 done in 56s (1453s total)
  [H3 316/500] voxel 2347 r#5 done in 51s (1455s total)
  [H3 317/500] voxel 2347 r#8 done in 42s (1457s total)
  [H3 318/500] voxel 2347 r#6 done in 46s (1458s total)
  [H3 319/500] voxel 2347 r#3 done in 69s (1468s total)
  [H3 320/500] voxel 9150 r#0 done in 38s (1474s total)
  [H3 321/500] voxel 2347 r#7 done in 64s (1478s total)
  [H3 322/500] voxel 9150 r#1 done in 40s (1483s total)
  [H3 323/500] voxel 9150 r#2 done in 39s (1486s total)
  [H3 324/500] voxel 9150 r#4 done in 34s (1487s total)
  [H3 325/500] voxel 9150 r#3 done in 37s (1489s total)
  [H3 326/500] voxel 9150 r#7 done in 36s (1493s total)
  [H3 327/500] voxel 9150 r#6 done in 37s (1494s total)
  [H3 328/500] voxel 9150 r#9 done in 22s (1495s total)
  [H3 329/500] voxel 9150 r#5 done in 48s (1503s total)
  [H3 330/500] voxel 9150 r#8 done in 37s (1505s total)
  [H3 331/500] voxel 5384 r#0 done in 42s (1520s total)
  [H3 332/500] voxel 5384 r#1 done in 41s (1524s total)
  [H3 333/500] voxel 5384 r#2 done in 39s (1525s total)
  [H3 334/500] voxel 5384 r#3 done in 41s (1528s total)
  [H3 335/500] voxel 5384 r#4 done in 43s (1533s total)
  [H3 336/500] voxel 5384 r#9 done in 31s (1536s total)
  [H3 337/500] voxel 5384 r#5 done in 43s (1537s total)
  [H3 338/500] voxel 5384 r#7 done in 42s (1538s total)
  [H3 339/500] voxel 5384 r#6 done in 47s (1542s total)
  [H3 340/500] voxel 5384 r#8 done in 49s (1552s total)
  [H3 341/500] voxel 19089 r#2 done in 44s (1569s total)
  [H3 342/500] voxel 19089 r#0 done in 50s (1570s total)
  [H3 343/500] voxel 19089 r#1 done in 49s (1572s total)
  [H3 344/500] voxel 19089 r#9 done in 23s (1575s total)
  [H3 345/500] voxel 19089 r#5 done in 44s (1580s total)
  [H3 346/500] voxel 19089 r#3 done in 54s (1581s total)
  [H3 347/500] voxel 19089 r#4 done in 50s (1582s total)
  [H3 348/500] voxel 19089 r#6 done in 51s (1588s total)
  [H3 349/500] voxel 19089 r#7 done in 53s (1590s total)
  [H3 350/500] voxel 19089 r#8 done in 55s (1596s total)
  [H3 351/500] voxel 21741 r#0 done in 46s (1615s total)
  [H3 352/500] voxel 21741 r#9 done in 21s (1618s total)
  [H3 353/500] voxel 21741 r#2 done in 47s (1619s total)
  [H3 354/500] voxel 21741 r#1 done in 50s (1621s total)
  [H3 355/500] voxel 21741 r#3 done in 47s (1622s total)
  [H3 356/500] voxel 21741 r#4 done in 47s (1628s total)
  [H3 357/500] voxel 21741 r#6 done in 46s (1628s total)
  [H3 358/500] voxel 21741 r#5 done in 49s (1631s total)
  [H3 359/500] voxel 21741 r#7 done in 47s (1635s total)
  [H3 360/500] voxel 21741 r#8 done in 46s (1636s total)
  [H3 361/500] voxel 7723 r#1 done in 39s (1656s total)
  [H3 362/500] voxel 7723 r#4 done in 35s (1657s total)
  [H3 363/500] voxel 7723 r#2 done in 38s (1657s total)
  [H3 364/500] voxel 7723 r#0 done in 45s (1660s total)
  [H3 365/500] voxel 7723 r#9 done in 25s (1662s total)
  [H3 366/500] voxel 7723 r#6 done in 36s (1665s total)
  [H3 367/500] voxel 7723 r#5 done in 40s (1667s total)
  [H3 368/500] voxel 7723 r#3 done in 47s (1668s total)
  [H3 369/500] voxel 7723 r#7 done in 41s (1671s total)
  [H3 370/500] voxel 7723 r#8 done in 39s (1674s total)
  [H3 371/500] voxel 9421 r#2 done in 39s (1697s total)
  [H3 372/500] voxel 9421 r#4 done in 39s (1701s total)
  [H3 373/500] voxel 9421 r#0 done in 45s (1701s total)
  [H3 374/500] voxel 9421 r#3 done in 44s (1704s total)
  [H3 375/500] voxel 9421 r#5 done in 41s (1705s total)
  [H3 376/500] voxel 9421 r#9 done in 32s (1706s total)
  [H3 377/500] voxel 9421 r#1 done in 50s (1706s total)
  [H3 378/500] voxel 9421 r#6 done in 42s (1710s total)
  [H3 379/500] voxel 9421 r#7 done in 43s (1710s total)
  [H3 380/500] voxel 9421 r#8 done in 41s (1712s total)
  [H3 381/500] voxel 24474 r#9 done in 34s (1746s total)
  [H3 382/500] voxel 24474 r#2 done in 52s (1753s total)
  [H3 383/500] voxel 24474 r#0 done in 59s (1756s total)
  [H3 384/500] voxel 24474 r#1 done in 56s (1756s total)
  [H3 385/500] voxel 24474 r#6 done in 50s (1757s total)
  [H3 386/500] voxel 24474 r#5 done in 56s (1762s total)
  [H3 387/500] voxel 24474 r#3 done in 60s (1764s total)
  [H3 388/500] voxel 24474 r#7 done in 60s (1769s total)
  [H3 389/500] voxel 24474 r#8 done in 63s (1773s total)
  [H3 390/500] voxel 24474 r#4 done in 74s (1779s total)
  [H3 391/500] voxel 8383 r#0 done in 42s (1789s total)
  [H3 392/500] voxel 8383 r#1 done in 36s (1789s total)
  [H3 393/500] voxel 8383 r#9 done in 14s (1793s total)
  [H3 394/500] voxel 8383 r#3 done in 41s (1797s total)
  [H3 395/500] voxel 8383 r#2 done in 44s (1799s total)
  [H3 396/500] voxel 8383 r#4 done in 46s (1802s total)
  [H3 397/500] voxel 8383 r#5 done in 43s (1804s total)
  [H3 398/500] voxel 8383 r#6 done in 46s (1810s total)
  [H3 399/500] voxel 8383 r#7 done in 44s (1813s total)
  [H3 400/500] voxel 8383 r#8 done in 45s (1817s total)
  [H3 401/500] voxel 12695 r#1 done in 35s (1824s total)
  [H3 402/500] voxel 12695 r#0 done in 36s (1825s total)
  [H3 403/500] voxel 12695 r#2 done in 34s (1827s total)
  [H3 404/500] voxel 12695 r#3 done in 34s (1831s total)
  [H3 405/500] voxel 12695 r#4 done in 35s (1835s total)
  [H3 406/500] voxel 12695 r#5 done in 35s (1837s total)
  [H3 407/500] voxel 12695 r#6 done in 34s (1838s total)
  [H3 408/500] voxel 12695 r#9 done in 27s (1845s total)
  [H3 409/500] voxel 12695 r#7 done in 38s (1848s total)
  [H3 410/500] voxel 12695 r#8 done in 36s (1849s total)
  [H3 411/500] voxel 11143 r#9 done in 23s (1872s total)
  [H3 412/500] voxel 11143 r#2 done in 47s (1874s total)
  [H3 413/500] voxel 11143 r#0 done in 51s (1875s total)
  [H3 414/500] voxel 11143 r#3 done in 49s (1880s total)
  [H3 415/500] voxel 11143 r#1 done in 61s (1886s total)
  [H3 416/500] voxel 11143 r#4 done in 53s (1888s total)
  [H3 417/500] voxel 11143 r#6 done in 52s (1890s total)
  [H3 418/500] voxel 11143 r#7 done in 52s (1897s total)
  [H3 419/500] voxel 11143 r#5 done in 63s (1900s total)
  [H3 420/500] voxel 11143 r#8 done in 59s (1907s total)
  [H3 421/500] voxel 17771 r#2 done in 40s (1915s total)
  [H3 422/500] voxel 17771 r#3 done in 38s (1918s total)
  [H3 423/500] voxel 17771 r#0 done in 46s (1919s total)
  [H3 424/500] voxel 17771 r#1 done in 45s (1919s total)
  [H3 425/500] voxel 17771 r#4 done in 35s (1921s total)
  [H3 426/500] voxel 17771 r#9 done in 21s (1928s total)
  [H3 427/500] voxel 17771 r#5 done in 41s (1929s total)
  [H3 428/500] voxel 17771 r#6 done in 47s (1936s total)
  [H3 429/500] voxel 17771 r#7 done in 43s (1940s total)
  [H3 430/500] voxel 17771 r#8 done in 45s (1945s total)
  [H3 431/500] voxel 2943 r#0 done in 50s (1965s total)
  [H3 432/500] voxel 2943 r#9 done in 22s (1967s total)
  [H3 433/500] voxel 2943 r#1 done in 50s (1968s total)
  [H3 434/500] voxel 2943 r#4 done in 55s (1976s total)
  [H3 435/500] voxel 2943 r#2 done in 58s (1977s total)
  [H3 436/500] voxel 2943 r#3 done in 64s (1983s total)
  [H3 437/500] voxel 2943 r#7 done in 52s (1988s total)
  [H3 438/500] voxel 2943 r#8 done in 51s (1991s total)
  [H3 439/500] voxel 2943 r#5 done in 63s (1991s total)
  [H3 440/500] voxel 2943 r#6 done in 64s (1993s total)
  [H3 441/500] voxel 8787 r#1 done in 38s (2005s total)
  [H3 442/500] voxel 8787 r#0 done in 47s (2012s total)
  [H3 443/500] voxel 8787 r#2 done in 54s (2022s total)
  [H3 444/500] voxel 8787 r#4 done in 46s (2022s total)
  [H3 445/500] voxel 8787 r#3 done in 48s (2024s total)
  [H3 446/500] voxel 8787 r#9 done in 34s (2026s total)
  [H3 447/500] voxel 8787 r#5 done in 43s (2026s total)
  [H3 448/500] voxel 8787 r#8 done in 43s (2034s total)
  [H3 449/500] voxel 8787 r#6 done in 48s (2036s total)
  [H3 450/500] voxel 8787 r#7 done in 54s (2045s total)
  [H3 451/500] voxel 3424 r#0 done in 42s (2047s total)
  [H3 452/500] voxel 3424 r#1 done in 35s (2047s total)
  [H3 453/500] voxel 3424 r#3 done in 36s (2059s total)
  [H3 454/500] voxel 3424 r#2 done in 38s (2060s total)
  [H3 455/500] voxel 3424 r#5 done in 37s (2063s total)
  [H3 456/500] voxel 3424 r#4 done in 40s (2063s total)
  [H3 457/500] voxel 3424 r#6 done in 37s (2064s total)
  [H3 458/500] voxel 3424 r#8 done in 32s (2067s total)
  [H3 459/500] voxel 3424 r#9 done in 23s (2068s total)
  [H3 460/500] voxel 3424 r#7 done in 36s (2070s total)
  [H3 461/500] voxel 14578 r#9 done in 19s (2089s total)
  [H3 462/500] voxel 14578 r#0 done in 45s (2092s total)
  [H3 463/500] voxel 14578 r#1 done in 47s (2094s total)
  [H3 464/500] voxel 14578 r#3 done in 41s (2101s total)
  [H3 465/500] voxel 14578 r#2 done in 45s (2104s total)
  [H3 466/500] voxel 14578 r#4 done in 42s (2105s total)
  [H3 467/500] voxel 14578 r#8 done in 41s (2110s total)
  [H3 468/500] voxel 14578 r#6 done in 48s (2112s total)
  [H3 469/500] voxel 14578 r#5 done in 49s (2113s total)
  [H3 470/500] voxel 14578 r#7 done in 47s (2114s total)
  [H3 471/500] voxel 21750 r#9 done in 17s (2131s total)
  [H3 472/500] voxel 21750 r#0 done in 56s (2145s total)
  [H3 473/500] voxel 21750 r#2 done in 55s (2150s total)
  [H3 474/500] voxel 21750 r#1 done in 62s (2154s total)
  [H3 475/500] voxel 21750 r#3 done in 58s (2160s total)
  [H3 476/500] voxel 21750 r#5 done in 56s (2161s total)
  [H3 477/500] voxel 19118 r#0 done in 31s (2162s total)
  [H3 478/500] voxel 21750 r#6 done in 53s (2162s total)
  [H3 479/500] voxel 21750 r#4 done in 59s (2163s total)
  [H3 480/500] voxel 21750 r#8 done in 55s (2168s total)
  [H3 481/500] voxel 21750 r#7 done in 58s (2170s total)
  [H3 482/500] voxel 19118 r#1 done in 32s (2177s total)
  [H3 483/500] voxel 19118 r#2 done in 30s (2180s total)
  [H3 484/500] voxel 19118 r#3 done in 32s (2185s total)
  [H3 485/500] voxel 19118 r#4 done in 29s (2188s total)
  [H3 486/500] voxel 19118 r#9 done in 22s (2190s total)
  [H3 487/500] voxel 19118 r#6 done in 30s (2192s total)
  [H3 488/500] voxel 19118 r#5 done in 32s (2193s total)
  [H3 489/500] voxel 19118 r#8 done in 32s (2194s total)
  [H3 490/500] voxel 19118 r#7 done in 36s (2198s total)
  [H3 491/500] voxel 11774 r#0 done in 33s (2203s total)
  [H3 492/500] voxel 11774 r#1 done in 34s (2211s total)
  [H3 493/500] voxel 11774 r#2 done in 37s (2217s total)
  [H3 494/500] voxel 11774 r#9 done in 20s (2218s total)
  [H3 495/500] voxel 11774 r#4 done in 33s (2221s total)
  [H3 496/500] voxel 11774 r#6 done in 30s (2222s total)
  [H3 497/500] voxel 11774 r#3 done in 38s (2223s total)
  [H3 498/500] voxel 11774 r#8 done in 30s (2224s total)
  [H3 499/500] voxel 11774 r#5 done in 35s (2225s total)
  [H3 500/500] voxel 11774 r#7 done in 34s (2227s total)
Loaded crystal structure from DataFiles/copper.dat: CrystalStructure(Cu, a=3.6100Å, SG=225)
Max Q calculated: 24.7872 Å⁻¹
Loaded crystal structure from DataFiles/copper.dat: CrystalStructure(Cu, a=3.6100Å, SG=225)
Max Q calculated: 24.7872 Å⁻¹
Loaded crystal structure from DataFiles/copper.dat: CrystalStructure(Cu, a=3.6100Å, SG=225)
Max Q calculated: 24.7872 Å⁻¹
Loaded crystal structure from DataFiles/copper.dat: CrystalStructure(Cu, a=3.6100Å, SG=225)
Max Q calculated: 24.7872 Å⁻¹
Loaded crystal structure from DataFiles/copper.dat: CrystalStructure(Cu, a=3.6100Å, SG=225)
Max Q calculated: 24.7872 Å⁻¹
Loaded crystal structure from DataFiles/copper.dat: CrystalStructure(Cu, a=3.6100Å, SG=225)
Max Q calculated: 24.7872 Å⁻¹
Loaded crystal structure from DataFiles/copper.dat: CrystalStructure(Cu, a=3.6100Å, SG=225)
Max Q calculated: 24.7872 Å⁻¹
Loaded crystal structure from DataFiles/copper.dat: CrystalStructure(Cu, a=3.6100Å, SG=225)
Max Q calculated: 24.7872 Å⁻¹
Loaded crystal structure from DataFiles/copper.dat: CrystalStructure(Cu, a=3.6100Å, SG=225)
Max Q calculated: 24.7872 Å⁻¹
Loaded crystal structure from DataFiles/copper.dat: CrystalStructure(Cu, a=3.6100Å, SG=225)
Max Q calculated: 24.7872 Å⁻¹
H3 finished; wall 2227s
saved /Users/sfli/Research/IceNine/icenine_py/benchmarks/nn_hybrid/H3_realistic_s1_all_raw.npz
